hospital_name,source_format,procedure,description,billing_class,modifiers,setting,payer_name,plan_name,gross_charge,price_type,resolved_price,reliability_flag
"Arthur M. Blank Hospital",csv_flat,"Cardiac Stress Test","Cardiac Stress Test","","",outpatient,"AMERIGROUP [102]","AMERIGROUP: AMBH PEACHCARE",2996.0,negotiated_dollar,1378.98,reliable
"Arthur M. Blank Hospital",csv_flat,"Cardiac Stress Test","Cardiac Stress Test","","",outpatient,"AMERIGROUP [102]","AMERIGROUP: AMBH MCAID",2996.0,negotiated_dollar,1378.98,reliable
"Arthur M. Blank Hospital",csv_flat,"Cardiac Stress Test","Cardiac Stress Test","","",outpatient,"CARESOURCE [61]","CARESOURCE: AMBH MCAID",2996.0,negotiated_dollar,1316.3,reliable
"Arthur M. Blank Hospital",csv_flat,"Cardiac Stress Test","Cardiac Stress Test","","",outpatient,"CARESOURCE [61]","CARESOURCE: AMBH PEACHCARE",2996.0,negotiated_dollar,1316.3,reliable
"Arthur M. Blank Hospital",csv_flat,"Cardiac Stress Test","Cardiac Stress Test","","",outpatient,"PEACHSTATE [43]","PEACH STATE: AMBH PEACHCARE",2996.0,negotiated_dollar,1280.33,reliable
"Arthur M. Blank Hospital",csv_flat,"Cardiac Stress Test","Cardiac Stress Test","","",outpatient,"PEACHSTATE [43]","PEACH STATE: AMBH MCAID",2996.0,negotiated_dollar,1280.33,reliable
"Arthur M. Blank Hospital",csv_flat,"Cardiac Stress Test","Cardiac Stress Test","","",outpatient,"AETNA [1]","AETNA HMO/POS & PPO: CHILDREN'S",2996.0,negotiated_dollar,2016.31,reliable
"Arthur M. Blank Hospital",csv_flat,"Cardiac Stress Test","Cardiac Stress Test","","",outpatient,"AMBETTER PEACHSTATE [227]","AMBETTER: CHILDREN'S",2996.0,negotiated_dollar,2005.82,reliable
"Arthur M. Blank Hospital",csv_flat,"Cardiac Stress Test","Cardiac Stress Test","","",outpatient,"BLUE CROSS [2]","BCBS HMO/PPO/POS: CHILDREN'S",2996.0,negotiated_dollar,1987.85,reliable
"Arthur M. Blank Hospital",csv_flat,"Cardiac Stress Test","Cardiac Stress Test","","",outpatient,"BLUE CROSS COMM/INDEMNITY [121]","BCBS PAR: CHILDREN'S",2996.0,negotiated_dollar,2924.7,reliable
"Arthur M. Blank Hospital",csv_flat,"Cardiac Stress Test","Cardiac Stress Test","","",outpatient,"CARESOURCE MARKETPLACE BRONZE/SILVER/GOLD [60]","CARESOURCE MARKETPLACE: CHILDREN'S",2996.0,negotiated_dollar,2035.78,reliable
"Arthur M. Blank Hospital",csv_flat,"Cardiac Stress Test","Cardiac Stress Test","","",outpatient,"CIGNA [3]","CIGNA HMO/POS & PPO: CHILDREN'S",2996.0,negotiated_dollar,1980.36,reliable
"Arthur M. Blank Hospital",csv_flat,"Cardiac Stress Test","Cardiac Stress Test","","",outpatient,"BEECH STREET [71]","BEECH STREET PPO: CHILDREN'S",2996.0,negotiated_dollar,2696.4,reliable
"Arthur M. Blank Hospital",csv_flat,"Cardiac Stress Test","Cardiac Stress Test","","",outpatient,"COVENTRY [9]","COVENTRY NATIONAL NETWORK: CHILDREN'S",2996.0,negotiated_dollar,2102.59,reliable
"Arthur M. Blank Hospital",csv_flat,"Cardiac Stress Test","Cardiac Stress Test","","",outpatient,"DIRECT EMPLOYER AGREEMENTS [72]","CHEROKEE COUNTY: CHILDREN'S",2996.0,negotiated_dollar,2097.2,reliable
"Arthur M. Blank Hospital",csv_flat,"Cardiac Stress Test","Cardiac Stress Test","","",outpatient,"FIRST HEALTH [74]","COVENTRY FIRST HEALTH NETWORK: CHILDREN'S",2996.0,negotiated_dollar,2248.8,reliable
"Arthur M. Blank Hospital",csv_flat,"Cardiac Stress Test","Cardiac Stress Test","","",outpatient,"KAISER [6]","KAISER HMO/POS PPO & EPO: CHILDREN'S",2996.0,negotiated_dollar,2039.98,reliable
"Arthur M. Blank Hospital",csv_flat,"Cardiac Stress Test","Cardiac Stress Test","","",outpatient,"NORTHEAST GEORGIA HEATLH SYSTEM [808]","NORTHEAST GEORGIA HEALTH PARTNERS PPO: CHILDREN'S",2996.0,negotiated_dollar,2247.0,reliable
"Arthur M. Blank Hospital",csv_flat,"Cardiac Stress Test","Cardiac Stress Test","","",outpatient,"DIRECT EMPLOYER AGREEMENTS [72]","NORTHSIDE DIRECT: CHILDREN'S",2996.0,negotiated_dollar,2097.2,reliable
"Arthur M. Blank Hospital",csv_flat,"Cardiac Stress Test","Cardiac Stress Test","","",outpatient,"DIRECT EMPLOYER AGREEMENTS [72]","QUIKTRIP: CHILDREN'S",2996.0,negotiated_dollar,2546.6,reliable
"Arthur M. Blank Hospital",csv_flat,"Cardiac Stress Test","Cardiac Stress Test","","",outpatient,"MULTIPLAN [92]","MULTIPLAN PPO: CHILDREN'S",2996.0,negotiated_dollar,2936.08,reliable
"Arthur M. Blank Hospital",csv_flat,"Cardiac Stress Test","Cardiac Stress Test","","",outpatient,"OSCAR [228]","OSCAR HEALTH PLAN: CHILDREN'S",2996.0,negotiated_dollar,2007.32,reliable
"Arthur M. Blank Hospital",csv_flat,"Cardiac Stress Test","Cardiac Stress Test","","",outpatient,"PHCS [93]","PHCS PPO: CHILDREN'S",2996.0,negotiated_dollar,2546.6,reliable
"Arthur M. Blank Hospital",csv_flat,"Cardiac Stress Test","Cardiac Stress Test","","",outpatient,"SECURE HEALTH [340]","SECURE HEALTH: CHILDREN'S",2996.0,negotiated_dollar,2546.6,reliable
"Arthur M. Blank Hospital",csv_flat,"Cardiac Stress Test","Cardiac Stress Test","","",outpatient,"SIDECAR HEALTH [236]","SIDECAR HEALTH: CHILDREN'S",2996.0,negotiated_dollar,2067.24,reliable
"Arthur M. Blank Hospital",csv_flat,"Cardiac Stress Test","Cardiac Stress Test","","",outpatient,"UNITED [5]","UNITED HEALTHCARE HMO/POS & PPO: CHILDREN'S",2996.0,negotiated_dollar,1987.85,reliable
"Arthur M. Blank Hospital",csv_flat,"Cardiac Stress Test","Cardiac Stress Test","","",outpatient,"VERACITY BENEFITS [809]","VERACITY BENEFITS: CHILDREN'S",2996.0,negotiated_dollar,2247.0,reliable
"Arthur M. Blank Hospital",csv_flat,"Cardiac Stress Test","Cardiac Stress Test","","",outpatient,"NOVANET [41]","NOVANET PPO: CHILDREN'S",2996.0,negotiated_dollar,2996.0,reliable
"Arthur M. Blank Hospital",csv_flat,"Cardiac Stress Test","Cardiac Stress Test","","",outpatient,"AMERIGROUP [102]","AMERIGROUP: AMBH PEACHCARE",2996.0,negotiated_dollar,1378.98,reliable
"Arthur M. Blank Hospital",csv_flat,"Cardiac Stress Test","Cardiac Stress Test","","",outpatient,"AMERIGROUP [102]","AMERIGROUP: AMBH MCAID",2996.0,negotiated_dollar,1378.98,reliable
"Arthur M. Blank Hospital",csv_flat,"Cardiac Stress Test","Cardiac Stress Test","","",outpatient,"CARESOURCE [61]","CARESOURCE: AMBH MCAID",2996.0,negotiated_dollar,1316.3,reliable
"Arthur M. Blank Hospital",csv_flat,"Cardiac Stress Test","Cardiac Stress Test","","",outpatient,"CARESOURCE [61]","CARESOURCE: AMBH PEACHCARE",2996.0,negotiated_dollar,1316.3,reliable
"Arthur M. Blank Hospital",csv_flat,"Cardiac Stress Test","Cardiac Stress Test","","",outpatient,"PEACHSTATE [43]","PEACH STATE: AMBH PEACHCARE",2996.0,negotiated_dollar,1280.33,reliable
"Arthur M. Blank Hospital",csv_flat,"Cardiac Stress Test","Cardiac Stress Test","","",outpatient,"PEACHSTATE [43]","PEACH STATE: AMBH MCAID",2996.0,negotiated_dollar,1280.33,reliable
"Arthur M. Blank Hospital",csv_flat,"Cardiac Stress Test","Cardiac Stress Test","","",outpatient,"AETNA [1]","AETNA HMO/POS & PPO: CHILDREN'S",2996.0,negotiated_dollar,2016.31,reliable
"Arthur M. Blank Hospital",csv_flat,"Cardiac Stress Test","Cardiac Stress Test","","",outpatient,"AMBETTER PEACHSTATE [227]","AMBETTER: CHILDREN'S",2996.0,negotiated_dollar,2005.82,reliable
"Arthur M. Blank Hospital",csv_flat,"Cardiac Stress Test","Cardiac Stress Test","","",outpatient,"BLUE CROSS [2]","BCBS HMO/PPO/POS: CHILDREN'S",2996.0,negotiated_dollar,1987.85,reliable
"Arthur M. Blank Hospital",csv_flat,"Cardiac Stress Test","Cardiac Stress Test","","",outpatient,"BLUE CROSS COMM/INDEMNITY [121]","BCBS PAR: CHILDREN'S",2996.0,negotiated_dollar,2924.7,reliable
"Arthur M. Blank Hospital",csv_flat,"Cardiac Stress Test","Cardiac Stress Test","","",outpatient,"CARESOURCE MARKETPLACE BRONZE/SILVER/GOLD [60]","CARESOURCE MARKETPLACE: CHILDREN'S",2996.0,negotiated_dollar,2035.78,reliable
"Arthur M. Blank Hospital",csv_flat,"Cardiac Stress Test","Cardiac Stress Test","","",outpatient,"CIGNA [3]","CIGNA HMO/POS & PPO: CHILDREN'S",2996.0,negotiated_dollar,1980.36,reliable
"Arthur M. Blank Hospital",csv_flat,"Cardiac Stress Test","Cardiac Stress Test","","",outpatient,"BEECH STREET [71]","BEECH STREET PPO: CHILDREN'S",2996.0,negotiated_dollar,2696.4,reliable
"Arthur M. Blank Hospital",csv_flat,"Cardiac Stress Test","Cardiac Stress Test","","",outpatient,"COVENTRY [9]","COVENTRY NATIONAL NETWORK: CHILDREN'S",2996.0,negotiated_dollar,2102.59,reliable
"Arthur M. Blank Hospital",csv_flat,"Cardiac Stress Test","Cardiac Stress Test","","",outpatient,"DIRECT EMPLOYER AGREEMENTS [72]","CHEROKEE COUNTY: CHILDREN'S",2996.0,negotiated_dollar,2097.2,reliable
"Arthur M. Blank Hospital",csv_flat,"Cardiac Stress Test","Cardiac Stress Test","","",outpatient,"FIRST HEALTH [74]","COVENTRY FIRST HEALTH NETWORK: CHILDREN'S",2996.0,negotiated_dollar,2248.8,reliable
"Arthur M. Blank Hospital",csv_flat,"Cardiac Stress Test","Cardiac Stress Test","","",outpatient,"KAISER [6]","KAISER HMO/POS PPO & EPO: CHILDREN'S",2996.0,negotiated_dollar,2039.98,reliable
"Arthur M. Blank Hospital",csv_flat,"Cardiac Stress Test","Cardiac Stress Test","","",outpatient,"NORTHEAST GEORGIA HEATLH SYSTEM [808]","NORTHEAST GEORGIA HEALTH PARTNERS PPO: CHILDREN'S",2996.0,negotiated_dollar,2247.0,reliable
"Arthur M. Blank Hospital",csv_flat,"Cardiac Stress Test","Cardiac Stress Test","","",outpatient,"DIRECT EMPLOYER AGREEMENTS [72]","NORTHSIDE DIRECT: CHILDREN'S",2996.0,negotiated_dollar,2097.2,reliable
"Arthur M. Blank Hospital",csv_flat,"Cardiac Stress Test","Cardiac Stress Test","","",outpatient,"DIRECT EMPLOYER AGREEMENTS [72]","QUIKTRIP: CHILDREN'S",2996.0,negotiated_dollar,2546.6,reliable
"Arthur M. Blank Hospital",csv_flat,"Cardiac Stress Test","Cardiac Stress Test","","",outpatient,"MULTIPLAN [92]","MULTIPLAN PPO: CHILDREN'S",2996.0,negotiated_dollar,2936.08,reliable
"Arthur M. Blank Hospital",csv_flat,"Cardiac Stress Test","Cardiac Stress Test","","",outpatient,"OSCAR [228]","OSCAR HEALTH PLAN: CHILDREN'S",2996.0,negotiated_dollar,2007.32,reliable
"Arthur M. Blank Hospital",csv_flat,"Cardiac Stress Test","Cardiac Stress Test","","",outpatient,"PHCS [93]","PHCS PPO: CHILDREN'S",2996.0,negotiated_dollar,2546.6,reliable
"Arthur M. Blank Hospital",csv_flat,"Cardiac Stress Test","Cardiac Stress Test","","",outpatient,"SECURE HEALTH [340]","SECURE HEALTH: CHILDREN'S",2996.0,negotiated_dollar,2546.6,reliable
"Arthur M. Blank Hospital",csv_flat,"Cardiac Stress Test","Cardiac Stress Test","","",outpatient,"SIDECAR HEALTH [236]","SIDECAR HEALTH: CHILDREN'S",2996.0,negotiated_dollar,2067.24,reliable
"Arthur M. Blank Hospital",csv_flat,"Cardiac Stress Test","Cardiac Stress Test","","",outpatient,"UNITED [5]","UNITED HEALTHCARE HMO/POS & PPO: CHILDREN'S",2996.0,negotiated_dollar,1987.85,reliable
"Arthur M. Blank Hospital",csv_flat,"Cardiac Stress Test","Cardiac Stress Test","","",outpatient,"VERACITY BENEFITS [809]","VERACITY BENEFITS: CHILDREN'S",2996.0,negotiated_dollar,2247.0,reliable
"Arthur M. Blank Hospital",csv_flat,"Cardiac Stress Test","Cardiac Stress Test","","",outpatient,"NOVANET [41]","NOVANET PPO: CHILDREN'S",2996.0,negotiated_dollar,2996.0,reliable
"Arthur M. Blank Hospital",csv_flat,"Cardiac Stress Test","Cardiac Stress Test","","",outpatient,"AMERIGROUP [102]","AMERIGROUP: AMBH PEACHCARE",2996.0,negotiated_dollar,1378.98,reliable
"Arthur M. Blank Hospital",csv_flat,"Cardiac Stress Test","Cardiac Stress Test","","",outpatient,"AMERIGROUP [102]","AMERIGROUP: AMBH MCAID",2996.0,negotiated_dollar,1378.98,reliable
"Arthur M. Blank Hospital",csv_flat,"Cardiac Stress Test","Cardiac Stress Test","","",outpatient,"CARESOURCE [61]","CARESOURCE: AMBH MCAID",2996.0,negotiated_dollar,1316.3,reliable
"Arthur M. Blank Hospital",csv_flat,"Cardiac Stress Test","Cardiac Stress Test","","",outpatient,"CARESOURCE [61]","CARESOURCE: AMBH PEACHCARE",2996.0,negotiated_dollar,1316.3,reliable
"Arthur M. Blank Hospital",csv_flat,"Cardiac Stress Test","Cardiac Stress Test","","",outpatient,"PEACHSTATE [43]","PEACH STATE: AMBH PEACHCARE",2996.0,negotiated_dollar,1280.33,reliable
"Arthur M. Blank Hospital",csv_flat,"Cardiac Stress Test","Cardiac Stress Test","","",outpatient,"PEACHSTATE [43]","PEACH STATE: AMBH MCAID",2996.0,negotiated_dollar,1280.33,reliable
"Arthur M. Blank Hospital",csv_flat,"Cardiac Stress Test","Cardiac Stress Test","","",outpatient,"AETNA [1]","AETNA HMO/POS & PPO: CHILDREN'S",2996.0,negotiated_dollar,2016.31,reliable
"Arthur M. Blank Hospital",csv_flat,"Cardiac Stress Test","Cardiac Stress Test","","",outpatient,"AMBETTER PEACHSTATE [227]","AMBETTER: CHILDREN'S",2996.0,negotiated_dollar,2005.82,reliable
"Arthur M. Blank Hospital",csv_flat,"Cardiac Stress Test","Cardiac Stress Test","","",outpatient,"BLUE CROSS [2]","BCBS HMO/PPO/POS: CHILDREN'S",2996.0,negotiated_dollar,1987.85,reliable
"Arthur M. Blank Hospital",csv_flat,"Cardiac Stress Test","Cardiac Stress Test","","",outpatient,"BLUE CROSS COMM/INDEMNITY [121]","BCBS PAR: CHILDREN'S",2996.0,negotiated_dollar,2924.7,reliable
"Arthur M. Blank Hospital",csv_flat,"Cardiac Stress Test","Cardiac Stress Test","","",outpatient,"CARESOURCE MARKETPLACE BRONZE/SILVER/GOLD [60]","CARESOURCE MARKETPLACE: CHILDREN'S",2996.0,negotiated_dollar,2035.78,reliable
"Arthur M. Blank Hospital",csv_flat,"Cardiac Stress Test","Cardiac Stress Test","","",outpatient,"CIGNA [3]","CIGNA HMO/POS & PPO: CHILDREN'S",2996.0,negotiated_dollar,1980.36,reliable
"Arthur M. Blank Hospital",csv_flat,"Cardiac Stress Test","Cardiac Stress Test","","",outpatient,"BEECH STREET [71]","BEECH STREET PPO: CHILDREN'S",2996.0,negotiated_dollar,2696.4,reliable
"Arthur M. Blank Hospital",csv_flat,"Cardiac Stress Test","Cardiac Stress Test","","",outpatient,"COVENTRY [9]","COVENTRY NATIONAL NETWORK: CHILDREN'S",2996.0,negotiated_dollar,2102.59,reliable
"Arthur M. Blank Hospital",csv_flat,"Cardiac Stress Test","Cardiac Stress Test","","",outpatient,"DIRECT EMPLOYER AGREEMENTS [72]","CHEROKEE COUNTY: CHILDREN'S",2996.0,negotiated_dollar,2097.2,reliable
"Arthur M. Blank Hospital",csv_flat,"Cardiac Stress Test","Cardiac Stress Test","","",outpatient,"FIRST HEALTH [74]","COVENTRY FIRST HEALTH NETWORK: CHILDREN'S",2996.0,negotiated_dollar,2248.8,reliable
"Arthur M. Blank Hospital",csv_flat,"Cardiac Stress Test","Cardiac Stress Test","","",outpatient,"KAISER [6]","KAISER HMO/POS PPO & EPO: CHILDREN'S",2996.0,negotiated_dollar,2039.98,reliable
"Arthur M. Blank Hospital",csv_flat,"Cardiac Stress Test","Cardiac Stress Test","","",outpatient,"NORTHEAST GEORGIA HEATLH SYSTEM [808]","NORTHEAST GEORGIA HEALTH PARTNERS PPO: CHILDREN'S",2996.0,negotiated_dollar,2247.0,reliable
"Arthur M. Blank Hospital",csv_flat,"Cardiac Stress Test","Cardiac Stress Test","","",outpatient,"DIRECT EMPLOYER AGREEMENTS [72]","NORTHSIDE DIRECT: CHILDREN'S",2996.0,negotiated_dollar,2097.2,reliable
"Arthur M. Blank Hospital",csv_flat,"Cardiac Stress Test","Cardiac Stress Test","","",outpatient,"DIRECT EMPLOYER AGREEMENTS [72]","QUIKTRIP: CHILDREN'S",2996.0,negotiated_dollar,2546.6,reliable
"Arthur M. Blank Hospital",csv_flat,"Cardiac Stress Test","Cardiac Stress Test","","",outpatient,"MULTIPLAN [92]","MULTIPLAN PPO: CHILDREN'S",2996.0,negotiated_dollar,2936.08,reliable
"Arthur M. Blank Hospital",csv_flat,"Cardiac Stress Test","Cardiac Stress Test","","",outpatient,"OSCAR [228]","OSCAR HEALTH PLAN: CHILDREN'S",2996.0,negotiated_dollar,2007.32,reliable
"Arthur M. Blank Hospital",csv_flat,"Cardiac Stress Test","Cardiac Stress Test","","",outpatient,"PHCS [93]","PHCS PPO: CHILDREN'S",2996.0,negotiated_dollar,2546.6,reliable
"Arthur M. Blank Hospital",csv_flat,"Cardiac Stress Test","Cardiac Stress Test","","",outpatient,"SECURE HEALTH [340]","SECURE HEALTH: CHILDREN'S",2996.0,negotiated_dollar,2546.6,reliable
"Arthur M. Blank Hospital",csv_flat,"Cardiac Stress Test","Cardiac Stress Test","","",outpatient,"SIDECAR HEALTH [236]","SIDECAR HEALTH: CHILDREN'S",2996.0,negotiated_dollar,2067.24,reliable
"Arthur M. Blank Hospital",csv_flat,"Cardiac Stress Test","Cardiac Stress Test","","",outpatient,"UNITED [5]","UNITED HEALTHCARE HMO/POS & PPO: CHILDREN'S",2996.0,negotiated_dollar,1987.85,reliable
"Arthur M. Blank Hospital",csv_flat,"Cardiac Stress Test","Cardiac Stress Test","","",outpatient,"VERACITY BENEFITS [809]","VERACITY BENEFITS: CHILDREN'S",2996.0,negotiated_dollar,2247.0,reliable
"Arthur M. Blank Hospital",csv_flat,"Cardiac Stress Test","Cardiac Stress Test","","",outpatient,"NOVANET [41]","NOVANET PPO: CHILDREN'S",2996.0,negotiated_dollar,2996.0,reliable
"Arthur M. Blank Hospital",csv_flat,"Cardiac Stress Test","Cardiac Stress Test","","",outpatient,"AMERIGROUP [102]","AMERIGROUP: AMBH PEACHCARE",2996.0,negotiated_dollar,1378.98,reliable
"Arthur M. Blank Hospital",csv_flat,"Cardiac Stress Test","Cardiac Stress Test","","",outpatient,"AMERIGROUP [102]","AMERIGROUP: AMBH MCAID",2996.0,negotiated_dollar,1378.98,reliable
"Arthur M. Blank Hospital",csv_flat,"Cardiac Stress Test","Cardiac Stress Test","","",outpatient,"CARESOURCE [61]","CARESOURCE: AMBH MCAID",2996.0,negotiated_dollar,1316.3,reliable
"Arthur M. Blank Hospital",csv_flat,"Cardiac Stress Test","Cardiac Stress Test","","",outpatient,"CARESOURCE [61]","CARESOURCE: AMBH PEACHCARE",2996.0,negotiated_dollar,1316.3,reliable
"Arthur M. Blank Hospital",csv_flat,"Cardiac Stress Test","Cardiac Stress Test","","",outpatient,"PEACHSTATE [43]","PEACH STATE: AMBH PEACHCARE",2996.0,negotiated_dollar,1280.33,reliable
"Arthur M. Blank Hospital",csv_flat,"Cardiac Stress Test","Cardiac Stress Test","","",outpatient,"PEACHSTATE [43]","PEACH STATE: AMBH MCAID",2996.0,negotiated_dollar,1280.33,reliable
"Arthur M. Blank Hospital",csv_flat,"Cardiac Stress Test","Cardiac Stress Test","","",outpatient,"AETNA [1]","AETNA HMO/POS & PPO: CHILDREN'S",2996.0,negotiated_dollar,2016.31,reliable
"Arthur M. Blank Hospital",csv_flat,"Cardiac Stress Test","Cardiac Stress Test","","",outpatient,"AMBETTER PEACHSTATE [227]","AMBETTER: CHILDREN'S",2996.0,negotiated_dollar,2005.82,reliable
"Arthur M. Blank Hospital",csv_flat,"Cardiac Stress Test","Cardiac Stress Test","","",outpatient,"BLUE CROSS [2]","BCBS HMO/PPO/POS: CHILDREN'S",2996.0,negotiated_dollar,1987.85,reliable
"Arthur M. Blank Hospital",csv_flat,"Cardiac Stress Test","Cardiac Stress Test","","",outpatient,"BLUE CROSS COMM/INDEMNITY [121]","BCBS PAR: CHILDREN'S",2996.0,negotiated_dollar,2924.7,reliable
"Arthur M. Blank Hospital",csv_flat,"Cardiac Stress Test","Cardiac Stress Test","","",outpatient,"CARESOURCE MARKETPLACE BRONZE/SILVER/GOLD [60]","CARESOURCE MARKETPLACE: CHILDREN'S",2996.0,negotiated_dollar,2035.78,reliable
"Arthur M. Blank Hospital",csv_flat,"Cardiac Stress Test","Cardiac Stress Test","","",outpatient,"CIGNA [3]","CIGNA HMO/POS & PPO: CHILDREN'S",2996.0,negotiated_dollar,1980.36,reliable
"Arthur M. Blank Hospital",csv_flat,"Cardiac Stress Test","Cardiac Stress Test","","",outpatient,"BEECH STREET [71]","BEECH STREET PPO: CHILDREN'S",2996.0,negotiated_dollar,2696.4,reliable
"Arthur M. Blank Hospital",csv_flat,"Cardiac Stress Test","Cardiac Stress Test","","",outpatient,"COVENTRY [9]","COVENTRY NATIONAL NETWORK: CHILDREN'S",2996.0,negotiated_dollar,2102.59,reliable
"Arthur M. Blank Hospital",csv_flat,"Cardiac Stress Test","Cardiac Stress Test","","",outpatient,"DIRECT EMPLOYER AGREEMENTS [72]","CHEROKEE COUNTY: CHILDREN'S",2996.0,negotiated_dollar,2097.2,reliable
"Arthur M. Blank Hospital",csv_flat,"Cardiac Stress Test","Cardiac Stress Test","","",outpatient,"FIRST HEALTH [74]","COVENTRY FIRST HEALTH NETWORK: CHILDREN'S",2996.0,negotiated_dollar,2248.8,reliable
"Arthur M. Blank Hospital",csv_flat,"Cardiac Stress Test","Cardiac Stress Test","","",outpatient,"KAISER [6]","KAISER HMO/POS PPO & EPO: CHILDREN'S",2996.0,negotiated_dollar,2039.98,reliable
"Arthur M. Blank Hospital",csv_flat,"Cardiac Stress Test","Cardiac Stress Test","","",outpatient,"NORTHEAST GEORGIA HEATLH SYSTEM [808]","NORTHEAST GEORGIA HEALTH PARTNERS PPO: CHILDREN'S",2996.0,negotiated_dollar,2247.0,reliable
"Arthur M. Blank Hospital",csv_flat,"Cardiac Stress Test","Cardiac Stress Test","","",outpatient,"DIRECT EMPLOYER AGREEMENTS [72]","NORTHSIDE DIRECT: CHILDREN'S",2996.0,negotiated_dollar,2097.2,reliable
"Arthur M. Blank Hospital",csv_flat,"Cardiac Stress Test","Cardiac Stress Test","","",outpatient,"DIRECT EMPLOYER AGREEMENTS [72]","QUIKTRIP: CHILDREN'S",2996.0,negotiated_dollar,2546.6,reliable
"Arthur M. Blank Hospital",csv_flat,"Cardiac Stress Test","Cardiac Stress Test","","",outpatient,"MULTIPLAN [92]","MULTIPLAN PPO: CHILDREN'S",2996.0,negotiated_dollar,2936.08,reliable
"Arthur M. Blank Hospital",csv_flat,"Cardiac Stress Test","Cardiac Stress Test","","",outpatient,"OSCAR [228]","OSCAR HEALTH PLAN: CHILDREN'S",2996.0,negotiated_dollar,2007.32,reliable
"Arthur M. Blank Hospital",csv_flat,"Cardiac Stress Test","Cardiac Stress Test","","",outpatient,"PHCS [93]","PHCS PPO: CHILDREN'S",2996.0,negotiated_dollar,2546.6,reliable
"Arthur M. Blank Hospital",csv_flat,"Cardiac Stress Test","Cardiac Stress Test","","",outpatient,"SECURE HEALTH [340]","SECURE HEALTH: CHILDREN'S",2996.0,negotiated_dollar,2546.6,reliable
"Arthur M. Blank Hospital",csv_flat,"Cardiac Stress Test","Cardiac Stress Test","","",outpatient,"SIDECAR HEALTH [236]","SIDECAR HEALTH: CHILDREN'S",2996.0,negotiated_dollar,2067.24,reliable
"Arthur M. Blank Hospital",csv_flat,"Cardiac Stress Test","Cardiac Stress Test","","",outpatient,"UNITED [5]","UNITED HEALTHCARE HMO/POS & PPO: CHILDREN'S",2996.0,negotiated_dollar,1987.85,reliable
"Arthur M. Blank Hospital",csv_flat,"Cardiac Stress Test","Cardiac Stress Test","","",outpatient,"VERACITY BENEFITS [809]","VERACITY BENEFITS: CHILDREN'S",2996.0,negotiated_dollar,2247.0,reliable
"Arthur M. Blank Hospital",csv_flat,"Cardiac Stress Test","Cardiac Stress Test","","",outpatient,"NOVANET [41]","NOVANET PPO: CHILDREN'S",2996.0,negotiated_dollar,2996.0,reliable
"Arthur M. Blank Hospital",csv_flat,"Cardiac Stress Test","Cardiac Stress Test","","",outpatient,"AMERIGROUP [102]","AMERIGROUP: AMBH PEACHCARE",2996.0,negotiated_dollar,1378.98,reliable
"Arthur M. Blank Hospital",csv_flat,"Cardiac Stress Test","Cardiac Stress Test","","",outpatient,"AMERIGROUP [102]","AMERIGROUP: AMBH MCAID",2996.0,negotiated_dollar,1378.98,reliable
"Arthur M. Blank Hospital",csv_flat,"Cardiac Stress Test","Cardiac Stress Test","","",outpatient,"CARESOURCE [61]","CARESOURCE: AMBH MCAID",2996.0,negotiated_dollar,1316.3,reliable
"Arthur M. Blank Hospital",csv_flat,"Cardiac Stress Test","Cardiac Stress Test","","",outpatient,"CARESOURCE [61]","CARESOURCE: AMBH PEACHCARE",2996.0,negotiated_dollar,1316.3,reliable
"Arthur M. Blank Hospital",csv_flat,"Cardiac Stress Test","Cardiac Stress Test","","",outpatient,"PEACHSTATE [43]","PEACH STATE: AMBH PEACHCARE",2996.0,negotiated_dollar,1280.33,reliable
"Arthur M. Blank Hospital",csv_flat,"Cardiac Stress Test","Cardiac Stress Test","","",outpatient,"PEACHSTATE [43]","PEACH STATE: AMBH MCAID",2996.0,negotiated_dollar,1280.33,reliable
"Arthur M. Blank Hospital",csv_flat,"Cardiac Stress Test","Cardiac Stress Test","","",outpatient,"AETNA [1]","AETNA HMO/POS & PPO: CHILDREN'S",2996.0,negotiated_dollar,2016.31,reliable
"Arthur M. Blank Hospital",csv_flat,"Cardiac Stress Test","Cardiac Stress Test","","",outpatient,"AMBETTER PEACHSTATE [227]","AMBETTER: CHILDREN'S",2996.0,negotiated_dollar,2005.82,reliable
"Arthur M. Blank Hospital",csv_flat,"Cardiac Stress Test","Cardiac Stress Test","","",outpatient,"BLUE CROSS [2]","BCBS HMO/PPO/POS: CHILDREN'S",2996.0,negotiated_dollar,1987.85,reliable
"Arthur M. Blank Hospital",csv_flat,"Cardiac Stress Test","Cardiac Stress Test","","",outpatient,"BLUE CROSS COMM/INDEMNITY [121]","BCBS PAR: CHILDREN'S",2996.0,negotiated_dollar,2924.7,reliable
"Arthur M. Blank Hospital",csv_flat,"Cardiac Stress Test","Cardiac Stress Test","","",outpatient,"CARESOURCE MARKETPLACE BRONZE/SILVER/GOLD [60]","CARESOURCE MARKETPLACE: CHILDREN'S",2996.0,negotiated_dollar,2035.78,reliable
"Arthur M. Blank Hospital",csv_flat,"Cardiac Stress Test","Cardiac Stress Test","","",outpatient,"CIGNA [3]","CIGNA HMO/POS & PPO: CHILDREN'S",2996.0,negotiated_dollar,1980.36,reliable
"Arthur M. Blank Hospital",csv_flat,"Cardiac Stress Test","Cardiac Stress Test","","",outpatient,"BEECH STREET [71]","BEECH STREET PPO: CHILDREN'S",2996.0,negotiated_dollar,2696.4,reliable
"Arthur M. Blank Hospital",csv_flat,"Cardiac Stress Test","Cardiac Stress Test","","",outpatient,"COVENTRY [9]","COVENTRY NATIONAL NETWORK: CHILDREN'S",2996.0,negotiated_dollar,2102.59,reliable
"Arthur M. Blank Hospital",csv_flat,"Cardiac Stress Test","Cardiac Stress Test","","",outpatient,"DIRECT EMPLOYER AGREEMENTS [72]","CHEROKEE COUNTY: CHILDREN'S",2996.0,negotiated_dollar,2097.2,reliable
"Arthur M. Blank Hospital",csv_flat,"Cardiac Stress Test","Cardiac Stress Test","","",outpatient,"FIRST HEALTH [74]","COVENTRY FIRST HEALTH NETWORK: CHILDREN'S",2996.0,negotiated_dollar,2248.8,reliable
"Arthur M. Blank Hospital",csv_flat,"Cardiac Stress Test","Cardiac Stress Test","","",outpatient,"KAISER [6]","KAISER HMO/POS PPO & EPO: CHILDREN'S",2996.0,negotiated_dollar,2039.98,reliable
"Arthur M. Blank Hospital",csv_flat,"Cardiac Stress Test","Cardiac Stress Test","","",outpatient,"NORTHEAST GEORGIA HEATLH SYSTEM [808]","NORTHEAST GEORGIA HEALTH PARTNERS PPO: CHILDREN'S",2996.0,negotiated_dollar,2247.0,reliable
"Arthur M. Blank Hospital",csv_flat,"Cardiac Stress Test","Cardiac Stress Test","","",outpatient,"DIRECT EMPLOYER AGREEMENTS [72]","NORTHSIDE DIRECT: CHILDREN'S",2996.0,negotiated_dollar,2097.2,reliable
"Arthur M. Blank Hospital",csv_flat,"Cardiac Stress Test","Cardiac Stress Test","","",outpatient,"DIRECT EMPLOYER AGREEMENTS [72]","QUIKTRIP: CHILDREN'S",2996.0,negotiated_dollar,2546.6,reliable
"Arthur M. Blank Hospital",csv_flat,"Cardiac Stress Test","Cardiac Stress Test","","",outpatient,"MULTIPLAN [92]","MULTIPLAN PPO: CHILDREN'S",2996.0,negotiated_dollar,2936.08,reliable
"Arthur M. Blank Hospital",csv_flat,"Cardiac Stress Test","Cardiac Stress Test","","",outpatient,"OSCAR [228]","OSCAR HEALTH PLAN: CHILDREN'S",2996.0,negotiated_dollar,2007.32,reliable
"Arthur M. Blank Hospital",csv_flat,"Cardiac Stress Test","Cardiac Stress Test","","",outpatient,"PHCS [93]","PHCS PPO: CHILDREN'S",2996.0,negotiated_dollar,2546.6,reliable
"Arthur M. Blank Hospital",csv_flat,"Cardiac Stress Test","Cardiac Stress Test","","",outpatient,"SECURE HEALTH [340]","SECURE HEALTH: CHILDREN'S",2996.0,negotiated_dollar,2546.6,reliable
"Arthur M. Blank Hospital",csv_flat,"Cardiac Stress Test","Cardiac Stress Test","","",outpatient,"SIDECAR HEALTH [236]","SIDECAR HEALTH: CHILDREN'S",2996.0,negotiated_dollar,2067.24,reliable
"Arthur M. Blank Hospital",csv_flat,"Cardiac Stress Test","Cardiac Stress Test","","",outpatient,"UNITED [5]","UNITED HEALTHCARE HMO/POS & PPO: CHILDREN'S",2996.0,negotiated_dollar,1987.85,reliable
"Arthur M. Blank Hospital",csv_flat,"Cardiac Stress Test","Cardiac Stress Test","","",outpatient,"VERACITY BENEFITS [809]","VERACITY BENEFITS: CHILDREN'S",2996.0,negotiated_dollar,2247.0,reliable
"Arthur M. Blank Hospital",csv_flat,"Cardiac Stress Test","Cardiac Stress Test","","",outpatient,"NOVANET [41]","NOVANET PPO: CHILDREN'S",2996.0,negotiated_dollar,2996.0,reliable
"Emory University Hospital",csv_flat,"Cardiac Stress Test","Hc Cardiac Stress Tst,Tracing Only",facility,"",both,"","",1034.0,unavailable,,low_confidence
"Emory University Hospital",csv_flat,"Cardiac Stress Test","Hc Cardiac Stress Tst,Tracing Only - Stress Test Only, Exercise",facility,"",both,"","",1034.0,unavailable,,low_confidence
"Emory University Hospital",csv_flat,"Cardiac Stress Test","Hc Cardiovascular Stress Test - Stress Test Only, Dobutamine",facility,"",both,"","",1034.0,unavailable,,low_confidence
"Emory University Hospital",csv_flat,"Cardiac Stress Test","Hc Ekg Stress Test Lexiscan",facility,"",both,"","",1034.0,unavailable,,low_confidence
"Emory University Hospital",csv_flat,"Cardiac Stress Test","Cardiovascular stress test",facility,"",outpatient,Aetna,"Medicare Managed Care Plan",,negotiated_dollar,220.91,low_confidence
"Emory University Hospital",csv_flat,"Cardiac Stress Test","Cardiovascular stress test",facility,"",outpatient,"Ambetter Health","Peach State Exchange",,negotiated_dollar,459.14,low_confidence
"Emory University Hospital",csv_flat,"Cardiac Stress Test","Cardiovascular stress test",facility,"",outpatient,Bcbs,"Blue Value Secure Medicare Managed Care Plan",,negotiated_dollar,218.74,low_confidence
"Emory University Hospital",csv_flat,"Cardiac Stress Test","Cardiovascular stress test",facility,"",outpatient,Cigna,"Healthspring Medicare Managed Care Plan",,negotiated_dollar,223.07,low_confidence
"Emory University Hospital",csv_flat,"Cardiac Stress Test","Cardiovascular stress test",facility,"",outpatient,"Clover Health","Medicare Managed Care Plan",,negotiated_dollar,227.41,low_confidence
"Emory University Hospital",csv_flat,"Cardiac Stress Test","Cardiovascular stress test",facility,"",outpatient,"Devoted Health","Medicare Managed Care Plan",,negotiated_dollar,216.58,low_confidence
"Emory University Hospital",csv_flat,"Cardiac Stress Test","Cardiovascular stress test",facility,"",outpatient,Wellcare,"Medicare Managed Care Plan",,negotiated_dollar,229.57,low_confidence
"Emory University Hospital",csv_flat,"Cardiac Stress Test","Hc Cardiac Stress Tst,Tracing Only",facility,"",both,"","",1034.0,unavailable,,low_confidence
"Emory University Hospital",csv_flat,"Cardiac Stress Test","Hc Cardiac Stress Tst,Tracing Only - Stress Test Only, Exercise",facility,"",both,"","",1034.0,unavailable,,low_confidence
"Emory University Hospital",csv_flat,"Cardiac Stress Test","Hc Cardiovascular Stress Test - Stress Test Only, Dobutamine",facility,"",both,"","",1034.0,unavailable,,low_confidence
"Emory University Hospital",csv_flat,"Cardiac Stress Test","Hc Ekg Stress Test Lexiscan",facility,"",both,"","",1034.0,unavailable,,low_confidence
"Emory University Hospital",csv_flat,"Cardiac Stress Test","Cardiovascular stress test",facility,"",outpatient,Aetna,"Medicare Managed Care Plan",,negotiated_dollar,220.91,low_confidence
"Emory University Hospital",csv_flat,"Cardiac Stress Test","Cardiovascular stress test",facility,"",outpatient,"Ambetter Health","Peach State Exchange",,negotiated_dollar,459.14,low_confidence
"Emory University Hospital",csv_flat,"Cardiac Stress Test","Cardiovascular stress test",facility,"",outpatient,Bcbs,"Blue Value Secure Medicare Managed Care Plan",,negotiated_dollar,218.74,low_confidence
"Emory University Hospital",csv_flat,"Cardiac Stress Test","Cardiovascular stress test",facility,"",outpatient,Cigna,"Healthspring Medicare Managed Care Plan",,negotiated_dollar,223.07,low_confidence
"Emory University Hospital",csv_flat,"Cardiac Stress Test","Cardiovascular stress test",facility,"",outpatient,"Clover Health","Medicare Managed Care Plan",,negotiated_dollar,227.41,low_confidence
"Emory University Hospital",csv_flat,"Cardiac Stress Test","Cardiovascular stress test",facility,"",outpatient,"Devoted Health","Medicare Managed Care Plan",,negotiated_dollar,216.58,low_confidence
"Emory University Hospital",csv_flat,"Cardiac Stress Test","Cardiovascular stress test",facility,"",outpatient,Wellcare,"Medicare Managed Care Plan",,negotiated_dollar,229.57,low_confidence
"Grady Memorial Hospital",csv_wide,"Cardiac Stress Test","Stress Echo",facility,"",inpatient,"Anthem BCBS",HPN,3585.0,negotiated_dollar,2868.0,reliable
"Grady Memorial Hospital",csv_wide,"Cardiac Stress Test","Stress Echo",facility,"",inpatient,Kaiser,Commercial,3585.0,negotiated_dollar,2717.43,reliable
"Grady Memorial Hospital",csv_wide,"Cardiac Stress Test","Stress Echo",facility,"",inpatient,Multiplan,Commercial,3585.0,negotiated_dollar,2760.45,reliable
"Grady Memorial Hospital",csv_wide,"Cardiac Stress Test","Stress Echo",facility,"",inpatient,"USP Naphcare",Commercial,3585.0,negotiated_dollar,2151.0,reliable
"Grady Memorial Hospital",csv_wide,"Cardiac Stress Test","Cardiac Stress Test",facility,"",inpatient,"Anthem BCBS",HPN,3585.0,negotiated_dollar,2868.0,reliable
"Grady Memorial Hospital",csv_wide,"Cardiac Stress Test","Cardiac Stress Test",facility,"",inpatient,Kaiser,Commercial,3585.0,negotiated_dollar,2717.43,reliable
"Grady Memorial Hospital",csv_wide,"Cardiac Stress Test","Cardiac Stress Test",facility,"",inpatient,Multiplan,Commercial,3585.0,negotiated_dollar,2760.45,reliable
"Grady Memorial Hospital",csv_wide,"Cardiac Stress Test","Cardiac Stress Test",facility,"",inpatient,"USP Naphcare",Commercial,3585.0,negotiated_dollar,2151.0,reliable
"Grady Memorial Hospital",csv_wide,"Cardiac Stress Test","Cardiac Stress Test",facility,"",inpatient,"Anthem BCBS",HPN,3585.0,negotiated_dollar,2868.0,reliable
"Grady Memorial Hospital",csv_wide,"Cardiac Stress Test","Cardiac Stress Test",facility,"",inpatient,Kaiser,Commercial,3585.0,negotiated_dollar,2717.43,reliable
"Grady Memorial Hospital",csv_wide,"Cardiac Stress Test","Cardiac Stress Test",facility,"",inpatient,Multiplan,Commercial,3585.0,negotiated_dollar,2760.45,reliable
"Grady Memorial Hospital",csv_wide,"Cardiac Stress Test","Cardiac Stress Test",facility,"",inpatient,"USP Naphcare",Commercial,3585.0,negotiated_dollar,2151.0,reliable
"Grady Memorial Hospital",csv_wide,"Cardiac Stress Test","Stress Echo",facility,"",outpatient,Aetna,Commercial,3585.0,negotiated_dollar,1595.32,reliable
"Grady Memorial Hospital",csv_wide,"Cardiac Stress Test","Stress Echo",facility,"",outpatient,Aetna,Medicare,3585.0,negotiated_dollar,1254.75,reliable
"Grady Memorial Hospital",csv_wide,"Cardiac Stress Test","Stress Echo",facility,"",outpatient,Ambetter,Marketplace,3585.0,negotiated_dollar,530.58,reliable
"Grady Memorial Hospital",csv_wide,"Cardiac Stress Test","Stress Echo",facility,"",outpatient,Amerigroup,Medicaid,3585.0,negotiated_dollar,582.92,reliable
"Grady Memorial Hospital",csv_wide,"Cardiac Stress Test","Stress Echo",facility,"",outpatient,"Anthem BCBS",HMO/POS,3585.0,negotiated_dollar,2625.65,reliable
"Grady Memorial Hospital",csv_wide,"Cardiac Stress Test","Stress Echo",facility,"",outpatient,"Anthem BCBS",HPN,3585.0,negotiated_dollar,2868.0,reliable
"Grady Memorial Hospital",csv_wide,"Cardiac Stress Test","Stress Echo",facility,"",outpatient,"Anthem BCBS",PPO,3585.0,negotiated_dollar,2726.39,reliable
"Grady Memorial Hospital",csv_wide,"Cardiac Stress Test","Stress Echo",facility,"",outpatient,"Anthem BCBS",Pathways/Marketplace,3585.0,negotiated_dollar,2625.65,reliable
"Grady Memorial Hospital",csv_wide,"Cardiac Stress Test","Stress Echo",facility,"",outpatient,Caresource,Commercial,3585.0,negotiated_dollar,534.88,reliable
"Grady Memorial Hospital",csv_wide,"Cardiac Stress Test","Stress Echo",facility,"",outpatient,Cigna,Commercial,3585.0,negotiated_dollar,2120.53,reliable
"Grady Memorial Hospital",csv_wide,"Cardiac Stress Test","Stress Echo",facility,"",outpatient,Cigna,IFP,3585.0,negotiated_dollar,2100.81,reliable
"Grady Memorial Hospital",csv_wide,"Cardiac Stress Test","Stress Echo",facility,"",outpatient,Cigna,"Local Plus",3585.0,negotiated_dollar,1559.48,reliable
"Grady Memorial Hospital",csv_wide,"Cardiac Stress Test","Stress Echo",facility,"",outpatient,Kaiser,Commercial,3585.0,negotiated_dollar,2717.43,reliable
"Grady Memorial Hospital",csv_wide,"Cardiac Stress Test","Stress Echo",facility,"",outpatient,Multiplan,Commercial,3585.0,negotiated_dollar,2760.45,reliable
"Grady Memorial Hospital",csv_wide,"Cardiac Stress Test","Stress Echo",facility,"",outpatient,"Oscar Health",Commercial/Marketplace,3585.0,negotiated_dollar,2330.25,reliable
"Grady Memorial Hospital",csv_wide,"Cardiac Stress Test","Stress Echo",facility,"",outpatient,"Peach State",Medicaid,3585.0,negotiated_dollar,534.88,reliable
"Grady Memorial Hospital",csv_wide,"Cardiac Stress Test","Stress Echo",facility,"",outpatient,UHC,Commercial,3585.0,negotiated_dollar,2581.2,reliable
"Grady Memorial Hospital",csv_wide,"Cardiac Stress Test","Stress Echo",facility,"",outpatient,UHC,Exchange/Marketplace,3585.0,negotiated_dollar,2079.3,reliable
"Grady Memorial Hospital",csv_wide,"Cardiac Stress Test","Stress Echo",facility,"",outpatient,"USP Naphcare",Commercial,3585.0,negotiated_dollar,2151.0,reliable
"Grady Memorial Hospital",csv_wide,"Cardiac Stress Test","Cardiac Stress Test",facility,"",outpatient,Aetna,Commercial,3585.0,negotiated_dollar,1595.32,reliable
"Grady Memorial Hospital",csv_wide,"Cardiac Stress Test","Cardiac Stress Test",facility,"",outpatient,Aetna,Medicare,3585.0,negotiated_dollar,1254.75,reliable
"Grady Memorial Hospital",csv_wide,"Cardiac Stress Test","Cardiac Stress Test",facility,"",outpatient,Ambetter,Marketplace,3585.0,negotiated_dollar,530.58,reliable
"Grady Memorial Hospital",csv_wide,"Cardiac Stress Test","Cardiac Stress Test",facility,"",outpatient,Amerigroup,Medicaid,3585.0,negotiated_dollar,582.92,reliable
"Grady Memorial Hospital",csv_wide,"Cardiac Stress Test","Cardiac Stress Test",facility,"",outpatient,"Anthem BCBS",HMO/POS,3585.0,negotiated_dollar,2625.65,reliable
"Grady Memorial Hospital",csv_wide,"Cardiac Stress Test","Cardiac Stress Test",facility,"",outpatient,"Anthem BCBS",HPN,3585.0,negotiated_dollar,2868.0,reliable
"Grady Memorial Hospital",csv_wide,"Cardiac Stress Test","Cardiac Stress Test",facility,"",outpatient,"Anthem BCBS",PPO,3585.0,negotiated_dollar,2726.39,reliable
"Grady Memorial Hospital",csv_wide,"Cardiac Stress Test","Cardiac Stress Test",facility,"",outpatient,"Anthem BCBS",Pathways/Marketplace,3585.0,negotiated_dollar,2625.65,reliable
"Grady Memorial Hospital",csv_wide,"Cardiac Stress Test","Cardiac Stress Test",facility,"",outpatient,Caresource,Commercial,3585.0,negotiated_dollar,534.88,reliable
"Grady Memorial Hospital",csv_wide,"Cardiac Stress Test","Cardiac Stress Test",facility,"",outpatient,Cigna,Commercial,3585.0,negotiated_dollar,2120.53,reliable
"Grady Memorial Hospital",csv_wide,"Cardiac Stress Test","Cardiac Stress Test",facility,"",outpatient,Cigna,IFP,3585.0,negotiated_dollar,2100.81,reliable
"Grady Memorial Hospital",csv_wide,"Cardiac Stress Test","Cardiac Stress Test",facility,"",outpatient,Cigna,"Local Plus",3585.0,negotiated_dollar,1559.48,reliable
"Grady Memorial Hospital",csv_wide,"Cardiac Stress Test","Cardiac Stress Test",facility,"",outpatient,Kaiser,Commercial,3585.0,negotiated_dollar,2717.43,reliable
"Grady Memorial Hospital",csv_wide,"Cardiac Stress Test","Cardiac Stress Test",facility,"",outpatient,Multiplan,Commercial,3585.0,negotiated_dollar,2760.45,reliable
"Grady Memorial Hospital",csv_wide,"Cardiac Stress Test","Cardiac Stress Test",facility,"",outpatient,"Oscar Health",Commercial/Marketplace,3585.0,negotiated_dollar,2330.25,reliable
"Grady Memorial Hospital",csv_wide,"Cardiac Stress Test","Cardiac Stress Test",facility,"",outpatient,"Peach State",Medicaid,3585.0,negotiated_dollar,534.88,reliable
"Grady Memorial Hospital",csv_wide,"Cardiac Stress Test","Cardiac Stress Test",facility,"",outpatient,UHC,Commercial,3585.0,negotiated_dollar,2581.2,reliable
"Grady Memorial Hospital",csv_wide,"Cardiac Stress Test","Cardiac Stress Test",facility,"",outpatient,UHC,Exchange/Marketplace,3585.0,negotiated_dollar,2079.3,reliable
"Grady Memorial Hospital",csv_wide,"Cardiac Stress Test","Cardiac Stress Test",facility,"",outpatient,"USP Naphcare",Commercial,3585.0,negotiated_dollar,2151.0,reliable
"Grady Memorial Hospital",csv_wide,"Cardiac Stress Test","Cardiac Stress Test",facility,"",outpatient,Aetna,Commercial,3585.0,negotiated_dollar,1595.32,reliable
"Grady Memorial Hospital",csv_wide,"Cardiac Stress Test","Cardiac Stress Test",facility,"",outpatient,Aetna,Medicare,3585.0,negotiated_dollar,1254.75,reliable
"Grady Memorial Hospital",csv_wide,"Cardiac Stress Test","Cardiac Stress Test",facility,"",outpatient,Ambetter,Marketplace,3585.0,negotiated_dollar,530.58,reliable
"Grady Memorial Hospital",csv_wide,"Cardiac Stress Test","Cardiac Stress Test",facility,"",outpatient,Amerigroup,Medicaid,3585.0,negotiated_dollar,582.92,reliable
"Grady Memorial Hospital",csv_wide,"Cardiac Stress Test","Cardiac Stress Test",facility,"",outpatient,"Anthem BCBS",HMO/POS,3585.0,negotiated_dollar,2625.65,reliable
"Grady Memorial Hospital",csv_wide,"Cardiac Stress Test","Cardiac Stress Test",facility,"",outpatient,"Anthem BCBS",HPN,3585.0,negotiated_dollar,2868.0,reliable
"Grady Memorial Hospital",csv_wide,"Cardiac Stress Test","Cardiac Stress Test",facility,"",outpatient,"Anthem BCBS",PPO,3585.0,negotiated_dollar,2726.39,reliable
"Grady Memorial Hospital",csv_wide,"Cardiac Stress Test","Cardiac Stress Test",facility,"",outpatient,"Anthem BCBS",Pathways/Marketplace,3585.0,negotiated_dollar,2625.65,reliable
"Grady Memorial Hospital",csv_wide,"Cardiac Stress Test","Cardiac Stress Test",facility,"",outpatient,Caresource,Commercial,3585.0,negotiated_dollar,534.88,reliable
"Grady Memorial Hospital",csv_wide,"Cardiac Stress Test","Cardiac Stress Test",facility,"",outpatient,Cigna,Commercial,3585.0,negotiated_dollar,2120.53,reliable
"Grady Memorial Hospital",csv_wide,"Cardiac Stress Test","Cardiac Stress Test",facility,"",outpatient,Cigna,IFP,3585.0,negotiated_dollar,2100.81,reliable
"Grady Memorial Hospital",csv_wide,"Cardiac Stress Test","Cardiac Stress Test",facility,"",outpatient,Cigna,"Local Plus",3585.0,negotiated_dollar,1559.48,reliable
"Grady Memorial Hospital",csv_wide,"Cardiac Stress Test","Cardiac Stress Test",facility,"",outpatient,Kaiser,Commercial,3585.0,negotiated_dollar,2717.43,reliable
"Grady Memorial Hospital",csv_wide,"Cardiac Stress Test","Cardiac Stress Test",facility,"",outpatient,Multiplan,Commercial,3585.0,negotiated_dollar,2760.45,reliable
"Grady Memorial Hospital",csv_wide,"Cardiac Stress Test","Cardiac Stress Test",facility,"",outpatient,"Oscar Health",Commercial/Marketplace,3585.0,negotiated_dollar,2330.25,reliable
"Grady Memorial Hospital",csv_wide,"Cardiac Stress Test","Cardiac Stress Test",facility,"",outpatient,"Peach State",Medicaid,3585.0,negotiated_dollar,534.88,reliable
"Grady Memorial Hospital",csv_wide,"Cardiac Stress Test","Cardiac Stress Test",facility,"",outpatient,UHC,Commercial,3585.0,negotiated_dollar,2581.2,reliable
"Grady Memorial Hospital",csv_wide,"Cardiac Stress Test","Cardiac Stress Test",facility,"",outpatient,UHC,Exchange/Marketplace,3585.0,negotiated_dollar,2079.3,reliable
"Grady Memorial Hospital",csv_wide,"Cardiac Stress Test","Cardiac Stress Test",facility,"",outpatient,"USP Naphcare",Commercial,3585.0,negotiated_dollar,2151.0,reliable
"Grady Memorial Hospital",csv_wide,"Cardiac Stress Test","Cardiovascular stress test",facility,"",outpatient,Aetna,Commercial,,negotiated_dollar,88.5,reliable
"Grady Memorial Hospital",csv_wide,"Cardiac Stress Test","Cardiovascular stress test",facility,"",outpatient,Aetna,Medicare,,negotiated_dollar,309.83,reliable
"Grady Memorial Hospital",csv_wide,"Cardiac Stress Test","Cardiovascular stress test",facility,"",outpatient,Ambetter,Marketplace,,negotiated_dollar,309.83,reliable
"Grady Memorial Hospital",csv_wide,"Cardiac Stress Test","Cardiovascular stress test",facility,"",outpatient,"Anthem BCBS",Medicare,,negotiated_dollar,309.83,reliable
"Grady Memorial Hospital",csv_wide,"Cardiac Stress Test","Cardiovascular stress test",facility,"",outpatient,Caresource,Marketplace,,negotiated_dollar,495.72,reliable
"Grady Memorial Hospital",csv_wide,"Cardiac Stress Test","Cardiovascular stress test",facility,"",outpatient,Cigna,IFP,,negotiated_dollar,422.58,reliable
"Grady Memorial Hospital",csv_wide,"Cardiac Stress Test","Cardiovascular stress test",facility,"",outpatient,Cigna,Medicare,,negotiated_dollar,309.83,reliable
"Grady Memorial Hospital",csv_wide,"Cardiac Stress Test","Cardiovascular stress test",facility,"",outpatient,"Clear Spring Health",Medicare,,negotiated_dollar,325.32,reliable
"Grady Memorial Hospital",csv_wide,"Cardiac Stress Test","Cardiovascular stress test",facility,"",outpatient,Clover,Medicare,,negotiated_dollar,325.32,reliable
"Grady Memorial Hospital",csv_wide,"Cardiac Stress Test","Cardiovascular stress test",facility,"",outpatient,Humana,Medicare,,negotiated_dollar,309.83,reliable
"Grady Memorial Hospital",csv_wide,"Cardiac Stress Test","Cardiovascular stress test",facility,"",outpatient,Kaiser,Medicare,,negotiated_dollar,309.83,reliable
"Grady Memorial Hospital",csv_wide,"Cardiac Stress Test","Cardiovascular stress test",facility,"",outpatient,Medicare,Medicare,,negotiated_dollar,309.83,reliable
"Grady Memorial Hospital",csv_wide,"Cardiac Stress Test","Cardiovascular stress test",facility,"",outpatient,"Oscar Health",Commercial/Marketplace,,negotiated_dollar,513.8,reliable
"Grady Memorial Hospital",csv_wide,"Cardiac Stress Test","Cardiovascular stress test",facility,"",outpatient,UHC,Medicare,,negotiated_dollar,309.83,reliable
"Grady Memorial Hospital",csv_wide,"Cardiac Stress Test","Cardiovascular stress test",facility,"",outpatient,"USP Naphcare",Commercial,,negotiated_dollar,573.18,reliable
"Grady Memorial Hospital",csv_wide,"Cardiac Stress Test","Cardiovascular stress test",facility,"",outpatient,VACCN,Commercial,,negotiated_dollar,309.83,reliable
"Grady Memorial Hospital",csv_wide,"Cardiac Stress Test","Cardiovascular stress test",facility,"",outpatient,WellCare,Medicare,,negotiated_dollar,309.83,reliable
"Grady Memorial Hospital",csv_wide,"Cardiac Stress Test","Stress Echo",facility,"",inpatient,"Anthem BCBS",HPN,3585.0,negotiated_dollar,2868.0,reliable
"Grady Memorial Hospital",csv_wide,"Cardiac Stress Test","Stress Echo",facility,"",inpatient,Kaiser,Commercial,3585.0,negotiated_dollar,2717.43,reliable
"Grady Memorial Hospital",csv_wide,"Cardiac Stress Test","Stress Echo",facility,"",inpatient,Multiplan,Commercial,3585.0,negotiated_dollar,2760.45,reliable
"Grady Memorial Hospital",csv_wide,"Cardiac Stress Test","Stress Echo",facility,"",inpatient,"USP Naphcare",Commercial,3585.0,negotiated_dollar,2151.0,reliable
"Grady Memorial Hospital",csv_wide,"Cardiac Stress Test","Cardiac Stress Test",facility,"",inpatient,"Anthem BCBS",HPN,3585.0,negotiated_dollar,2868.0,reliable
"Grady Memorial Hospital",csv_wide,"Cardiac Stress Test","Cardiac Stress Test",facility,"",inpatient,Kaiser,Commercial,3585.0,negotiated_dollar,2717.43,reliable
"Grady Memorial Hospital",csv_wide,"Cardiac Stress Test","Cardiac Stress Test",facility,"",inpatient,Multiplan,Commercial,3585.0,negotiated_dollar,2760.45,reliable
"Grady Memorial Hospital",csv_wide,"Cardiac Stress Test","Cardiac Stress Test",facility,"",inpatient,"USP Naphcare",Commercial,3585.0,negotiated_dollar,2151.0,reliable
"Grady Memorial Hospital",csv_wide,"Cardiac Stress Test","Cardiac Stress Test",facility,"",inpatient,"Anthem BCBS",HPN,3585.0,negotiated_dollar,2868.0,reliable
"Grady Memorial Hospital",csv_wide,"Cardiac Stress Test","Cardiac Stress Test",facility,"",inpatient,Kaiser,Commercial,3585.0,negotiated_dollar,2717.43,reliable
"Grady Memorial Hospital",csv_wide,"Cardiac Stress Test","Cardiac Stress Test",facility,"",inpatient,Multiplan,Commercial,3585.0,negotiated_dollar,2760.45,reliable
"Grady Memorial Hospital",csv_wide,"Cardiac Stress Test","Cardiac Stress Test",facility,"",inpatient,"USP Naphcare",Commercial,3585.0,negotiated_dollar,2151.0,reliable
"Grady Memorial Hospital",csv_wide,"Cardiac Stress Test","Stress Echo",facility,"",outpatient,Aetna,Commercial,3585.0,negotiated_dollar,1595.32,reliable
"Grady Memorial Hospital",csv_wide,"Cardiac Stress Test","Stress Echo",facility,"",outpatient,Aetna,Medicare,3585.0,negotiated_dollar,1254.75,reliable
"Grady Memorial Hospital",csv_wide,"Cardiac Stress Test","Stress Echo",facility,"",outpatient,Ambetter,Marketplace,3585.0,negotiated_dollar,530.58,reliable
"Grady Memorial Hospital",csv_wide,"Cardiac Stress Test","Stress Echo",facility,"",outpatient,Amerigroup,Medicaid,3585.0,negotiated_dollar,582.92,reliable
"Grady Memorial Hospital",csv_wide,"Cardiac Stress Test","Stress Echo",facility,"",outpatient,"Anthem BCBS",HMO/POS,3585.0,negotiated_dollar,2625.65,reliable
"Grady Memorial Hospital",csv_wide,"Cardiac Stress Test","Stress Echo",facility,"",outpatient,"Anthem BCBS",HPN,3585.0,negotiated_dollar,2868.0,reliable
"Grady Memorial Hospital",csv_wide,"Cardiac Stress Test","Stress Echo",facility,"",outpatient,"Anthem BCBS",PPO,3585.0,negotiated_dollar,2726.39,reliable
"Grady Memorial Hospital",csv_wide,"Cardiac Stress Test","Stress Echo",facility,"",outpatient,"Anthem BCBS",Pathways/Marketplace,3585.0,negotiated_dollar,2625.65,reliable
"Grady Memorial Hospital",csv_wide,"Cardiac Stress Test","Stress Echo",facility,"",outpatient,Caresource,Commercial,3585.0,negotiated_dollar,534.88,reliable
"Grady Memorial Hospital",csv_wide,"Cardiac Stress Test","Stress Echo",facility,"",outpatient,Cigna,Commercial,3585.0,negotiated_dollar,2120.53,reliable
"Grady Memorial Hospital",csv_wide,"Cardiac Stress Test","Stress Echo",facility,"",outpatient,Cigna,IFP,3585.0,negotiated_dollar,2100.81,reliable
"Grady Memorial Hospital",csv_wide,"Cardiac Stress Test","Stress Echo",facility,"",outpatient,Cigna,"Local Plus",3585.0,negotiated_dollar,1559.48,reliable
"Grady Memorial Hospital",csv_wide,"Cardiac Stress Test","Stress Echo",facility,"",outpatient,Kaiser,Commercial,3585.0,negotiated_dollar,2717.43,reliable
"Grady Memorial Hospital",csv_wide,"Cardiac Stress Test","Stress Echo",facility,"",outpatient,Multiplan,Commercial,3585.0,negotiated_dollar,2760.45,reliable
"Grady Memorial Hospital",csv_wide,"Cardiac Stress Test","Stress Echo",facility,"",outpatient,"Oscar Health",Commercial/Marketplace,3585.0,negotiated_dollar,2330.25,reliable
"Grady Memorial Hospital",csv_wide,"Cardiac Stress Test","Stress Echo",facility,"",outpatient,"Peach State",Medicaid,3585.0,negotiated_dollar,534.88,reliable
"Grady Memorial Hospital",csv_wide,"Cardiac Stress Test","Stress Echo",facility,"",outpatient,UHC,Commercial,3585.0,negotiated_dollar,2581.2,reliable
"Grady Memorial Hospital",csv_wide,"Cardiac Stress Test","Stress Echo",facility,"",outpatient,UHC,Exchange/Marketplace,3585.0,negotiated_dollar,2079.3,reliable
"Grady Memorial Hospital",csv_wide,"Cardiac Stress Test","Stress Echo",facility,"",outpatient,"USP Naphcare",Commercial,3585.0,negotiated_dollar,2151.0,reliable
"Grady Memorial Hospital",csv_wide,"Cardiac Stress Test","Cardiac Stress Test",facility,"",outpatient,Aetna,Commercial,3585.0,negotiated_dollar,1595.32,reliable
"Grady Memorial Hospital",csv_wide,"Cardiac Stress Test","Cardiac Stress Test",facility,"",outpatient,Aetna,Medicare,3585.0,negotiated_dollar,1254.75,reliable
"Grady Memorial Hospital",csv_wide,"Cardiac Stress Test","Cardiac Stress Test",facility,"",outpatient,Ambetter,Marketplace,3585.0,negotiated_dollar,530.58,reliable
"Grady Memorial Hospital",csv_wide,"Cardiac Stress Test","Cardiac Stress Test",facility,"",outpatient,Amerigroup,Medicaid,3585.0,negotiated_dollar,582.92,reliable
"Grady Memorial Hospital",csv_wide,"Cardiac Stress Test","Cardiac Stress Test",facility,"",outpatient,"Anthem BCBS",HMO/POS,3585.0,negotiated_dollar,2625.65,reliable
"Grady Memorial Hospital",csv_wide,"Cardiac Stress Test","Cardiac Stress Test",facility,"",outpatient,"Anthem BCBS",HPN,3585.0,negotiated_dollar,2868.0,reliable
"Grady Memorial Hospital",csv_wide,"Cardiac Stress Test","Cardiac Stress Test",facility,"",outpatient,"Anthem BCBS",PPO,3585.0,negotiated_dollar,2726.39,reliable
"Grady Memorial Hospital",csv_wide,"Cardiac Stress Test","Cardiac Stress Test",facility,"",outpatient,"Anthem BCBS",Pathways/Marketplace,3585.0,negotiated_dollar,2625.65,reliable
"Grady Memorial Hospital",csv_wide,"Cardiac Stress Test","Cardiac Stress Test",facility,"",outpatient,Caresource,Commercial,3585.0,negotiated_dollar,534.88,reliable
"Grady Memorial Hospital",csv_wide,"Cardiac Stress Test","Cardiac Stress Test",facility,"",outpatient,Cigna,Commercial,3585.0,negotiated_dollar,2120.53,reliable
"Grady Memorial Hospital",csv_wide,"Cardiac Stress Test","Cardiac Stress Test",facility,"",outpatient,Cigna,IFP,3585.0,negotiated_dollar,2100.81,reliable
"Grady Memorial Hospital",csv_wide,"Cardiac Stress Test","Cardiac Stress Test",facility,"",outpatient,Cigna,"Local Plus",3585.0,negotiated_dollar,1559.48,reliable
"Grady Memorial Hospital",csv_wide,"Cardiac Stress Test","Cardiac Stress Test",facility,"",outpatient,Kaiser,Commercial,3585.0,negotiated_dollar,2717.43,reliable
"Grady Memorial Hospital",csv_wide,"Cardiac Stress Test","Cardiac Stress Test",facility,"",outpatient,Multiplan,Commercial,3585.0,negotiated_dollar,2760.45,reliable
"Grady Memorial Hospital",csv_wide,"Cardiac Stress Test","Cardiac Stress Test",facility,"",outpatient,"Oscar Health",Commercial/Marketplace,3585.0,negotiated_dollar,2330.25,reliable
"Grady Memorial Hospital",csv_wide,"Cardiac Stress Test","Cardiac Stress Test",facility,"",outpatient,"Peach State",Medicaid,3585.0,negotiated_dollar,534.88,reliable
"Grady Memorial Hospital",csv_wide,"Cardiac Stress Test","Cardiac Stress Test",facility,"",outpatient,UHC,Commercial,3585.0,negotiated_dollar,2581.2,reliable
"Grady Memorial Hospital",csv_wide,"Cardiac Stress Test","Cardiac Stress Test",facility,"",outpatient,UHC,Exchange/Marketplace,3585.0,negotiated_dollar,2079.3,reliable
"Grady Memorial Hospital",csv_wide,"Cardiac Stress Test","Cardiac Stress Test",facility,"",outpatient,"USP Naphcare",Commercial,3585.0,negotiated_dollar,2151.0,reliable
"Grady Memorial Hospital",csv_wide,"Cardiac Stress Test","Cardiac Stress Test",facility,"",outpatient,Aetna,Commercial,3585.0,negotiated_dollar,1595.32,reliable
"Grady Memorial Hospital",csv_wide,"Cardiac Stress Test","Cardiac Stress Test",facility,"",outpatient,Aetna,Medicare,3585.0,negotiated_dollar,1254.75,reliable
"Grady Memorial Hospital",csv_wide,"Cardiac Stress Test","Cardiac Stress Test",facility,"",outpatient,Ambetter,Marketplace,3585.0,negotiated_dollar,530.58,reliable
"Grady Memorial Hospital",csv_wide,"Cardiac Stress Test","Cardiac Stress Test",facility,"",outpatient,Amerigroup,Medicaid,3585.0,negotiated_dollar,582.92,reliable
"Grady Memorial Hospital",csv_wide,"Cardiac Stress Test","Cardiac Stress Test",facility,"",outpatient,"Anthem BCBS",HMO/POS,3585.0,negotiated_dollar,2625.65,reliable
"Grady Memorial Hospital",csv_wide,"Cardiac Stress Test","Cardiac Stress Test",facility,"",outpatient,"Anthem BCBS",HPN,3585.0,negotiated_dollar,2868.0,reliable
"Grady Memorial Hospital",csv_wide,"Cardiac Stress Test","Cardiac Stress Test",facility,"",outpatient,"Anthem BCBS",PPO,3585.0,negotiated_dollar,2726.39,reliable
"Grady Memorial Hospital",csv_wide,"Cardiac Stress Test","Cardiac Stress Test",facility,"",outpatient,"Anthem BCBS",Pathways/Marketplace,3585.0,negotiated_dollar,2625.65,reliable
"Grady Memorial Hospital",csv_wide,"Cardiac Stress Test","Cardiac Stress Test",facility,"",outpatient,Caresource,Commercial,3585.0,negotiated_dollar,534.88,reliable
"Grady Memorial Hospital",csv_wide,"Cardiac Stress Test","Cardiac Stress Test",facility,"",outpatient,Cigna,Commercial,3585.0,negotiated_dollar,2120.53,reliable
"Grady Memorial Hospital",csv_wide,"Cardiac Stress Test","Cardiac Stress Test",facility,"",outpatient,Cigna,IFP,3585.0,negotiated_dollar,2100.81,reliable
"Grady Memorial Hospital",csv_wide,"Cardiac Stress Test","Cardiac Stress Test",facility,"",outpatient,Cigna,"Local Plus",3585.0,negotiated_dollar,1559.48,reliable
"Grady Memorial Hospital",csv_wide,"Cardiac Stress Test","Cardiac Stress Test",facility,"",outpatient,Kaiser,Commercial,3585.0,negotiated_dollar,2717.43,reliable
"Grady Memorial Hospital",csv_wide,"Cardiac Stress Test","Cardiac Stress Test",facility,"",outpatient,Multiplan,Commercial,3585.0,negotiated_dollar,2760.45,reliable
"Grady Memorial Hospital",csv_wide,"Cardiac Stress Test","Cardiac Stress Test",facility,"",outpatient,"Oscar Health",Commercial/Marketplace,3585.0,negotiated_dollar,2330.25,reliable
"Grady Memorial Hospital",csv_wide,"Cardiac Stress Test","Cardiac Stress Test",facility,"",outpatient,"Peach State",Medicaid,3585.0,negotiated_dollar,534.88,reliable
"Grady Memorial Hospital",csv_wide,"Cardiac Stress Test","Cardiac Stress Test",facility,"",outpatient,UHC,Commercial,3585.0,negotiated_dollar,2581.2,reliable
"Grady Memorial Hospital",csv_wide,"Cardiac Stress Test","Cardiac Stress Test",facility,"",outpatient,UHC,Exchange/Marketplace,3585.0,negotiated_dollar,2079.3,reliable
"Grady Memorial Hospital",csv_wide,"Cardiac Stress Test","Cardiac Stress Test",facility,"",outpatient,"USP Naphcare",Commercial,3585.0,negotiated_dollar,2151.0,reliable
"Grady Memorial Hospital",csv_wide,"Cardiac Stress Test","Cardiovascular stress test",facility,"",outpatient,Aetna,Commercial,,negotiated_dollar,88.5,reliable
"Grady Memorial Hospital",csv_wide,"Cardiac Stress Test","Cardiovascular stress test",facility,"",outpatient,Aetna,Medicare,,negotiated_dollar,309.83,reliable
"Grady Memorial Hospital",csv_wide,"Cardiac Stress Test","Cardiovascular stress test",facility,"",outpatient,Ambetter,Marketplace,,negotiated_dollar,309.83,reliable
"Grady Memorial Hospital",csv_wide,"Cardiac Stress Test","Cardiovascular stress test",facility,"",outpatient,"Anthem BCBS",Medicare,,negotiated_dollar,309.83,reliable
"Grady Memorial Hospital",csv_wide,"Cardiac Stress Test","Cardiovascular stress test",facility,"",outpatient,Caresource,Marketplace,,negotiated_dollar,495.72,reliable
"Grady Memorial Hospital",csv_wide,"Cardiac Stress Test","Cardiovascular stress test",facility,"",outpatient,Cigna,IFP,,negotiated_dollar,422.58,reliable
"Grady Memorial Hospital",csv_wide,"Cardiac Stress Test","Cardiovascular stress test",facility,"",outpatient,Cigna,Medicare,,negotiated_dollar,309.83,reliable
"Grady Memorial Hospital",csv_wide,"Cardiac Stress Test","Cardiovascular stress test",facility,"",outpatient,"Clear Spring Health",Medicare,,negotiated_dollar,325.32,reliable
"Grady Memorial Hospital",csv_wide,"Cardiac Stress Test","Cardiovascular stress test",facility,"",outpatient,Clover,Medicare,,negotiated_dollar,325.32,reliable
"Grady Memorial Hospital",csv_wide,"Cardiac Stress Test","Cardiovascular stress test",facility,"",outpatient,Humana,Medicare,,negotiated_dollar,309.83,reliable
"Grady Memorial Hospital",csv_wide,"Cardiac Stress Test","Cardiovascular stress test",facility,"",outpatient,Kaiser,Medicare,,negotiated_dollar,309.83,reliable
"Grady Memorial Hospital",csv_wide,"Cardiac Stress Test","Cardiovascular stress test",facility,"",outpatient,Medicare,Medicare,,negotiated_dollar,309.83,reliable
"Grady Memorial Hospital",csv_wide,"Cardiac Stress Test","Cardiovascular stress test",facility,"",outpatient,"Oscar Health",Commercial/Marketplace,,negotiated_dollar,513.8,reliable
"Grady Memorial Hospital",csv_wide,"Cardiac Stress Test","Cardiovascular stress test",facility,"",outpatient,UHC,Medicare,,negotiated_dollar,309.83,reliable
"Grady Memorial Hospital",csv_wide,"Cardiac Stress Test","Cardiovascular stress test",facility,"",outpatient,"USP Naphcare",Commercial,,negotiated_dollar,573.18,reliable
"Grady Memorial Hospital",csv_wide,"Cardiac Stress Test","Cardiovascular stress test",facility,"",outpatient,VACCN,Commercial,,negotiated_dollar,309.83,reliable
"Grady Memorial Hospital",csv_wide,"Cardiac Stress Test","Cardiovascular stress test",facility,"",outpatient,WellCare,Medicare,,negotiated_dollar,309.83,reliable
"Grady Memorial Hospital",csv_wide,"Cardiac Stress Test","Stress Echo",facility,"",inpatient,"Anthem BCBS",HPN,3585.0,negotiated_dollar,2868.0,reliable
"Grady Memorial Hospital",csv_wide,"Cardiac Stress Test","Stress Echo",facility,"",inpatient,Kaiser,Commercial,3585.0,negotiated_dollar,2717.43,reliable
"Grady Memorial Hospital",csv_wide,"Cardiac Stress Test","Stress Echo",facility,"",inpatient,Multiplan,Commercial,3585.0,negotiated_dollar,2760.45,reliable
"Grady Memorial Hospital",csv_wide,"Cardiac Stress Test","Stress Echo",facility,"",inpatient,"USP Naphcare",Commercial,3585.0,negotiated_dollar,2151.0,reliable
"Grady Memorial Hospital",csv_wide,"Cardiac Stress Test","Cardiac Stress Test",facility,"",inpatient,"Anthem BCBS",HPN,3585.0,negotiated_dollar,2868.0,reliable
"Grady Memorial Hospital",csv_wide,"Cardiac Stress Test","Cardiac Stress Test",facility,"",inpatient,Kaiser,Commercial,3585.0,negotiated_dollar,2717.43,reliable
"Grady Memorial Hospital",csv_wide,"Cardiac Stress Test","Cardiac Stress Test",facility,"",inpatient,Multiplan,Commercial,3585.0,negotiated_dollar,2760.45,reliable
"Grady Memorial Hospital",csv_wide,"Cardiac Stress Test","Cardiac Stress Test",facility,"",inpatient,"USP Naphcare",Commercial,3585.0,negotiated_dollar,2151.0,reliable
"Grady Memorial Hospital",csv_wide,"Cardiac Stress Test","Cardiac Stress Test",facility,"",inpatient,"Anthem BCBS",HPN,3585.0,negotiated_dollar,2868.0,reliable
"Grady Memorial Hospital",csv_wide,"Cardiac Stress Test","Cardiac Stress Test",facility,"",inpatient,Kaiser,Commercial,3585.0,negotiated_dollar,2717.43,reliable
"Grady Memorial Hospital",csv_wide,"Cardiac Stress Test","Cardiac Stress Test",facility,"",inpatient,Multiplan,Commercial,3585.0,negotiated_dollar,2760.45,reliable
"Grady Memorial Hospital",csv_wide,"Cardiac Stress Test","Cardiac Stress Test",facility,"",inpatient,"USP Naphcare",Commercial,3585.0,negotiated_dollar,2151.0,reliable
"Grady Memorial Hospital",csv_wide,"Cardiac Stress Test","Stress Echo",facility,"",outpatient,Aetna,Commercial,3585.0,negotiated_dollar,1595.32,reliable
"Grady Memorial Hospital",csv_wide,"Cardiac Stress Test","Stress Echo",facility,"",outpatient,Aetna,Medicare,3585.0,negotiated_dollar,1254.75,reliable
"Grady Memorial Hospital",csv_wide,"Cardiac Stress Test","Stress Echo",facility,"",outpatient,Ambetter,Marketplace,3585.0,negotiated_dollar,530.58,reliable
"Grady Memorial Hospital",csv_wide,"Cardiac Stress Test","Stress Echo",facility,"",outpatient,Amerigroup,Medicaid,3585.0,negotiated_dollar,582.92,reliable
"Grady Memorial Hospital",csv_wide,"Cardiac Stress Test","Stress Echo",facility,"",outpatient,"Anthem BCBS",HMO/POS,3585.0,negotiated_dollar,2625.65,reliable
"Grady Memorial Hospital",csv_wide,"Cardiac Stress Test","Stress Echo",facility,"",outpatient,"Anthem BCBS",HPN,3585.0,negotiated_dollar,2868.0,reliable
"Grady Memorial Hospital",csv_wide,"Cardiac Stress Test","Stress Echo",facility,"",outpatient,"Anthem BCBS",PPO,3585.0,negotiated_dollar,2726.39,reliable
"Grady Memorial Hospital",csv_wide,"Cardiac Stress Test","Stress Echo",facility,"",outpatient,"Anthem BCBS",Pathways/Marketplace,3585.0,negotiated_dollar,2625.65,reliable
"Grady Memorial Hospital",csv_wide,"Cardiac Stress Test","Stress Echo",facility,"",outpatient,Caresource,Commercial,3585.0,negotiated_dollar,534.88,reliable
"Grady Memorial Hospital",csv_wide,"Cardiac Stress Test","Stress Echo",facility,"",outpatient,Cigna,Commercial,3585.0,negotiated_dollar,2120.53,reliable
"Grady Memorial Hospital",csv_wide,"Cardiac Stress Test","Stress Echo",facility,"",outpatient,Cigna,IFP,3585.0,negotiated_dollar,2100.81,reliable
"Grady Memorial Hospital",csv_wide,"Cardiac Stress Test","Stress Echo",facility,"",outpatient,Cigna,"Local Plus",3585.0,negotiated_dollar,1559.48,reliable
"Grady Memorial Hospital",csv_wide,"Cardiac Stress Test","Stress Echo",facility,"",outpatient,Kaiser,Commercial,3585.0,negotiated_dollar,2717.43,reliable
"Grady Memorial Hospital",csv_wide,"Cardiac Stress Test","Stress Echo",facility,"",outpatient,Multiplan,Commercial,3585.0,negotiated_dollar,2760.45,reliable
"Grady Memorial Hospital",csv_wide,"Cardiac Stress Test","Stress Echo",facility,"",outpatient,"Oscar Health",Commercial/Marketplace,3585.0,negotiated_dollar,2330.25,reliable
"Grady Memorial Hospital",csv_wide,"Cardiac Stress Test","Stress Echo",facility,"",outpatient,"Peach State",Medicaid,3585.0,negotiated_dollar,534.88,reliable
"Grady Memorial Hospital",csv_wide,"Cardiac Stress Test","Stress Echo",facility,"",outpatient,UHC,Commercial,3585.0,negotiated_dollar,2581.2,reliable
"Grady Memorial Hospital",csv_wide,"Cardiac Stress Test","Stress Echo",facility,"",outpatient,UHC,Exchange/Marketplace,3585.0,negotiated_dollar,2079.3,reliable
"Grady Memorial Hospital",csv_wide,"Cardiac Stress Test","Stress Echo",facility,"",outpatient,"USP Naphcare",Commercial,3585.0,negotiated_dollar,2151.0,reliable
"Grady Memorial Hospital",csv_wide,"Cardiac Stress Test","Cardiac Stress Test",facility,"",outpatient,Aetna,Commercial,3585.0,negotiated_dollar,1595.32,reliable
"Grady Memorial Hospital",csv_wide,"Cardiac Stress Test","Cardiac Stress Test",facility,"",outpatient,Aetna,Medicare,3585.0,negotiated_dollar,1254.75,reliable
"Grady Memorial Hospital",csv_wide,"Cardiac Stress Test","Cardiac Stress Test",facility,"",outpatient,Ambetter,Marketplace,3585.0,negotiated_dollar,530.58,reliable
"Grady Memorial Hospital",csv_wide,"Cardiac Stress Test","Cardiac Stress Test",facility,"",outpatient,Amerigroup,Medicaid,3585.0,negotiated_dollar,582.92,reliable
"Grady Memorial Hospital",csv_wide,"Cardiac Stress Test","Cardiac Stress Test",facility,"",outpatient,"Anthem BCBS",HMO/POS,3585.0,negotiated_dollar,2625.65,reliable
"Grady Memorial Hospital",csv_wide,"Cardiac Stress Test","Cardiac Stress Test",facility,"",outpatient,"Anthem BCBS",HPN,3585.0,negotiated_dollar,2868.0,reliable
"Grady Memorial Hospital",csv_wide,"Cardiac Stress Test","Cardiac Stress Test",facility,"",outpatient,"Anthem BCBS",PPO,3585.0,negotiated_dollar,2726.39,reliable
"Grady Memorial Hospital",csv_wide,"Cardiac Stress Test","Cardiac Stress Test",facility,"",outpatient,"Anthem BCBS",Pathways/Marketplace,3585.0,negotiated_dollar,2625.65,reliable
"Grady Memorial Hospital",csv_wide,"Cardiac Stress Test","Cardiac Stress Test",facility,"",outpatient,Caresource,Commercial,3585.0,negotiated_dollar,534.88,reliable
"Grady Memorial Hospital",csv_wide,"Cardiac Stress Test","Cardiac Stress Test",facility,"",outpatient,Cigna,Commercial,3585.0,negotiated_dollar,2120.53,reliable
"Grady Memorial Hospital",csv_wide,"Cardiac Stress Test","Cardiac Stress Test",facility,"",outpatient,Cigna,IFP,3585.0,negotiated_dollar,2100.81,reliable
"Grady Memorial Hospital",csv_wide,"Cardiac Stress Test","Cardiac Stress Test",facility,"",outpatient,Cigna,"Local Plus",3585.0,negotiated_dollar,1559.48,reliable
"Grady Memorial Hospital",csv_wide,"Cardiac Stress Test","Cardiac Stress Test",facility,"",outpatient,Kaiser,Commercial,3585.0,negotiated_dollar,2717.43,reliable
"Grady Memorial Hospital",csv_wide,"Cardiac Stress Test","Cardiac Stress Test",facility,"",outpatient,Multiplan,Commercial,3585.0,negotiated_dollar,2760.45,reliable
"Grady Memorial Hospital",csv_wide,"Cardiac Stress Test","Cardiac Stress Test",facility,"",outpatient,"Oscar Health",Commercial/Marketplace,3585.0,negotiated_dollar,2330.25,reliable
"Grady Memorial Hospital",csv_wide,"Cardiac Stress Test","Cardiac Stress Test",facility,"",outpatient,"Peach State",Medicaid,3585.0,negotiated_dollar,534.88,reliable
"Grady Memorial Hospital",csv_wide,"Cardiac Stress Test","Cardiac Stress Test",facility,"",outpatient,UHC,Commercial,3585.0,negotiated_dollar,2581.2,reliable
"Grady Memorial Hospital",csv_wide,"Cardiac Stress Test","Cardiac Stress Test",facility,"",outpatient,UHC,Exchange/Marketplace,3585.0,negotiated_dollar,2079.3,reliable
"Grady Memorial Hospital",csv_wide,"Cardiac Stress Test","Cardiac Stress Test",facility,"",outpatient,"USP Naphcare",Commercial,3585.0,negotiated_dollar,2151.0,reliable
"Grady Memorial Hospital",csv_wide,"Cardiac Stress Test","Cardiac Stress Test",facility,"",outpatient,Aetna,Commercial,3585.0,negotiated_dollar,1595.32,reliable
"Grady Memorial Hospital",csv_wide,"Cardiac Stress Test","Cardiac Stress Test",facility,"",outpatient,Aetna,Medicare,3585.0,negotiated_dollar,1254.75,reliable
"Grady Memorial Hospital",csv_wide,"Cardiac Stress Test","Cardiac Stress Test",facility,"",outpatient,Ambetter,Marketplace,3585.0,negotiated_dollar,530.58,reliable
"Grady Memorial Hospital",csv_wide,"Cardiac Stress Test","Cardiac Stress Test",facility,"",outpatient,Amerigroup,Medicaid,3585.0,negotiated_dollar,582.92,reliable
"Grady Memorial Hospital",csv_wide,"Cardiac Stress Test","Cardiac Stress Test",facility,"",outpatient,"Anthem BCBS",HMO/POS,3585.0,negotiated_dollar,2625.65,reliable
"Grady Memorial Hospital",csv_wide,"Cardiac Stress Test","Cardiac Stress Test",facility,"",outpatient,"Anthem BCBS",HPN,3585.0,negotiated_dollar,2868.0,reliable
"Grady Memorial Hospital",csv_wide,"Cardiac Stress Test","Cardiac Stress Test",facility,"",outpatient,"Anthem BCBS",PPO,3585.0,negotiated_dollar,2726.39,reliable
"Grady Memorial Hospital",csv_wide,"Cardiac Stress Test","Cardiac Stress Test",facility,"",outpatient,"Anthem BCBS",Pathways/Marketplace,3585.0,negotiated_dollar,2625.65,reliable
"Grady Memorial Hospital",csv_wide,"Cardiac Stress Test","Cardiac Stress Test",facility,"",outpatient,Caresource,Commercial,3585.0,negotiated_dollar,534.88,reliable
"Grady Memorial Hospital",csv_wide,"Cardiac Stress Test","Cardiac Stress Test",facility,"",outpatient,Cigna,Commercial,3585.0,negotiated_dollar,2120.53,reliable
"Grady Memorial Hospital",csv_wide,"Cardiac Stress Test","Cardiac Stress Test",facility,"",outpatient,Cigna,IFP,3585.0,negotiated_dollar,2100.81,reliable
"Grady Memorial Hospital",csv_wide,"Cardiac Stress Test","Cardiac Stress Test",facility,"",outpatient,Cigna,"Local Plus",3585.0,negotiated_dollar,1559.48,reliable
"Grady Memorial Hospital",csv_wide,"Cardiac Stress Test","Cardiac Stress Test",facility,"",outpatient,Kaiser,Commercial,3585.0,negotiated_dollar,2717.43,reliable
"Grady Memorial Hospital",csv_wide,"Cardiac Stress Test","Cardiac Stress Test",facility,"",outpatient,Multiplan,Commercial,3585.0,negotiated_dollar,2760.45,reliable
"Grady Memorial Hospital",csv_wide,"Cardiac Stress Test","Cardiac Stress Test",facility,"",outpatient,"Oscar Health",Commercial/Marketplace,3585.0,negotiated_dollar,2330.25,reliable
"Grady Memorial Hospital",csv_wide,"Cardiac Stress Test","Cardiac Stress Test",facility,"",outpatient,"Peach State",Medicaid,3585.0,negotiated_dollar,534.88,reliable
"Grady Memorial Hospital",csv_wide,"Cardiac Stress Test","Cardiac Stress Test",facility,"",outpatient,UHC,Commercial,3585.0,negotiated_dollar,2581.2,reliable
"Grady Memorial Hospital",csv_wide,"Cardiac Stress Test","Cardiac Stress Test",facility,"",outpatient,UHC,Exchange/Marketplace,3585.0,negotiated_dollar,2079.3,reliable
"Grady Memorial Hospital",csv_wide,"Cardiac Stress Test","Cardiac Stress Test",facility,"",outpatient,"USP Naphcare",Commercial,3585.0,negotiated_dollar,2151.0,reliable
"Grady Memorial Hospital",csv_wide,"Cardiac Stress Test","Cardiovascular stress test",facility,"",outpatient,Aetna,Commercial,,negotiated_dollar,88.5,reliable
"Grady Memorial Hospital",csv_wide,"Cardiac Stress Test","Cardiovascular stress test",facility,"",outpatient,Aetna,Medicare,,negotiated_dollar,309.83,reliable
"Grady Memorial Hospital",csv_wide,"Cardiac Stress Test","Cardiovascular stress test",facility,"",outpatient,Ambetter,Marketplace,,negotiated_dollar,309.83,reliable
"Grady Memorial Hospital",csv_wide,"Cardiac Stress Test","Cardiovascular stress test",facility,"",outpatient,"Anthem BCBS",Medicare,,negotiated_dollar,309.83,reliable
"Grady Memorial Hospital",csv_wide,"Cardiac Stress Test","Cardiovascular stress test",facility,"",outpatient,Caresource,Marketplace,,negotiated_dollar,495.72,reliable
"Grady Memorial Hospital",csv_wide,"Cardiac Stress Test","Cardiovascular stress test",facility,"",outpatient,Cigna,IFP,,negotiated_dollar,422.58,reliable
"Grady Memorial Hospital",csv_wide,"Cardiac Stress Test","Cardiovascular stress test",facility,"",outpatient,Cigna,Medicare,,negotiated_dollar,309.83,reliable
"Grady Memorial Hospital",csv_wide,"Cardiac Stress Test","Cardiovascular stress test",facility,"",outpatient,"Clear Spring Health",Medicare,,negotiated_dollar,325.32,reliable
"Grady Memorial Hospital",csv_wide,"Cardiac Stress Test","Cardiovascular stress test",facility,"",outpatient,Clover,Medicare,,negotiated_dollar,325.32,reliable
"Grady Memorial Hospital",csv_wide,"Cardiac Stress Test","Cardiovascular stress test",facility,"",outpatient,Humana,Medicare,,negotiated_dollar,309.83,reliable
"Grady Memorial Hospital",csv_wide,"Cardiac Stress Test","Cardiovascular stress test",facility,"",outpatient,Kaiser,Medicare,,negotiated_dollar,309.83,reliable
"Grady Memorial Hospital",csv_wide,"Cardiac Stress Test","Cardiovascular stress test",facility,"",outpatient,Medicare,Medicare,,negotiated_dollar,309.83,reliable
"Grady Memorial Hospital",csv_wide,"Cardiac Stress Test","Cardiovascular stress test",facility,"",outpatient,"Oscar Health",Commercial/Marketplace,,negotiated_dollar,513.8,reliable
"Grady Memorial Hospital",csv_wide,"Cardiac Stress Test","Cardiovascular stress test",facility,"",outpatient,UHC,Medicare,,negotiated_dollar,309.83,reliable
"Grady Memorial Hospital",csv_wide,"Cardiac Stress Test","Cardiovascular stress test",facility,"",outpatient,"USP Naphcare",Commercial,,negotiated_dollar,573.18,reliable
"Grady Memorial Hospital",csv_wide,"Cardiac Stress Test","Cardiovascular stress test",facility,"",outpatient,VACCN,Commercial,,negotiated_dollar,309.83,reliable
"Grady Memorial Hospital",csv_wide,"Cardiac Stress Test","Cardiovascular stress test",facility,"",outpatient,WellCare,Medicare,,negotiated_dollar,309.83,reliable
"Grady Memorial Hospital",csv_wide,"Cardiac Stress Test","Stress Echo",facility,"",inpatient,"Anthem BCBS",HPN,3585.0,negotiated_dollar,2868.0,reliable
"Grady Memorial Hospital",csv_wide,"Cardiac Stress Test","Stress Echo",facility,"",inpatient,Kaiser,Commercial,3585.0,negotiated_dollar,2717.43,reliable
"Grady Memorial Hospital",csv_wide,"Cardiac Stress Test","Stress Echo",facility,"",inpatient,Multiplan,Commercial,3585.0,negotiated_dollar,2760.45,reliable
"Grady Memorial Hospital",csv_wide,"Cardiac Stress Test","Stress Echo",facility,"",inpatient,"USP Naphcare",Commercial,3585.0,negotiated_dollar,2151.0,reliable
"Grady Memorial Hospital",csv_wide,"Cardiac Stress Test","Cardiac Stress Test",facility,"",inpatient,"Anthem BCBS",HPN,3585.0,negotiated_dollar,2868.0,reliable
"Grady Memorial Hospital",csv_wide,"Cardiac Stress Test","Cardiac Stress Test",facility,"",inpatient,Kaiser,Commercial,3585.0,negotiated_dollar,2717.43,reliable
"Grady Memorial Hospital",csv_wide,"Cardiac Stress Test","Cardiac Stress Test",facility,"",inpatient,Multiplan,Commercial,3585.0,negotiated_dollar,2760.45,reliable
"Grady Memorial Hospital",csv_wide,"Cardiac Stress Test","Cardiac Stress Test",facility,"",inpatient,"USP Naphcare",Commercial,3585.0,negotiated_dollar,2151.0,reliable
"Grady Memorial Hospital",csv_wide,"Cardiac Stress Test","Cardiac Stress Test",facility,"",inpatient,"Anthem BCBS",HPN,3585.0,negotiated_dollar,2868.0,reliable
"Grady Memorial Hospital",csv_wide,"Cardiac Stress Test","Cardiac Stress Test",facility,"",inpatient,Kaiser,Commercial,3585.0,negotiated_dollar,2717.43,reliable
"Grady Memorial Hospital",csv_wide,"Cardiac Stress Test","Cardiac Stress Test",facility,"",inpatient,Multiplan,Commercial,3585.0,negotiated_dollar,2760.45,reliable
"Grady Memorial Hospital",csv_wide,"Cardiac Stress Test","Cardiac Stress Test",facility,"",inpatient,"USP Naphcare",Commercial,3585.0,negotiated_dollar,2151.0,reliable
"Grady Memorial Hospital",csv_wide,"Cardiac Stress Test","Stress Echo",facility,"",outpatient,Aetna,Commercial,3585.0,negotiated_dollar,1595.32,reliable
"Grady Memorial Hospital",csv_wide,"Cardiac Stress Test","Stress Echo",facility,"",outpatient,Aetna,Medicare,3585.0,negotiated_dollar,1254.75,reliable
"Grady Memorial Hospital",csv_wide,"Cardiac Stress Test","Stress Echo",facility,"",outpatient,Ambetter,Marketplace,3585.0,negotiated_dollar,530.58,reliable
"Grady Memorial Hospital",csv_wide,"Cardiac Stress Test","Stress Echo",facility,"",outpatient,Amerigroup,Medicaid,3585.0,negotiated_dollar,582.92,reliable
"Grady Memorial Hospital",csv_wide,"Cardiac Stress Test","Stress Echo",facility,"",outpatient,"Anthem BCBS",HMO/POS,3585.0,negotiated_dollar,2625.65,reliable
"Grady Memorial Hospital",csv_wide,"Cardiac Stress Test","Stress Echo",facility,"",outpatient,"Anthem BCBS",HPN,3585.0,negotiated_dollar,2868.0,reliable
"Grady Memorial Hospital",csv_wide,"Cardiac Stress Test","Stress Echo",facility,"",outpatient,"Anthem BCBS",PPO,3585.0,negotiated_dollar,2726.39,reliable
"Grady Memorial Hospital",csv_wide,"Cardiac Stress Test","Stress Echo",facility,"",outpatient,"Anthem BCBS",Pathways/Marketplace,3585.0,negotiated_dollar,2625.65,reliable
"Grady Memorial Hospital",csv_wide,"Cardiac Stress Test","Stress Echo",facility,"",outpatient,Caresource,Commercial,3585.0,negotiated_dollar,534.88,reliable
"Grady Memorial Hospital",csv_wide,"Cardiac Stress Test","Stress Echo",facility,"",outpatient,Cigna,Commercial,3585.0,negotiated_dollar,2120.53,reliable
"Grady Memorial Hospital",csv_wide,"Cardiac Stress Test","Stress Echo",facility,"",outpatient,Cigna,IFP,3585.0,negotiated_dollar,2100.81,reliable
"Grady Memorial Hospital",csv_wide,"Cardiac Stress Test","Stress Echo",facility,"",outpatient,Cigna,"Local Plus",3585.0,negotiated_dollar,1559.48,reliable
"Grady Memorial Hospital",csv_wide,"Cardiac Stress Test","Stress Echo",facility,"",outpatient,Kaiser,Commercial,3585.0,negotiated_dollar,2717.43,reliable
"Grady Memorial Hospital",csv_wide,"Cardiac Stress Test","Stress Echo",facility,"",outpatient,Multiplan,Commercial,3585.0,negotiated_dollar,2760.45,reliable
"Grady Memorial Hospital",csv_wide,"Cardiac Stress Test","Stress Echo",facility,"",outpatient,"Oscar Health",Commercial/Marketplace,3585.0,negotiated_dollar,2330.25,reliable
"Grady Memorial Hospital",csv_wide,"Cardiac Stress Test","Stress Echo",facility,"",outpatient,"Peach State",Medicaid,3585.0,negotiated_dollar,534.88,reliable
"Grady Memorial Hospital",csv_wide,"Cardiac Stress Test","Stress Echo",facility,"",outpatient,UHC,Commercial,3585.0,negotiated_dollar,2581.2,reliable
"Grady Memorial Hospital",csv_wide,"Cardiac Stress Test","Stress Echo",facility,"",outpatient,UHC,Exchange/Marketplace,3585.0,negotiated_dollar,2079.3,reliable
"Grady Memorial Hospital",csv_wide,"Cardiac Stress Test","Stress Echo",facility,"",outpatient,"USP Naphcare",Commercial,3585.0,negotiated_dollar,2151.0,reliable
"Grady Memorial Hospital",csv_wide,"Cardiac Stress Test","Cardiac Stress Test",facility,"",outpatient,Aetna,Commercial,3585.0,negotiated_dollar,1595.32,reliable
"Grady Memorial Hospital",csv_wide,"Cardiac Stress Test","Cardiac Stress Test",facility,"",outpatient,Aetna,Medicare,3585.0,negotiated_dollar,1254.75,reliable
"Grady Memorial Hospital",csv_wide,"Cardiac Stress Test","Cardiac Stress Test",facility,"",outpatient,Ambetter,Marketplace,3585.0,negotiated_dollar,530.58,reliable
"Grady Memorial Hospital",csv_wide,"Cardiac Stress Test","Cardiac Stress Test",facility,"",outpatient,Amerigroup,Medicaid,3585.0,negotiated_dollar,582.92,reliable
"Grady Memorial Hospital",csv_wide,"Cardiac Stress Test","Cardiac Stress Test",facility,"",outpatient,"Anthem BCBS",HMO/POS,3585.0,negotiated_dollar,2625.65,reliable
"Grady Memorial Hospital",csv_wide,"Cardiac Stress Test","Cardiac Stress Test",facility,"",outpatient,"Anthem BCBS",HPN,3585.0,negotiated_dollar,2868.0,reliable
"Grady Memorial Hospital",csv_wide,"Cardiac Stress Test","Cardiac Stress Test",facility,"",outpatient,"Anthem BCBS",PPO,3585.0,negotiated_dollar,2726.39,reliable
"Grady Memorial Hospital",csv_wide,"Cardiac Stress Test","Cardiac Stress Test",facility,"",outpatient,"Anthem BCBS",Pathways/Marketplace,3585.0,negotiated_dollar,2625.65,reliable
"Grady Memorial Hospital",csv_wide,"Cardiac Stress Test","Cardiac Stress Test",facility,"",outpatient,Caresource,Commercial,3585.0,negotiated_dollar,534.88,reliable
"Grady Memorial Hospital",csv_wide,"Cardiac Stress Test","Cardiac Stress Test",facility,"",outpatient,Cigna,Commercial,3585.0,negotiated_dollar,2120.53,reliable
"Grady Memorial Hospital",csv_wide,"Cardiac Stress Test","Cardiac Stress Test",facility,"",outpatient,Cigna,IFP,3585.0,negotiated_dollar,2100.81,reliable
"Grady Memorial Hospital",csv_wide,"Cardiac Stress Test","Cardiac Stress Test",facility,"",outpatient,Cigna,"Local Plus",3585.0,negotiated_dollar,1559.48,reliable
"Grady Memorial Hospital",csv_wide,"Cardiac Stress Test","Cardiac Stress Test",facility,"",outpatient,Kaiser,Commercial,3585.0,negotiated_dollar,2717.43,reliable
"Grady Memorial Hospital",csv_wide,"Cardiac Stress Test","Cardiac Stress Test",facility,"",outpatient,Multiplan,Commercial,3585.0,negotiated_dollar,2760.45,reliable
"Grady Memorial Hospital",csv_wide,"Cardiac Stress Test","Cardiac Stress Test",facility,"",outpatient,"Oscar Health",Commercial/Marketplace,3585.0,negotiated_dollar,2330.25,reliable
"Grady Memorial Hospital",csv_wide,"Cardiac Stress Test","Cardiac Stress Test",facility,"",outpatient,"Peach State",Medicaid,3585.0,negotiated_dollar,534.88,reliable
"Grady Memorial Hospital",csv_wide,"Cardiac Stress Test","Cardiac Stress Test",facility,"",outpatient,UHC,Commercial,3585.0,negotiated_dollar,2581.2,reliable
"Grady Memorial Hospital",csv_wide,"Cardiac Stress Test","Cardiac Stress Test",facility,"",outpatient,UHC,Exchange/Marketplace,3585.0,negotiated_dollar,2079.3,reliable
"Grady Memorial Hospital",csv_wide,"Cardiac Stress Test","Cardiac Stress Test",facility,"",outpatient,"USP Naphcare",Commercial,3585.0,negotiated_dollar,2151.0,reliable
"Grady Memorial Hospital",csv_wide,"Cardiac Stress Test","Cardiac Stress Test",facility,"",outpatient,Aetna,Commercial,3585.0,negotiated_dollar,1595.32,reliable
"Grady Memorial Hospital",csv_wide,"Cardiac Stress Test","Cardiac Stress Test",facility,"",outpatient,Aetna,Medicare,3585.0,negotiated_dollar,1254.75,reliable
"Grady Memorial Hospital",csv_wide,"Cardiac Stress Test","Cardiac Stress Test",facility,"",outpatient,Ambetter,Marketplace,3585.0,negotiated_dollar,530.58,reliable
"Grady Memorial Hospital",csv_wide,"Cardiac Stress Test","Cardiac Stress Test",facility,"",outpatient,Amerigroup,Medicaid,3585.0,negotiated_dollar,582.92,reliable
"Grady Memorial Hospital",csv_wide,"Cardiac Stress Test","Cardiac Stress Test",facility,"",outpatient,"Anthem BCBS",HMO/POS,3585.0,negotiated_dollar,2625.65,reliable
"Grady Memorial Hospital",csv_wide,"Cardiac Stress Test","Cardiac Stress Test",facility,"",outpatient,"Anthem BCBS",HPN,3585.0,negotiated_dollar,2868.0,reliable
"Grady Memorial Hospital",csv_wide,"Cardiac Stress Test","Cardiac Stress Test",facility,"",outpatient,"Anthem BCBS",PPO,3585.0,negotiated_dollar,2726.39,reliable
"Grady Memorial Hospital",csv_wide,"Cardiac Stress Test","Cardiac Stress Test",facility,"",outpatient,"Anthem BCBS",Pathways/Marketplace,3585.0,negotiated_dollar,2625.65,reliable
"Grady Memorial Hospital",csv_wide,"Cardiac Stress Test","Cardiac Stress Test",facility,"",outpatient,Caresource,Commercial,3585.0,negotiated_dollar,534.88,reliable
"Grady Memorial Hospital",csv_wide,"Cardiac Stress Test","Cardiac Stress Test",facility,"",outpatient,Cigna,Commercial,3585.0,negotiated_dollar,2120.53,reliable
"Grady Memorial Hospital",csv_wide,"Cardiac Stress Test","Cardiac Stress Test",facility,"",outpatient,Cigna,IFP,3585.0,negotiated_dollar,2100.81,reliable
"Grady Memorial Hospital",csv_wide,"Cardiac Stress Test","Cardiac Stress Test",facility,"",outpatient,Cigna,"Local Plus",3585.0,negotiated_dollar,1559.48,reliable
"Grady Memorial Hospital",csv_wide,"Cardiac Stress Test","Cardiac Stress Test",facility,"",outpatient,Kaiser,Commercial,3585.0,negotiated_dollar,2717.43,reliable
"Grady Memorial Hospital",csv_wide,"Cardiac Stress Test","Cardiac Stress Test",facility,"",outpatient,Multiplan,Commercial,3585.0,negotiated_dollar,2760.45,reliable
"Grady Memorial Hospital",csv_wide,"Cardiac Stress Test","Cardiac Stress Test",facility,"",outpatient,"Oscar Health",Commercial/Marketplace,3585.0,negotiated_dollar,2330.25,reliable
"Grady Memorial Hospital",csv_wide,"Cardiac Stress Test","Cardiac Stress Test",facility,"",outpatient,"Peach State",Medicaid,3585.0,negotiated_dollar,534.88,reliable
"Grady Memorial Hospital",csv_wide,"Cardiac Stress Test","Cardiac Stress Test",facility,"",outpatient,UHC,Commercial,3585.0,negotiated_dollar,2581.2,reliable
"Grady Memorial Hospital",csv_wide,"Cardiac Stress Test","Cardiac Stress Test",facility,"",outpatient,UHC,Exchange/Marketplace,3585.0,negotiated_dollar,2079.3,reliable
"Grady Memorial Hospital",csv_wide,"Cardiac Stress Test","Cardiac Stress Test",facility,"",outpatient,"USP Naphcare",Commercial,3585.0,negotiated_dollar,2151.0,reliable
"Grady Memorial Hospital",csv_wide,"Cardiac Stress Test","Cardiovascular stress test",facility,"",outpatient,Aetna,Commercial,,negotiated_dollar,88.5,reliable
"Grady Memorial Hospital",csv_wide,"Cardiac Stress Test","Cardiovascular stress test",facility,"",outpatient,Aetna,Medicare,,negotiated_dollar,309.83,reliable
"Grady Memorial Hospital",csv_wide,"Cardiac Stress Test","Cardiovascular stress test",facility,"",outpatient,Ambetter,Marketplace,,negotiated_dollar,309.83,reliable
"Grady Memorial Hospital",csv_wide,"Cardiac Stress Test","Cardiovascular stress test",facility,"",outpatient,"Anthem BCBS",Medicare,,negotiated_dollar,309.83,reliable
"Grady Memorial Hospital",csv_wide,"Cardiac Stress Test","Cardiovascular stress test",facility,"",outpatient,Caresource,Marketplace,,negotiated_dollar,495.72,reliable
"Grady Memorial Hospital",csv_wide,"Cardiac Stress Test","Cardiovascular stress test",facility,"",outpatient,Cigna,IFP,,negotiated_dollar,422.58,reliable
"Grady Memorial Hospital",csv_wide,"Cardiac Stress Test","Cardiovascular stress test",facility,"",outpatient,Cigna,Medicare,,negotiated_dollar,309.83,reliable
"Grady Memorial Hospital",csv_wide,"Cardiac Stress Test","Cardiovascular stress test",facility,"",outpatient,"Clear Spring Health",Medicare,,negotiated_dollar,325.32,reliable
"Grady Memorial Hospital",csv_wide,"Cardiac Stress Test","Cardiovascular stress test",facility,"",outpatient,Clover,Medicare,,negotiated_dollar,325.32,reliable
"Grady Memorial Hospital",csv_wide,"Cardiac Stress Test","Cardiovascular stress test",facility,"",outpatient,Humana,Medicare,,negotiated_dollar,309.83,reliable
"Grady Memorial Hospital",csv_wide,"Cardiac Stress Test","Cardiovascular stress test",facility,"",outpatient,Kaiser,Medicare,,negotiated_dollar,309.83,reliable
"Grady Memorial Hospital",csv_wide,"Cardiac Stress Test","Cardiovascular stress test",facility,"",outpatient,Medicare,Medicare,,negotiated_dollar,309.83,reliable
"Grady Memorial Hospital",csv_wide,"Cardiac Stress Test","Cardiovascular stress test",facility,"",outpatient,"Oscar Health",Commercial/Marketplace,,negotiated_dollar,513.8,reliable
"Grady Memorial Hospital",csv_wide,"Cardiac Stress Test","Cardiovascular stress test",facility,"",outpatient,UHC,Medicare,,negotiated_dollar,309.83,reliable
"Grady Memorial Hospital",csv_wide,"Cardiac Stress Test","Cardiovascular stress test",facility,"",outpatient,"USP Naphcare",Commercial,,negotiated_dollar,573.18,reliable
"Grady Memorial Hospital",csv_wide,"Cardiac Stress Test","Cardiovascular stress test",facility,"",outpatient,VACCN,Commercial,,negotiated_dollar,309.83,reliable
"Grady Memorial Hospital",csv_wide,"Cardiac Stress Test","Cardiovascular stress test",facility,"",outpatient,WellCare,Medicare,,negotiated_dollar,309.83,reliable
"Grady Memorial Hospital",csv_wide,"Cardiac Stress Test","Stress Echo",facility,"",inpatient,"Anthem BCBS",HPN,3585.0,negotiated_dollar,2868.0,reliable
"Grady Memorial Hospital",csv_wide,"Cardiac Stress Test","Stress Echo",facility,"",inpatient,Kaiser,Commercial,3585.0,negotiated_dollar,2717.43,reliable
"Grady Memorial Hospital",csv_wide,"Cardiac Stress Test","Stress Echo",facility,"",inpatient,Multiplan,Commercial,3585.0,negotiated_dollar,2760.45,reliable
"Grady Memorial Hospital",csv_wide,"Cardiac Stress Test","Stress Echo",facility,"",inpatient,"USP Naphcare",Commercial,3585.0,negotiated_dollar,2151.0,reliable
"Grady Memorial Hospital",csv_wide,"Cardiac Stress Test","Cardiac Stress Test",facility,"",inpatient,"Anthem BCBS",HPN,3585.0,negotiated_dollar,2868.0,reliable
"Grady Memorial Hospital",csv_wide,"Cardiac Stress Test","Cardiac Stress Test",facility,"",inpatient,Kaiser,Commercial,3585.0,negotiated_dollar,2717.43,reliable
"Grady Memorial Hospital",csv_wide,"Cardiac Stress Test","Cardiac Stress Test",facility,"",inpatient,Multiplan,Commercial,3585.0,negotiated_dollar,2760.45,reliable
"Grady Memorial Hospital",csv_wide,"Cardiac Stress Test","Cardiac Stress Test",facility,"",inpatient,"USP Naphcare",Commercial,3585.0,negotiated_dollar,2151.0,reliable
"Grady Memorial Hospital",csv_wide,"Cardiac Stress Test","Cardiac Stress Test",facility,"",inpatient,"Anthem BCBS",HPN,3585.0,negotiated_dollar,2868.0,reliable
"Grady Memorial Hospital",csv_wide,"Cardiac Stress Test","Cardiac Stress Test",facility,"",inpatient,Kaiser,Commercial,3585.0,negotiated_dollar,2717.43,reliable
"Grady Memorial Hospital",csv_wide,"Cardiac Stress Test","Cardiac Stress Test",facility,"",inpatient,Multiplan,Commercial,3585.0,negotiated_dollar,2760.45,reliable
"Grady Memorial Hospital",csv_wide,"Cardiac Stress Test","Cardiac Stress Test",facility,"",inpatient,"USP Naphcare",Commercial,3585.0,negotiated_dollar,2151.0,reliable
"Grady Memorial Hospital",csv_wide,"Cardiac Stress Test","Stress Echo",facility,"",outpatient,Aetna,Commercial,3585.0,negotiated_dollar,1595.32,reliable
"Grady Memorial Hospital",csv_wide,"Cardiac Stress Test","Stress Echo",facility,"",outpatient,Aetna,Medicare,3585.0,negotiated_dollar,1254.75,reliable
"Grady Memorial Hospital",csv_wide,"Cardiac Stress Test","Stress Echo",facility,"",outpatient,Ambetter,Marketplace,3585.0,negotiated_dollar,530.58,reliable
"Grady Memorial Hospital",csv_wide,"Cardiac Stress Test","Stress Echo",facility,"",outpatient,Amerigroup,Medicaid,3585.0,negotiated_dollar,582.92,reliable
"Grady Memorial Hospital",csv_wide,"Cardiac Stress Test","Stress Echo",facility,"",outpatient,"Anthem BCBS",HMO/POS,3585.0,negotiated_dollar,2625.65,reliable
"Grady Memorial Hospital",csv_wide,"Cardiac Stress Test","Stress Echo",facility,"",outpatient,"Anthem BCBS",HPN,3585.0,negotiated_dollar,2868.0,reliable
"Grady Memorial Hospital",csv_wide,"Cardiac Stress Test","Stress Echo",facility,"",outpatient,"Anthem BCBS",PPO,3585.0,negotiated_dollar,2726.39,reliable
"Grady Memorial Hospital",csv_wide,"Cardiac Stress Test","Stress Echo",facility,"",outpatient,"Anthem BCBS",Pathways/Marketplace,3585.0,negotiated_dollar,2625.65,reliable
"Grady Memorial Hospital",csv_wide,"Cardiac Stress Test","Stress Echo",facility,"",outpatient,Caresource,Commercial,3585.0,negotiated_dollar,534.88,reliable
"Grady Memorial Hospital",csv_wide,"Cardiac Stress Test","Stress Echo",facility,"",outpatient,Cigna,Commercial,3585.0,negotiated_dollar,2120.53,reliable
"Grady Memorial Hospital",csv_wide,"Cardiac Stress Test","Stress Echo",facility,"",outpatient,Cigna,IFP,3585.0,negotiated_dollar,2100.81,reliable
"Grady Memorial Hospital",csv_wide,"Cardiac Stress Test","Stress Echo",facility,"",outpatient,Cigna,"Local Plus",3585.0,negotiated_dollar,1559.48,reliable
"Grady Memorial Hospital",csv_wide,"Cardiac Stress Test","Stress Echo",facility,"",outpatient,Kaiser,Commercial,3585.0,negotiated_dollar,2717.43,reliable
"Grady Memorial Hospital",csv_wide,"Cardiac Stress Test","Stress Echo",facility,"",outpatient,Multiplan,Commercial,3585.0,negotiated_dollar,2760.45,reliable
"Grady Memorial Hospital",csv_wide,"Cardiac Stress Test","Stress Echo",facility,"",outpatient,"Oscar Health",Commercial/Marketplace,3585.0,negotiated_dollar,2330.25,reliable
"Grady Memorial Hospital",csv_wide,"Cardiac Stress Test","Stress Echo",facility,"",outpatient,"Peach State",Medicaid,3585.0,negotiated_dollar,534.88,reliable
"Grady Memorial Hospital",csv_wide,"Cardiac Stress Test","Stress Echo",facility,"",outpatient,UHC,Commercial,3585.0,negotiated_dollar,2581.2,reliable
"Grady Memorial Hospital",csv_wide,"Cardiac Stress Test","Stress Echo",facility,"",outpatient,UHC,Exchange/Marketplace,3585.0,negotiated_dollar,2079.3,reliable
"Grady Memorial Hospital",csv_wide,"Cardiac Stress Test","Stress Echo",facility,"",outpatient,"USP Naphcare",Commercial,3585.0,negotiated_dollar,2151.0,reliable
"Grady Memorial Hospital",csv_wide,"Cardiac Stress Test","Cardiac Stress Test",facility,"",outpatient,Aetna,Commercial,3585.0,negotiated_dollar,1595.32,reliable
"Grady Memorial Hospital",csv_wide,"Cardiac Stress Test","Cardiac Stress Test",facility,"",outpatient,Aetna,Medicare,3585.0,negotiated_dollar,1254.75,reliable
"Grady Memorial Hospital",csv_wide,"Cardiac Stress Test","Cardiac Stress Test",facility,"",outpatient,Ambetter,Marketplace,3585.0,negotiated_dollar,530.58,reliable
"Grady Memorial Hospital",csv_wide,"Cardiac Stress Test","Cardiac Stress Test",facility,"",outpatient,Amerigroup,Medicaid,3585.0,negotiated_dollar,582.92,reliable
"Grady Memorial Hospital",csv_wide,"Cardiac Stress Test","Cardiac Stress Test",facility,"",outpatient,"Anthem BCBS",HMO/POS,3585.0,negotiated_dollar,2625.65,reliable
"Grady Memorial Hospital",csv_wide,"Cardiac Stress Test","Cardiac Stress Test",facility,"",outpatient,"Anthem BCBS",HPN,3585.0,negotiated_dollar,2868.0,reliable
"Grady Memorial Hospital",csv_wide,"Cardiac Stress Test","Cardiac Stress Test",facility,"",outpatient,"Anthem BCBS",PPO,3585.0,negotiated_dollar,2726.39,reliable
"Grady Memorial Hospital",csv_wide,"Cardiac Stress Test","Cardiac Stress Test",facility,"",outpatient,"Anthem BCBS",Pathways/Marketplace,3585.0,negotiated_dollar,2625.65,reliable
"Grady Memorial Hospital",csv_wide,"Cardiac Stress Test","Cardiac Stress Test",facility,"",outpatient,Caresource,Commercial,3585.0,negotiated_dollar,534.88,reliable
"Grady Memorial Hospital",csv_wide,"Cardiac Stress Test","Cardiac Stress Test",facility,"",outpatient,Cigna,Commercial,3585.0,negotiated_dollar,2120.53,reliable
"Grady Memorial Hospital",csv_wide,"Cardiac Stress Test","Cardiac Stress Test",facility,"",outpatient,Cigna,IFP,3585.0,negotiated_dollar,2100.81,reliable
"Grady Memorial Hospital",csv_wide,"Cardiac Stress Test","Cardiac Stress Test",facility,"",outpatient,Cigna,"Local Plus",3585.0,negotiated_dollar,1559.48,reliable
"Grady Memorial Hospital",csv_wide,"Cardiac Stress Test","Cardiac Stress Test",facility,"",outpatient,Kaiser,Commercial,3585.0,negotiated_dollar,2717.43,reliable
"Grady Memorial Hospital",csv_wide,"Cardiac Stress Test","Cardiac Stress Test",facility,"",outpatient,Multiplan,Commercial,3585.0,negotiated_dollar,2760.45,reliable
"Grady Memorial Hospital",csv_wide,"Cardiac Stress Test","Cardiac Stress Test",facility,"",outpatient,"Oscar Health",Commercial/Marketplace,3585.0,negotiated_dollar,2330.25,reliable
"Grady Memorial Hospital",csv_wide,"Cardiac Stress Test","Cardiac Stress Test",facility,"",outpatient,"Peach State",Medicaid,3585.0,negotiated_dollar,534.88,reliable
"Grady Memorial Hospital",csv_wide,"Cardiac Stress Test","Cardiac Stress Test",facility,"",outpatient,UHC,Commercial,3585.0,negotiated_dollar,2581.2,reliable
"Grady Memorial Hospital",csv_wide,"Cardiac Stress Test","Cardiac Stress Test",facility,"",outpatient,UHC,Exchange/Marketplace,3585.0,negotiated_dollar,2079.3,reliable
"Grady Memorial Hospital",csv_wide,"Cardiac Stress Test","Cardiac Stress Test",facility,"",outpatient,"USP Naphcare",Commercial,3585.0,negotiated_dollar,2151.0,reliable
"Grady Memorial Hospital",csv_wide,"Cardiac Stress Test","Cardiac Stress Test",facility,"",outpatient,Aetna,Commercial,3585.0,negotiated_dollar,1595.32,reliable
"Grady Memorial Hospital",csv_wide,"Cardiac Stress Test","Cardiac Stress Test",facility,"",outpatient,Aetna,Medicare,3585.0,negotiated_dollar,1254.75,reliable
"Grady Memorial Hospital",csv_wide,"Cardiac Stress Test","Cardiac Stress Test",facility,"",outpatient,Ambetter,Marketplace,3585.0,negotiated_dollar,530.58,reliable
"Grady Memorial Hospital",csv_wide,"Cardiac Stress Test","Cardiac Stress Test",facility,"",outpatient,Amerigroup,Medicaid,3585.0,negotiated_dollar,582.92,reliable
"Grady Memorial Hospital",csv_wide,"Cardiac Stress Test","Cardiac Stress Test",facility,"",outpatient,"Anthem BCBS",HMO/POS,3585.0,negotiated_dollar,2625.65,reliable
"Grady Memorial Hospital",csv_wide,"Cardiac Stress Test","Cardiac Stress Test",facility,"",outpatient,"Anthem BCBS",HPN,3585.0,negotiated_dollar,2868.0,reliable
"Grady Memorial Hospital",csv_wide,"Cardiac Stress Test","Cardiac Stress Test",facility,"",outpatient,"Anthem BCBS",PPO,3585.0,negotiated_dollar,2726.39,reliable
"Grady Memorial Hospital",csv_wide,"Cardiac Stress Test","Cardiac Stress Test",facility,"",outpatient,"Anthem BCBS",Pathways/Marketplace,3585.0,negotiated_dollar,2625.65,reliable
"Grady Memorial Hospital",csv_wide,"Cardiac Stress Test","Cardiac Stress Test",facility,"",outpatient,Caresource,Commercial,3585.0,negotiated_dollar,534.88,reliable
"Grady Memorial Hospital",csv_wide,"Cardiac Stress Test","Cardiac Stress Test",facility,"",outpatient,Cigna,Commercial,3585.0,negotiated_dollar,2120.53,reliable
"Grady Memorial Hospital",csv_wide,"Cardiac Stress Test","Cardiac Stress Test",facility,"",outpatient,Cigna,IFP,3585.0,negotiated_dollar,2100.81,reliable
"Grady Memorial Hospital",csv_wide,"Cardiac Stress Test","Cardiac Stress Test",facility,"",outpatient,Cigna,"Local Plus",3585.0,negotiated_dollar,1559.48,reliable
"Grady Memorial Hospital",csv_wide,"Cardiac Stress Test","Cardiac Stress Test",facility,"",outpatient,Kaiser,Commercial,3585.0,negotiated_dollar,2717.43,reliable
"Grady Memorial Hospital",csv_wide,"Cardiac Stress Test","Cardiac Stress Test",facility,"",outpatient,Multiplan,Commercial,3585.0,negotiated_dollar,2760.45,reliable
"Grady Memorial Hospital",csv_wide,"Cardiac Stress Test","Cardiac Stress Test",facility,"",outpatient,"Oscar Health",Commercial/Marketplace,3585.0,negotiated_dollar,2330.25,reliable
"Grady Memorial Hospital",csv_wide,"Cardiac Stress Test","Cardiac Stress Test",facility,"",outpatient,"Peach State",Medicaid,3585.0,negotiated_dollar,534.88,reliable
"Grady Memorial Hospital",csv_wide,"Cardiac Stress Test","Cardiac Stress Test",facility,"",outpatient,UHC,Commercial,3585.0,negotiated_dollar,2581.2,reliable
"Grady Memorial Hospital",csv_wide,"Cardiac Stress Test","Cardiac Stress Test",facility,"",outpatient,UHC,Exchange/Marketplace,3585.0,negotiated_dollar,2079.3,reliable
"Grady Memorial Hospital",csv_wide,"Cardiac Stress Test","Cardiac Stress Test",facility,"",outpatient,"USP Naphcare",Commercial,3585.0,negotiated_dollar,2151.0,reliable
"Grady Memorial Hospital",csv_wide,"Cardiac Stress Test","Cardiovascular stress test",facility,"",outpatient,Aetna,Commercial,,negotiated_dollar,88.5,reliable
"Grady Memorial Hospital",csv_wide,"Cardiac Stress Test","Cardiovascular stress test",facility,"",outpatient,Aetna,Medicare,,negotiated_dollar,309.83,reliable
"Grady Memorial Hospital",csv_wide,"Cardiac Stress Test","Cardiovascular stress test",facility,"",outpatient,Ambetter,Marketplace,,negotiated_dollar,309.83,reliable
"Grady Memorial Hospital",csv_wide,"Cardiac Stress Test","Cardiovascular stress test",facility,"",outpatient,"Anthem BCBS",Medicare,,negotiated_dollar,309.83,reliable
"Grady Memorial Hospital",csv_wide,"Cardiac Stress Test","Cardiovascular stress test",facility,"",outpatient,Caresource,Marketplace,,negotiated_dollar,495.72,reliable
"Grady Memorial Hospital",csv_wide,"Cardiac Stress Test","Cardiovascular stress test",facility,"",outpatient,Cigna,IFP,,negotiated_dollar,422.58,reliable
"Grady Memorial Hospital",csv_wide,"Cardiac Stress Test","Cardiovascular stress test",facility,"",outpatient,Cigna,Medicare,,negotiated_dollar,309.83,reliable
"Grady Memorial Hospital",csv_wide,"Cardiac Stress Test","Cardiovascular stress test",facility,"",outpatient,"Clear Spring Health",Medicare,,negotiated_dollar,325.32,reliable
"Grady Memorial Hospital",csv_wide,"Cardiac Stress Test","Cardiovascular stress test",facility,"",outpatient,Clover,Medicare,,negotiated_dollar,325.32,reliable
"Grady Memorial Hospital",csv_wide,"Cardiac Stress Test","Cardiovascular stress test",facility,"",outpatient,Humana,Medicare,,negotiated_dollar,309.83,reliable
"Grady Memorial Hospital",csv_wide,"Cardiac Stress Test","Cardiovascular stress test",facility,"",outpatient,Kaiser,Medicare,,negotiated_dollar,309.83,reliable
"Grady Memorial Hospital",csv_wide,"Cardiac Stress Test","Cardiovascular stress test",facility,"",outpatient,Medicare,Medicare,,negotiated_dollar,309.83,reliable
"Grady Memorial Hospital",csv_wide,"Cardiac Stress Test","Cardiovascular stress test",facility,"",outpatient,"Oscar Health",Commercial/Marketplace,,negotiated_dollar,513.8,reliable
"Grady Memorial Hospital",csv_wide,"Cardiac Stress Test","Cardiovascular stress test",facility,"",outpatient,UHC,Medicare,,negotiated_dollar,309.83,reliable
"Grady Memorial Hospital",csv_wide,"Cardiac Stress Test","Cardiovascular stress test",facility,"",outpatient,"USP Naphcare",Commercial,,negotiated_dollar,573.18,reliable
"Grady Memorial Hospital",csv_wide,"Cardiac Stress Test","Cardiovascular stress test",facility,"",outpatient,VACCN,Commercial,,negotiated_dollar,309.83,reliable
"Grady Memorial Hospital",csv_wide,"Cardiac Stress Test","Cardiovascular stress test",facility,"",outpatient,WellCare,Medicare,,negotiated_dollar,309.83,reliable
"Grady Memorial Hospital",csv_wide,"Cardiac Stress Test","Stress Echo",facility,"",inpatient,"Anthem BCBS",HPN,3585.0,negotiated_dollar,2868.0,reliable
"Grady Memorial Hospital",csv_wide,"Cardiac Stress Test","Stress Echo",facility,"",inpatient,Kaiser,Commercial,3585.0,negotiated_dollar,2717.43,reliable
"Grady Memorial Hospital",csv_wide,"Cardiac Stress Test","Stress Echo",facility,"",inpatient,Multiplan,Commercial,3585.0,negotiated_dollar,2760.45,reliable
"Grady Memorial Hospital",csv_wide,"Cardiac Stress Test","Stress Echo",facility,"",inpatient,"USP Naphcare",Commercial,3585.0,negotiated_dollar,2151.0,reliable
"Grady Memorial Hospital",csv_wide,"Cardiac Stress Test","Cardiac Stress Test",facility,"",inpatient,"Anthem BCBS",HPN,3585.0,negotiated_dollar,2868.0,reliable
"Grady Memorial Hospital",csv_wide,"Cardiac Stress Test","Cardiac Stress Test",facility,"",inpatient,Kaiser,Commercial,3585.0,negotiated_dollar,2717.43,reliable
"Grady Memorial Hospital",csv_wide,"Cardiac Stress Test","Cardiac Stress Test",facility,"",inpatient,Multiplan,Commercial,3585.0,negotiated_dollar,2760.45,reliable
"Grady Memorial Hospital",csv_wide,"Cardiac Stress Test","Cardiac Stress Test",facility,"",inpatient,"USP Naphcare",Commercial,3585.0,negotiated_dollar,2151.0,reliable
"Grady Memorial Hospital",csv_wide,"Cardiac Stress Test","Cardiac Stress Test",facility,"",inpatient,"Anthem BCBS",HPN,3585.0,negotiated_dollar,2868.0,reliable
"Grady Memorial Hospital",csv_wide,"Cardiac Stress Test","Cardiac Stress Test",facility,"",inpatient,Kaiser,Commercial,3585.0,negotiated_dollar,2717.43,reliable
"Grady Memorial Hospital",csv_wide,"Cardiac Stress Test","Cardiac Stress Test",facility,"",inpatient,Multiplan,Commercial,3585.0,negotiated_dollar,2760.45,reliable
"Grady Memorial Hospital",csv_wide,"Cardiac Stress Test","Cardiac Stress Test",facility,"",inpatient,"USP Naphcare",Commercial,3585.0,negotiated_dollar,2151.0,reliable
"Grady Memorial Hospital",csv_wide,"Cardiac Stress Test","Stress Echo",facility,"",outpatient,Aetna,Commercial,3585.0,negotiated_dollar,1595.32,reliable
"Grady Memorial Hospital",csv_wide,"Cardiac Stress Test","Stress Echo",facility,"",outpatient,Aetna,Medicare,3585.0,negotiated_dollar,1254.75,reliable
"Grady Memorial Hospital",csv_wide,"Cardiac Stress Test","Stress Echo",facility,"",outpatient,Ambetter,Marketplace,3585.0,negotiated_dollar,530.58,reliable
"Grady Memorial Hospital",csv_wide,"Cardiac Stress Test","Stress Echo",facility,"",outpatient,Amerigroup,Medicaid,3585.0,negotiated_dollar,582.92,reliable
"Grady Memorial Hospital",csv_wide,"Cardiac Stress Test","Stress Echo",facility,"",outpatient,"Anthem BCBS",HMO/POS,3585.0,negotiated_dollar,2625.65,reliable
"Grady Memorial Hospital",csv_wide,"Cardiac Stress Test","Stress Echo",facility,"",outpatient,"Anthem BCBS",HPN,3585.0,negotiated_dollar,2868.0,reliable
"Grady Memorial Hospital",csv_wide,"Cardiac Stress Test","Stress Echo",facility,"",outpatient,"Anthem BCBS",PPO,3585.0,negotiated_dollar,2726.39,reliable
"Grady Memorial Hospital",csv_wide,"Cardiac Stress Test","Stress Echo",facility,"",outpatient,"Anthem BCBS",Pathways/Marketplace,3585.0,negotiated_dollar,2625.65,reliable
"Grady Memorial Hospital",csv_wide,"Cardiac Stress Test","Stress Echo",facility,"",outpatient,Caresource,Commercial,3585.0,negotiated_dollar,534.88,reliable
"Grady Memorial Hospital",csv_wide,"Cardiac Stress Test","Stress Echo",facility,"",outpatient,Cigna,Commercial,3585.0,negotiated_dollar,2120.53,reliable
"Grady Memorial Hospital",csv_wide,"Cardiac Stress Test","Stress Echo",facility,"",outpatient,Cigna,IFP,3585.0,negotiated_dollar,2100.81,reliable
"Grady Memorial Hospital",csv_wide,"Cardiac Stress Test","Stress Echo",facility,"",outpatient,Cigna,"Local Plus",3585.0,negotiated_dollar,1559.48,reliable
"Grady Memorial Hospital",csv_wide,"Cardiac Stress Test","Stress Echo",facility,"",outpatient,Kaiser,Commercial,3585.0,negotiated_dollar,2717.43,reliable
"Grady Memorial Hospital",csv_wide,"Cardiac Stress Test","Stress Echo",facility,"",outpatient,Multiplan,Commercial,3585.0,negotiated_dollar,2760.45,reliable
"Grady Memorial Hospital",csv_wide,"Cardiac Stress Test","Stress Echo",facility,"",outpatient,"Oscar Health",Commercial/Marketplace,3585.0,negotiated_dollar,2330.25,reliable
"Grady Memorial Hospital",csv_wide,"Cardiac Stress Test","Stress Echo",facility,"",outpatient,"Peach State",Medicaid,3585.0,negotiated_dollar,534.88,reliable
"Grady Memorial Hospital",csv_wide,"Cardiac Stress Test","Stress Echo",facility,"",outpatient,UHC,Commercial,3585.0,negotiated_dollar,2581.2,reliable
"Grady Memorial Hospital",csv_wide,"Cardiac Stress Test","Stress Echo",facility,"",outpatient,UHC,Exchange/Marketplace,3585.0,negotiated_dollar,2079.3,reliable
"Grady Memorial Hospital",csv_wide,"Cardiac Stress Test","Stress Echo",facility,"",outpatient,"USP Naphcare",Commercial,3585.0,negotiated_dollar,2151.0,reliable
"Grady Memorial Hospital",csv_wide,"Cardiac Stress Test","Cardiac Stress Test",facility,"",outpatient,Aetna,Commercial,3585.0,negotiated_dollar,1595.32,reliable
"Grady Memorial Hospital",csv_wide,"Cardiac Stress Test","Cardiac Stress Test",facility,"",outpatient,Aetna,Medicare,3585.0,negotiated_dollar,1254.75,reliable
"Grady Memorial Hospital",csv_wide,"Cardiac Stress Test","Cardiac Stress Test",facility,"",outpatient,Ambetter,Marketplace,3585.0,negotiated_dollar,530.58,reliable
"Grady Memorial Hospital",csv_wide,"Cardiac Stress Test","Cardiac Stress Test",facility,"",outpatient,Amerigroup,Medicaid,3585.0,negotiated_dollar,582.92,reliable
"Grady Memorial Hospital",csv_wide,"Cardiac Stress Test","Cardiac Stress Test",facility,"",outpatient,"Anthem BCBS",HMO/POS,3585.0,negotiated_dollar,2625.65,reliable
"Grady Memorial Hospital",csv_wide,"Cardiac Stress Test","Cardiac Stress Test",facility,"",outpatient,"Anthem BCBS",HPN,3585.0,negotiated_dollar,2868.0,reliable
"Grady Memorial Hospital",csv_wide,"Cardiac Stress Test","Cardiac Stress Test",facility,"",outpatient,"Anthem BCBS",PPO,3585.0,negotiated_dollar,2726.39,reliable
"Grady Memorial Hospital",csv_wide,"Cardiac Stress Test","Cardiac Stress Test",facility,"",outpatient,"Anthem BCBS",Pathways/Marketplace,3585.0,negotiated_dollar,2625.65,reliable
"Grady Memorial Hospital",csv_wide,"Cardiac Stress Test","Cardiac Stress Test",facility,"",outpatient,Caresource,Commercial,3585.0,negotiated_dollar,534.88,reliable
"Grady Memorial Hospital",csv_wide,"Cardiac Stress Test","Cardiac Stress Test",facility,"",outpatient,Cigna,Commercial,3585.0,negotiated_dollar,2120.53,reliable
"Grady Memorial Hospital",csv_wide,"Cardiac Stress Test","Cardiac Stress Test",facility,"",outpatient,Cigna,IFP,3585.0,negotiated_dollar,2100.81,reliable
"Grady Memorial Hospital",csv_wide,"Cardiac Stress Test","Cardiac Stress Test",facility,"",outpatient,Cigna,"Local Plus",3585.0,negotiated_dollar,1559.48,reliable
"Grady Memorial Hospital",csv_wide,"Cardiac Stress Test","Cardiac Stress Test",facility,"",outpatient,Kaiser,Commercial,3585.0,negotiated_dollar,2717.43,reliable
"Grady Memorial Hospital",csv_wide,"Cardiac Stress Test","Cardiac Stress Test",facility,"",outpatient,Multiplan,Commercial,3585.0,negotiated_dollar,2760.45,reliable
"Grady Memorial Hospital",csv_wide,"Cardiac Stress Test","Cardiac Stress Test",facility,"",outpatient,"Oscar Health",Commercial/Marketplace,3585.0,negotiated_dollar,2330.25,reliable
"Grady Memorial Hospital",csv_wide,"Cardiac Stress Test","Cardiac Stress Test",facility,"",outpatient,"Peach State",Medicaid,3585.0,negotiated_dollar,534.88,reliable
"Grady Memorial Hospital",csv_wide,"Cardiac Stress Test","Cardiac Stress Test",facility,"",outpatient,UHC,Commercial,3585.0,negotiated_dollar,2581.2,reliable
"Grady Memorial Hospital",csv_wide,"Cardiac Stress Test","Cardiac Stress Test",facility,"",outpatient,UHC,Exchange/Marketplace,3585.0,negotiated_dollar,2079.3,reliable
"Grady Memorial Hospital",csv_wide,"Cardiac Stress Test","Cardiac Stress Test",facility,"",outpatient,"USP Naphcare",Commercial,3585.0,negotiated_dollar,2151.0,reliable
"Grady Memorial Hospital",csv_wide,"Cardiac Stress Test","Cardiac Stress Test",facility,"",outpatient,Aetna,Commercial,3585.0,negotiated_dollar,1595.32,reliable
"Grady Memorial Hospital",csv_wide,"Cardiac Stress Test","Cardiac Stress Test",facility,"",outpatient,Aetna,Medicare,3585.0,negotiated_dollar,1254.75,reliable
"Grady Memorial Hospital",csv_wide,"Cardiac Stress Test","Cardiac Stress Test",facility,"",outpatient,Ambetter,Marketplace,3585.0,negotiated_dollar,530.58,reliable
"Grady Memorial Hospital",csv_wide,"Cardiac Stress Test","Cardiac Stress Test",facility,"",outpatient,Amerigroup,Medicaid,3585.0,negotiated_dollar,582.92,reliable
"Grady Memorial Hospital",csv_wide,"Cardiac Stress Test","Cardiac Stress Test",facility,"",outpatient,"Anthem BCBS",HMO/POS,3585.0,negotiated_dollar,2625.65,reliable
"Grady Memorial Hospital",csv_wide,"Cardiac Stress Test","Cardiac Stress Test",facility,"",outpatient,"Anthem BCBS",HPN,3585.0,negotiated_dollar,2868.0,reliable
"Grady Memorial Hospital",csv_wide,"Cardiac Stress Test","Cardiac Stress Test",facility,"",outpatient,"Anthem BCBS",PPO,3585.0,negotiated_dollar,2726.39,reliable
"Grady Memorial Hospital",csv_wide,"Cardiac Stress Test","Cardiac Stress Test",facility,"",outpatient,"Anthem BCBS",Pathways/Marketplace,3585.0,negotiated_dollar,2625.65,reliable
"Grady Memorial Hospital",csv_wide,"Cardiac Stress Test","Cardiac Stress Test",facility,"",outpatient,Caresource,Commercial,3585.0,negotiated_dollar,534.88,reliable
"Grady Memorial Hospital",csv_wide,"Cardiac Stress Test","Cardiac Stress Test",facility,"",outpatient,Cigna,Commercial,3585.0,negotiated_dollar,2120.53,reliable
"Grady Memorial Hospital",csv_wide,"Cardiac Stress Test","Cardiac Stress Test",facility,"",outpatient,Cigna,IFP,3585.0,negotiated_dollar,2100.81,reliable
"Grady Memorial Hospital",csv_wide,"Cardiac Stress Test","Cardiac Stress Test",facility,"",outpatient,Cigna,"Local Plus",3585.0,negotiated_dollar,1559.48,reliable
"Grady Memorial Hospital",csv_wide,"Cardiac Stress Test","Cardiac Stress Test",facility,"",outpatient,Kaiser,Commercial,3585.0,negotiated_dollar,2717.43,reliable
"Grady Memorial Hospital",csv_wide,"Cardiac Stress Test","Cardiac Stress Test",facility,"",outpatient,Multiplan,Commercial,3585.0,negotiated_dollar,2760.45,reliable
"Grady Memorial Hospital",csv_wide,"Cardiac Stress Test","Cardiac Stress Test",facility,"",outpatient,"Oscar Health",Commercial/Marketplace,3585.0,negotiated_dollar,2330.25,reliable
"Grady Memorial Hospital",csv_wide,"Cardiac Stress Test","Cardiac Stress Test",facility,"",outpatient,"Peach State",Medicaid,3585.0,negotiated_dollar,534.88,reliable
"Grady Memorial Hospital",csv_wide,"Cardiac Stress Test","Cardiac Stress Test",facility,"",outpatient,UHC,Commercial,3585.0,negotiated_dollar,2581.2,reliable
"Grady Memorial Hospital",csv_wide,"Cardiac Stress Test","Cardiac Stress Test",facility,"",outpatient,UHC,Exchange/Marketplace,3585.0,negotiated_dollar,2079.3,reliable
"Grady Memorial Hospital",csv_wide,"Cardiac Stress Test","Cardiac Stress Test",facility,"",outpatient,"USP Naphcare",Commercial,3585.0,negotiated_dollar,2151.0,reliable
"Grady Memorial Hospital",csv_wide,"Cardiac Stress Test","Cardiovascular stress test",facility,"",outpatient,Aetna,Commercial,,negotiated_dollar,88.5,reliable
"Grady Memorial Hospital",csv_wide,"Cardiac Stress Test","Cardiovascular stress test",facility,"",outpatient,Aetna,Medicare,,negotiated_dollar,309.83,reliable
"Grady Memorial Hospital",csv_wide,"Cardiac Stress Test","Cardiovascular stress test",facility,"",outpatient,Ambetter,Marketplace,,negotiated_dollar,309.83,reliable
"Grady Memorial Hospital",csv_wide,"Cardiac Stress Test","Cardiovascular stress test",facility,"",outpatient,"Anthem BCBS",Medicare,,negotiated_dollar,309.83,reliable
"Grady Memorial Hospital",csv_wide,"Cardiac Stress Test","Cardiovascular stress test",facility,"",outpatient,Caresource,Marketplace,,negotiated_dollar,495.72,reliable
"Grady Memorial Hospital",csv_wide,"Cardiac Stress Test","Cardiovascular stress test",facility,"",outpatient,Cigna,IFP,,negotiated_dollar,422.58,reliable
"Grady Memorial Hospital",csv_wide,"Cardiac Stress Test","Cardiovascular stress test",facility,"",outpatient,Cigna,Medicare,,negotiated_dollar,309.83,reliable
"Grady Memorial Hospital",csv_wide,"Cardiac Stress Test","Cardiovascular stress test",facility,"",outpatient,"Clear Spring Health",Medicare,,negotiated_dollar,325.32,reliable
"Grady Memorial Hospital",csv_wide,"Cardiac Stress Test","Cardiovascular stress test",facility,"",outpatient,Clover,Medicare,,negotiated_dollar,325.32,reliable
"Grady Memorial Hospital",csv_wide,"Cardiac Stress Test","Cardiovascular stress test",facility,"",outpatient,Humana,Medicare,,negotiated_dollar,309.83,reliable
"Grady Memorial Hospital",csv_wide,"Cardiac Stress Test","Cardiovascular stress test",facility,"",outpatient,Kaiser,Medicare,,negotiated_dollar,309.83,reliable
"Grady Memorial Hospital",csv_wide,"Cardiac Stress Test","Cardiovascular stress test",facility,"",outpatient,Medicare,Medicare,,negotiated_dollar,309.83,reliable
"Grady Memorial Hospital",csv_wide,"Cardiac Stress Test","Cardiovascular stress test",facility,"",outpatient,"Oscar Health",Commercial/Marketplace,,negotiated_dollar,513.8,reliable
"Grady Memorial Hospital",csv_wide,"Cardiac Stress Test","Cardiovascular stress test",facility,"",outpatient,UHC,Medicare,,negotiated_dollar,309.83,reliable
"Grady Memorial Hospital",csv_wide,"Cardiac Stress Test","Cardiovascular stress test",facility,"",outpatient,"USP Naphcare",Commercial,,negotiated_dollar,573.18,reliable
"Grady Memorial Hospital",csv_wide,"Cardiac Stress Test","Cardiovascular stress test",facility,"",outpatient,VACCN,Commercial,,negotiated_dollar,309.83,reliable
"Grady Memorial Hospital",csv_wide,"Cardiac Stress Test","Cardiovascular stress test",facility,"",outpatient,WellCare,Medicare,,negotiated_dollar,309.83,reliable
"Northside Hospital Atlanta",json,"Cardiac Stress Test","STRESS TEST EXERCISE  /OR PHARM","","",outpatient,Wellcare,"Wellcare Medicare Advantage",1457.0,negotiated_dollar,222.28,reliable
"Northside Hospital Atlanta",json,"Cardiac Stress Test","STRESS TEST EXERCISE  /OR PHARM","","",outpatient,Aetna,"Aetna Medicare",1457.0,negotiated_dollar,220.13,reliable
"Northside Hospital Atlanta",json,"Cardiac Stress Test","STRESS TEST EXERCISE  /OR PHARM","","",outpatient,BCBS,"BCBS Medicare Advantage",1457.0,negotiated_dollar,215.81,reliable
"Northside Hospital Atlanta",json,"Cardiac Stress Test","STRESS TEST EXERCISE  /OR PHARM","","",outpatient,Medicare,Medicare,1457.0,negotiated_dollar,215.81,reliable
"Northside Hospital Atlanta",json,"Cardiac Stress Test","STRESS TEST EXERCISE  /OR PHARM","","",outpatient,"CLEAR SPRINGS EON HEALTH","CLEAR SPRINGS EON HEALTH",1457.0,negotiated_dollar,215.81,reliable
"Northside Hospital Atlanta",json,"Cardiac Stress Test","STRESS TEST EXERCISE  /OR PHARM","","",outpatient,"VA CCN","VA CCN",1457.0,negotiated_dollar,215.81,reliable
"Northside Hospital Atlanta",json,"Cardiac Stress Test","STRESS TEST EXERCISE  /OR PHARM","","",outpatient,"Pruitt Health Premier","Pruitt Health Premier",1457.0,negotiated_dollar,226.6,reliable
"Northside Hospital Atlanta",json,"Cardiac Stress Test","STRESS TEST EXERCISE  /OR PHARM","","",outpatient,UHC,"UHC Medicare",1457.0,negotiated_dollar,215.81,reliable
"Northside Hospital Atlanta",json,"Cardiac Stress Test","STRESS TEST EXERCISE  /OR PHARM","","",outpatient,"US Dept of Labor WC","US Dept of Labor WC",1457.0,negotiated_dollar,274.15,reliable
"Northside Hospital Atlanta",json,"Cardiac Stress Test","STRESS TEST EXERCISE  /OR PHARM","","",outpatient,BCBS,"BCBS Medicare Advantage-P",1457.0,negotiated_dollar,215.81,reliable
"Northside Hospital Atlanta",json,"Cardiac Stress Test","STRESS TEST EXERCISE  /OR PHARM","","",outpatient,BCCP,BCCP,1457.0,negotiated_dollar,219.32,reliable
"Northside Hospital Atlanta",json,"Cardiac Stress Test","STRESS TEST EXERCISE  /OR PHARM","","",outpatient,CareSource,"CareSource Medicare Advantage",1457.0,negotiated_dollar,222.28,reliable
"Northside Hospital Atlanta",json,"Cardiac Stress Test","STRESS TEST EXERCISE  /OR PHARM","","",outpatient,CBWW,CBWW,1457.0,negotiated_dollar,219.32,reliable
"Northside Hospital Atlanta",json,"Cardiac Stress Test","STRESS TEST EXERCISE  /OR PHARM","","",outpatient,"Clover Health","Clover Health",1457.0,negotiated_dollar,226.56,reliable
"Northside Hospital Atlanta",json,"Cardiac Stress Test","STRESS TEST EXERCISE  /OR PHARM","","",outpatient,Coventry,"Coventry Medicare",1457.0,negotiated_dollar,220.13,reliable
"Northside Hospital Atlanta",json,"Cardiac Stress Test","STRESS TEST EXERCISE  /OR PHARM","","",outpatient,"Devoted Medicare Advantage","Devoted Medicare Advantage",1457.0,negotiated_dollar,226.6,reliable
"Northside Hospital Atlanta",json,"Cardiac Stress Test","STRESS TEST EXERCISE  /OR PHARM","","",outpatient,"Fairly Group","Fairly Group",1457.0,negotiated_dollar,248.05,reliable
"Northside Hospital Atlanta",json,"Cardiac Stress Test","STRESS TEST EXERCISE  /OR PHARM","","",outpatient,Humana,"Humana Medicare Advantage HMO",1457.0,negotiated_dollar,217.97,reliable
"Northside Hospital Atlanta",json,"Cardiac Stress Test","STRESS TEST EXERCISE  /OR PHARM","","",outpatient,Humana,"Humana Medicare Advantage PPO",1457.0,negotiated_dollar,224.44,reliable
"Northside Hospital Atlanta",json,"Cardiac Stress Test","STRESS TEST EXERCISE  /OR PHARM","","",outpatient,"Institutional 100 Percent of Medicare","Institutional 100 Percent of Medicare",1457.0,negotiated_dollar,215.81,reliable
"Northside Hospital Atlanta",json,"Cardiac Stress Test","STRESS TEST EXERCISE  /OR PHARM","","",outpatient,"Institutional 110 Percent of Medicare","Institutional 110 Percent of Medicare",1457.0,negotiated_dollar,241.25,reliable
"Northside Hospital Atlanta",json,"Cardiac Stress Test","STRESS TEST EXERCISE  /OR PHARM","","",outpatient,"Institutional 120 Percent of Medicare","Institutional 120 Percent of Medicare",1457.0,negotiated_dollar,263.18,reliable
"Northside Hospital Atlanta",json,"Cardiac Stress Test","STRESS TEST EXERCISE  /OR PHARM","","",outpatient,Kaiser,"Kaiser Medicare Advantage",1457.0,negotiated_dollar,222.28,reliable
"Northside Hospital Atlanta",json,"Cardiac Stress Test","STRESS TEST EXERCISE  /OR PHARM","","",inpatient,Coventry,"First Health and Coventry National",1457.0,negotiated_dollar,990.76,reliable
"Northside Hospital Atlanta",json,"Cardiac Stress Test","STRESS TEST EXERCISE  /OR PHARM","","",inpatient,"Georgia Reproductive Specialists","Georgia Reproductive Specialists (SGF)",1457.0,negotiated_dollar,582.8,reliable
"Northside Hospital Atlanta",json,"Cardiac Stress Test","STRESS TEST EXERCISE  /OR PHARM","","",inpatient,Multiplan,"Multiplan PPO",1457.0,negotiated_dollar,1238.45,reliable
"Northside Hospital Atlanta",json,"Cardiac Stress Test","STRESS TEST EXERCISE  /OR PHARM","","",inpatient,"Multiplan Workers Comp","Multiplan Workers Comp",1457.0,negotiated_dollar,1238.45,reliable
"Northside Hospital Atlanta",json,"Cardiac Stress Test","STRESS TEST EXERCISE  /OR PHARM","","",inpatient,NovaNet_PPO,NovaNet_PPO,1457.0,negotiated_dollar,1019.9,reliable
"Northside Hospital Atlanta",json,"Cardiac Stress Test","STRESS TEST EXERCISE  /OR PHARM","","",inpatient,"Quick Trip","Quick Trip",1457.0,negotiated_dollar,801.35,reliable
"Northside Hospital Atlanta",json,"Cardiac Stress Test","STRESS TEST EXERCISE  /OR PHARM","","",inpatient,"Rabun County BOC","Rabun County BOC",1457.0,negotiated_dollar,1457.0,reliable
"Northside Hospital Atlanta",json,"Cardiac Stress Test","STRESS TEST EXERCISE  /OR PHARM","","",inpatient,BCBS,"BCBS PRUDT BUYER",1457.0,negotiated_dollar,1015.53,reliable
"Northside Hospital Atlanta",json,"Cardiac Stress Test","STRESS TEST EXERCISE  /OR PHARM","","",inpatient,"Beech Steet","Beech Street",1457.0,negotiated_dollar,1238.45,reliable
"Northside Hospital Atlanta",json,"Cardiac Stress Test","STRESS TEST EXERCISE  /OR PHARM","","",inpatient,CareIQ,CareIQ,1457.0,negotiated_dollar,1457.0,reliable
"Northside Hospital Atlanta",json,"Cardiac Stress Test","STRESS TEST EXERCISE  /OR PHARM","","",inpatient,CareSource,"CareSource MarketPlace",1457.0,negotiated_dollar,542.0,reliable
"Northside Hospital Atlanta",json,"Cardiac Stress Test","STRESS TEST EXERCISE  /OR PHARM","","",inpatient,"Dekalb_Department of Health","Dekalb_Department of Health",1457.0,negotiated_dollar,1457.0,reliable
"Northside Hospital Atlanta",json,"Cardiac Stress Test","STRESS TEST EXERCISE  /OR PHARM","","",inpatient,FIFA,FIFA,1457.0,negotiated_dollar,1457.0,reliable
"Northside Hospital Atlanta",json,"Cardiac Stress Test","STRESS TEST EXERCISE  /OR PHARM","","",outpatient,Aetna,"Aetna HMO/POS/PPO",1457.0,negotiated_dollar,990.76,reliable
"Northside Hospital Atlanta",json,"Cardiac Stress Test","STRESS TEST EXERCISE  /OR PHARM","","",outpatient,Aetna,"Aetna HMO/POS/PPO-G",1457.0,negotiated_dollar,990.76,reliable
"Northside Hospital Atlanta",json,"Cardiac Stress Test","STRESS TEST EXERCISE  /OR PHARM","","",outpatient,Aetna,"Aetna HMO/POS/PPO-Q",1457.0,negotiated_dollar,990.76,reliable
"Northside Hospital Atlanta",json,"Cardiac Stress Test","STRESS TEST EXERCISE  /OR PHARM","","",outpatient,Aetna,"Aetna Whole Health",1457.0,negotiated_dollar,728.5,reliable
"Northside Hospital Atlanta",json,"Cardiac Stress Test","STRESS TEST EXERCISE  /OR PHARM","","",outpatient,Aetna,"Aetna Whole Health-G",1457.0,negotiated_dollar,728.5,reliable
"Northside Hospital Atlanta",json,"Cardiac Stress Test","STRESS TEST EXERCISE  /OR PHARM","","",outpatient,Centene,"Ambetter PAR",1457.0,negotiated_dollar,684.79,reliable
"Northside Hospital Atlanta",json,"Cardiac Stress Test","STRESS TEST EXERCISE  /OR PHARM","","",outpatient,"Med Care Solutions","Med Care Solutions",1457.0,negotiated_dollar,655.65,reliable
"Northside Hospital Atlanta",json,"Cardiac Stress Test","STRESS TEST EXERCISE  /OR PHARM","","",outpatient,"MedLien Healthcare Services","MedLien Healthcare Services",1457.0,negotiated_dollar,582.8,reliable
"Northside Hospital Atlanta",json,"Cardiac Stress Test","STRESS TEST EXERCISE  /OR PHARM","","",outpatient,MTI,MTI,1457.0,negotiated_dollar,62.0,reliable
"Northside Hospital Atlanta",json,"Cardiac Stress Test","STRESS TEST EXERCISE  /OR PHARM","","",outpatient,Multiplan,"Multiplan PPO",1457.0,negotiated_dollar,1238.45,reliable
"Northside Hospital Atlanta",json,"Cardiac Stress Test","STRESS TEST EXERCISE  /OR PHARM","","",outpatient,"Multiplan Workers Comp","Multiplan Workers Comp",1457.0,negotiated_dollar,1238.45,reliable
"Northside Hospital Atlanta",json,"Cardiac Stress Test","STRESS TEST EXERCISE  /OR PHARM","","",outpatient,"Northside Health Network","Northside Health Network",1457.0,negotiated_dollar,903.34,reliable
"Northside Hospital Atlanta",json,"Cardiac Stress Test","STRESS TEST EXERCISE  /OR PHARM","","",outpatient,"Northside Health Network","Northside Health Network-S",1457.0,negotiated_dollar,903.34,reliable
"Northside Hospital Atlanta",json,"Cardiac Stress Test","STRESS TEST EXERCISE  /OR PHARM","","",outpatient,Amerigroup,"Amerigroup Medicaid",1457.0,negotiated_dollar,264.73,reliable
"Northside Hospital Atlanta",json,"Cardiac Stress Test","STRESS TEST EXERCISE  /OR PHARM","","",outpatient,"Georgia Workers Compensation","Georgia Workers Comp",1457.0,negotiated_dollar,815.71,reliable
"Northside Hospital Atlanta",json,"Cardiac Stress Test","STRESS TEST EXERCISE  /OR PHARM","","",outpatient,"Health One Alliance_PPO","Health One Alliance_PPO",1457.0,negotiated_dollar,801.35,reliable
"Northside Hospital Atlanta",json,"Cardiac Stress Test","STRESS TEST EXERCISE  /OR PHARM","","",outpatient,HomeLink,HomeLink,1457.0,negotiated_dollar,65.88,reliable
"Northside Hospital Atlanta",json,"Cardiac Stress Test","STRESS TEST EXERCISE  /OR PHARM","","",outpatient,Amerigroup,"Amerigroup Medicare Advantage",1457.0,negotiated_dollar,235.58,reliable
"Northside Hospital Atlanta",json,"Cardiac Stress Test","STRESS TEST EXERCISE  /OR PHARM","","",outpatient,"Authentic 4D","Authentic 4D",1457.0,negotiated_dollar,734.14,reliable
"Northside Hospital Atlanta",json,"Cardiac Stress Test","STRESS TEST EXERCISE  /OR PHARM","","",outpatient,BCBS,"BCBS PRUDT BUYER",1457.0,negotiated_dollar,1015.53,reliable
"Northside Hospital Atlanta",json,"Cardiac Stress Test","STRESS TEST EXERCISE  /OR PHARM","","",outpatient,BCBS,BCBS_HMO,1457.0,negotiated_dollar,814.46,reliable
"Northside Hospital Atlanta",json,"Cardiac Stress Test","STRESS TEST EXERCISE  /OR PHARM","","",outpatient,BCBS,BCBS_HMO-L,1457.0,negotiated_dollar,814.46,reliable
"Northside Hospital Atlanta",json,"Cardiac Stress Test","STRESS TEST EXERCISE  /OR PHARM","","",outpatient,Kaiser,"Kaiser Dual Choice PPO-THOR SURG",1457.0,negotiated_dollar,1267.59,reliable
"Northside Hospital Atlanta",json,"Cardiac Stress Test","STRESS TEST EXERCISE  /OR PHARM","","",outpatient,Kaiser,"Kaiser Dual Choice PPO-VASC SURG",1457.0,negotiated_dollar,1267.59,reliable
"Northside Hospital Atlanta",json,"Cardiac Stress Test","STRESS TEST EXERCISE  /OR PHARM","","",outpatient,Kaiser,Kaiser_HMO,1457.0,negotiated_dollar,947.05,reliable
"Northside Hospital Atlanta",json,"Cardiac Stress Test","STRESS TEST EXERCISE  /OR PHARM","","",outpatient,BCBS,BCBS_PATHWAY,1457.0,negotiated_dollar,407.09,reliable
"Northside Hospital Atlanta",json,"Cardiac Stress Test","STRESS TEST EXERCISE  /OR PHARM","","",outpatient,BCBS,BCBS_PATHWAY-L,1457.0,negotiated_dollar,407.09,reliable
"Northside Hospital Atlanta",json,"Cardiac Stress Test","STRESS TEST EXERCISE  /OR PHARM","","",outpatient,NovaNet_PPO,NovaNet_PPO,1457.0,negotiated_dollar,1019.9,reliable
"Northside Hospital Atlanta",json,"Cardiac Stress Test","STRESS TEST EXERCISE  /OR PHARM","","",outpatient,"One Call Diagnostics","One Call Diagnostics",1457.0,negotiated_dollar,62.0,reliable
"Northside Hospital Atlanta",json,"Cardiac Stress Test","STRESS TEST EXERCISE  /OR PHARM","","",outpatient,Oscar,Oscar,1457.0,negotiated_dollar,684.79,reliable
"Northside Hospital Atlanta",json,"Cardiac Stress Test","STRESS TEST EXERCISE  /OR PHARM","","",outpatient,BCBS,BCBS_PPO,1457.0,negotiated_dollar,968.91,reliable
"Northside Hospital Atlanta",json,"Cardiac Stress Test","STRESS TEST EXERCISE  /OR PHARM","","",outpatient,BCBS,BCBS_PPO-L,1457.0,negotiated_dollar,968.91,reliable
"Northside Hospital Atlanta",json,"Cardiac Stress Test","STRESS TEST EXERCISE  /OR PHARM","","",outpatient,"Beech Steet","Beech Street",1457.0,negotiated_dollar,1238.45,reliable
"Northside Hospital Atlanta",json,"Cardiac Stress Test","STRESS TEST EXERCISE  /OR PHARM","","",outpatient,Kaiser,Kaiser_HMO-AGA,1457.0,negotiated_dollar,947.05,reliable
"Northside Hospital Atlanta",json,"Cardiac Stress Test","STRESS TEST EXERCISE  /OR PHARM","","",outpatient,Kaiser,Kaiser_HMO-BARIATRIC,1457.0,negotiated_dollar,947.05,reliable
"Northside Hospital Atlanta",json,"Cardiac Stress Test","STRESS TEST EXERCISE  /OR PHARM","","",outpatient,BCBS,"Blue HPN",1457.0,negotiated_dollar,629.86,reliable
"Northside Hospital Atlanta",json,"Cardiac Stress Test","STRESS TEST EXERCISE  /OR PHARM","","",outpatient,BCBS,"Blue HPN-L",1457.0,negotiated_dollar,629.86,reliable
"Northside Hospital Atlanta",json,"Cardiac Stress Test","STRESS TEST EXERCISE  /OR PHARM","","",outpatient,CareIQ,CareIQ,1457.0,negotiated_dollar,1457.0,reliable
"Northside Hospital Atlanta",json,"Cardiac Stress Test","STRESS TEST EXERCISE  /OR PHARM","","",outpatient,"Fieldale Farms WC","Fieldale Farms WC",1457.0,negotiated_dollar,815.71,reliable
"Northside Hospital Atlanta",json,"Cardiac Stress Test","STRESS TEST EXERCISE  /OR PHARM","","",outpatient,FIFA,FIFA,1457.0,negotiated_dollar,1457.0,reliable
"Northside Hospital Atlanta",json,"Cardiac Stress Test","STRESS TEST EXERCISE  /OR PHARM","","",outpatient,Coventry,"First Health and Coventry National",1457.0,negotiated_dollar,874.2,reliable
"Northside Hospital Atlanta",json,"Cardiac Stress Test","STRESS TEST EXERCISE  /OR PHARM","","",outpatient,"Genex/Priority Care Solutions","Genex/Priority Care Solutions",1457.0,negotiated_dollar,652.57,reliable
"Northside Hospital Atlanta",json,"Cardiac Stress Test","STRESS TEST EXERCISE  /OR PHARM","","",outpatient,"Georgia Reproductive Specialists","Georgia Reproductive Specialists (SGF)",1457.0,negotiated_dollar,582.8,reliable
"Northside Hospital Atlanta",json,"Cardiac Stress Test","STRESS TEST EXERCISE  /OR PHARM","","",outpatient,CareSource,CareSource,1457.0,negotiated_dollar,272.67,reliable
"Northside Hospital Atlanta",json,"Cardiac Stress Test","STRESS TEST EXERCISE  /OR PHARM","","",outpatient,CareSource,"CareSource MarketPlace",1457.0,negotiated_dollar,542.0,reliable
"Northside Hospital Atlanta",json,"Cardiac Stress Test","STRESS TEST EXERCISE  /OR PHARM","","",outpatient,"CHAMPUS VA","CHAMPUS VA",1457.0,negotiated_dollar,37.17,reliable
"Northside Hospital Atlanta",json,"Cardiac Stress Test","STRESS TEST EXERCISE  /OR PHARM","","",outpatient,Kaiser,Kaiser_HMO-GCS,1457.0,negotiated_dollar,947.05,reliable
"Northside Hospital Atlanta",json,"Cardiac Stress Test","STRESS TEST EXERCISE  /OR PHARM","","",outpatient,Kaiser,Kaiser_HMO-GPG/NOAS,1457.0,negotiated_dollar,947.05,reliable
"Northside Hospital Atlanta",json,"Cardiac Stress Test","STRESS TEST EXERCISE  /OR PHARM","","",outpatient,Kaiser,Kaiser_HMO-GYNONC,1457.0,negotiated_dollar,947.05,reliable
"Northside Hospital Atlanta",json,"Cardiac Stress Test","STRESS TEST EXERCISE  /OR PHARM","","",outpatient,Cigna,Cigna,1457.0,negotiated_dollar,917.91,reliable
"Northside Hospital Atlanta",json,"Cardiac Stress Test","STRESS TEST EXERCISE  /OR PHARM","","",outpatient,Cigna,Cigna-G,1457.0,negotiated_dollar,917.91,reliable
"Northside Hospital Atlanta",json,"Cardiac Stress Test","STRESS TEST EXERCISE  /OR PHARM","","",outpatient,Cigna,Cigna-H,1457.0,negotiated_dollar,917.91,reliable
"Northside Hospital Atlanta",json,"Cardiac Stress Test","STRESS TEST EXERCISE  /OR PHARM","","",outpatient,Kaiser,Kaiser_HMO-MELANOMA,1457.0,negotiated_dollar,947.05,reliable
"Northside Hospital Atlanta",json,"Cardiac Stress Test","STRESS TEST EXERCISE  /OR PHARM","","",outpatient,Kaiser,Kaiser_HMO-NAPS/CVG/NPCPS/UPS,1457.0,negotiated_dollar,947.05,reliable
"Northside Hospital Atlanta",json,"Cardiac Stress Test","STRESS TEST EXERCISE  /OR PHARM","","",outpatient,Kaiser,"Kaiser_HMO-VASC SURG",1457.0,negotiated_dollar,947.05,reliable
"Northside Hospital Atlanta",json,"Cardiac Stress Test","STRESS TEST EXERCISE  /OR PHARM","","",outpatient,Cigna,Cigna-L,1457.0,negotiated_dollar,917.91,reliable
"Northside Hospital Atlanta",json,"Cardiac Stress Test","STRESS TEST EXERCISE  /OR PHARM","","",outpatient,Cigna,"CIGNA HealthSprings Medicare Advantage",1457.0,negotiated_dollar,237.85,reliable
"Northside Hospital Atlanta",json,"Cardiac Stress Test","STRESS TEST EXERCISE  /OR PHARM","","",outpatient,"Corvel Workers Comp","Corvel Workers Comp",1457.0,negotiated_dollar,774.92,reliable
"Northside Hospital Atlanta",json,"Cardiac Stress Test","STRESS TEST EXERCISE  /OR PHARM","","",outpatient,"Dekalb_Department of Health","Dekalb_Department of Health",1457.0,negotiated_dollar,1457.0,reliable
"Northside Hospital Atlanta",json,"Cardiac Stress Test","STRESS TEST EXERCISE  /OR PHARM","","",outpatient,"Employers Choice Network","Employers Choice Network",1457.0,negotiated_dollar,774.92,reliable
"Northside Hospital Atlanta",json,"Cardiac Stress Test","STRESS TEST EXERCISE  /OR PHARM","","",outpatient,"Institutional 115 Percent_Georgia Medicaid","Institutional 115 Percent_Georgia Medicaid",1457.0,negotiated_dollar,304.44,reliable
"Northside Hospital Atlanta",json,"Cardiac Stress Test","STRESS TEST EXERCISE  /OR PHARM","","",outpatient,"Institutional GA Medicaid","Institutional GA Medicaid",1457.0,negotiated_dollar,264.73,reliable
"Northside Hospital Atlanta",json,"Cardiac Stress Test","STRESS TEST EXERCISE  /OR PHARM","","",outpatient,"Institutional Marietta Surgery Center","Institutional Marietta Surgery Center",1457.0,negotiated_dollar,1457.0,reliable
"Northside Hospital Atlanta",json,"Cardiac Stress Test","STRESS TEST EXERCISE  /OR PHARM","","",outpatient,"Institutional Veterans Evaluation Services","Institutional Veterans Evaluation Services",1457.0,negotiated_dollar,1457.0,reliable
"Northside Hospital Atlanta",json,"Cardiac Stress Test","STRESS TEST EXERCISE  /OR PHARM","","",outpatient,Kaiser,"Kaiser Dual Choice PPO",1457.0,negotiated_dollar,1267.59,reliable
"Northside Hospital Atlanta",json,"Cardiac Stress Test","STRESS TEST EXERCISE  /OR PHARM","","",outpatient,Kaiser,"Kaiser Dual Choice PPO-AGA",1457.0,negotiated_dollar,1267.59,reliable
"Northside Hospital Atlanta",json,"Cardiac Stress Test","STRESS TEST EXERCISE  /OR PHARM","","",outpatient,Kaiser,"Kaiser Dual Choice PPO-BARIATRIC",1457.0,negotiated_dollar,1267.59,reliable
"Northside Hospital Atlanta",json,"Cardiac Stress Test","STRESS TEST EXERCISE  /OR PHARM","","",outpatient,Kaiser,"Kaiser Dual Choice PPO-GCS",1457.0,negotiated_dollar,1267.59,reliable
"Northside Hospital Atlanta",json,"Cardiac Stress Test","STRESS TEST EXERCISE  /OR PHARM","","",outpatient,Kaiser,"Kaiser Dual Choice PPO-GPG/NOAS",1457.0,negotiated_dollar,1267.59,reliable
"Northside Hospital Atlanta",json,"Cardiac Stress Test","STRESS TEST EXERCISE  /OR PHARM","","",outpatient,Kaiser,"Kaiser Dual Choice PPO-GYNONC",1457.0,negotiated_dollar,1267.59,reliable
"Northside Hospital Atlanta",json,"Cardiac Stress Test","STRESS TEST EXERCISE  /OR PHARM","","",outpatient,Kaiser,"Kaiser Dual Choice PPO-MELANOMA",1457.0,negotiated_dollar,1267.59,reliable
"Northside Hospital Atlanta",json,"Cardiac Stress Test","STRESS TEST EXERCISE  /OR PHARM","","",outpatient,Kaiser,"Kaiser Dual Choice PPO-NAPS/CVG/NPCPS/UPS",1457.0,negotiated_dollar,1267.59,reliable
"Northside Hospital Atlanta",json,"Cardiac Stress Test","STRESS TEST EXERCISE  /OR PHARM","","",outpatient,Kaiser,Kaiser_SF,1457.0,negotiated_dollar,947.05,reliable
"Northside Hospital Atlanta",json,"Cardiac Stress Test","STRESS TEST EXERCISE  /OR PHARM","","",outpatient,Kaiser,Kaiser_SF-AGA,1457.0,negotiated_dollar,947.05,reliable
"Northside Hospital Atlanta",json,"Cardiac Stress Test","STRESS TEST EXERCISE  /OR PHARM","","",outpatient,Kaiser,Kaiser_SF-BARIATRIC,1457.0,negotiated_dollar,947.05,reliable
"Northside Hospital Atlanta",json,"Cardiac Stress Test","STRESS TEST EXERCISE  /OR PHARM","","",outpatient,Kaiser,Kaiser_SF-GCS,1457.0,negotiated_dollar,947.05,reliable
"Northside Hospital Atlanta",json,"Cardiac Stress Test","STRESS TEST EXERCISE  /OR PHARM","","",outpatient,Kaiser,Kaiser_SF-GPG/NOAS,1457.0,negotiated_dollar,947.05,reliable
"Northside Hospital Atlanta",json,"Cardiac Stress Test","STRESS TEST EXERCISE  /OR PHARM","","",outpatient,Kaiser,Kaiser_SF-GYNONC,1457.0,negotiated_dollar,947.05,reliable
"Northside Hospital Atlanta",json,"Cardiac Stress Test","STRESS TEST EXERCISE  /OR PHARM","","",outpatient,Kaiser,Kaiser_SF-MELANOMA,1457.0,negotiated_dollar,947.05,reliable
"Northside Hospital Atlanta",json,"Cardiac Stress Test","STRESS TEST EXERCISE  /OR PHARM","","",outpatient,Kaiser,Kaiser_SF-NAPS/CVG/NPCPS/UPS,1457.0,negotiated_dollar,947.05,reliable
"Northside Hospital Atlanta",json,"Cardiac Stress Test","STRESS TEST EXERCISE  /OR PHARM","","",outpatient,Kaiser,"Kaiser_SF-THOR SURG",1457.0,negotiated_dollar,947.05,reliable
"Northside Hospital Atlanta",json,"Cardiac Stress Test","STRESS TEST EXERCISE  /OR PHARM","","",outpatient,Kaiser,"Kaiser_SF-VASC SURG",1457.0,negotiated_dollar,947.05,reliable
"Northside Hospital Atlanta",json,"Cardiac Stress Test","STRESS TEST EXERCISE  /OR PHARM","","",outpatient,"Truths Community","Truths Community",1457.0,negotiated_dollar,312.0,reliable
"Northside Hospital Atlanta",json,"Cardiac Stress Test","STRESS TEST EXERCISE  /OR PHARM","","",outpatient,UHC,"UHC GA Individual Exchange",1457.0,negotiated_dollar,767.84,reliable
"Northside Hospital Atlanta",json,"Cardiac Stress Test","STRESS TEST EXERCISE  /OR PHARM","","",outpatient,UHC,"UHC Heritage Select",1457.0,negotiated_dollar,1030.1,reliable
"Northside Hospital Atlanta",json,"Cardiac Stress Test","STRESS TEST EXERCISE  /OR PHARM","","",outpatient,UHC,"UHC HMO/POS/PPO",1457.0,negotiated_dollar,904.07,reliable
"Northside Hospital Atlanta",json,"Cardiac Stress Test","STRESS TEST EXERCISE  /OR PHARM","","",outpatient,UHC,"UHC HMO/POS/PPO-G",1457.0,negotiated_dollar,904.07,reliable
"Northside Hospital Atlanta",json,"Cardiac Stress Test","STRESS TEST EXERCISE  /OR PHARM","","",outpatient,UHC,"UHC HMO/POS/PPO-T",1457.0,negotiated_dollar,904.07,reliable
"Northside Hospital Atlanta",json,"Cardiac Stress Test","STRESS TEST EXERCISE  /OR PHARM","","",outpatient,Centene,"Peach State Medicaid",1457.0,negotiated_dollar,264.73,reliable
"Northside Hospital Atlanta",json,"Cardiac Stress Test","STRESS TEST EXERCISE  /OR PHARM","","",outpatient,Centene,"Peach State Medicare",1457.0,negotiated_dollar,298.21,reliable
"Northside Hospital Atlanta",json,"Cardiac Stress Test","STRESS TEST EXERCISE  /OR PHARM","","",outpatient,PHCS,PHCS,1457.0,negotiated_dollar,1092.75,reliable
"Northside Hospital Atlanta",json,"Cardiac Stress Test","STRESS TEST EXERCISE  /OR PHARM","","",outpatient,"Quick Trip","Quick Trip",1457.0,negotiated_dollar,801.35,reliable
"Northside Hospital Atlanta",json,"Cardiac Stress Test","STRESS TEST EXERCISE  /OR PHARM","","",outpatient,"Rabun County BOC","Rabun County BOC",1457.0,negotiated_dollar,1457.0,reliable
"Northside Hospital Atlanta",json,"Cardiac Stress Test","STRESS TEST EXERCISE  /OR PHARM","","",outpatient,Spreemo,Spreemo,1457.0,negotiated_dollar,652.57,reliable
"Northside Hospital Atlanta",json,"Cardiac Stress Test","STRESS TEST EXERCISE  /OR PHARM","","",outpatient,"Streamline Imaging","Streamline Imaging",1457.0,negotiated_dollar,734.14,reliable
"Northside Hospital Atlanta",json,"Cardiac Stress Test","STRESS TEST EXERCISE  /OR PHARM","","",outpatient,Tricare,Tricare,1457.0,negotiated_dollar,219.32,reliable
"Northside Hospital Atlanta",json,"Cardiac Stress Test","STRESS TEST EXERCISE  /OR RX","","",outpatient,"US Dept of Labor WC","US Dept of Labor WC",1457.0,negotiated_dollar,274.15,reliable
"Northside Hospital Atlanta",json,"Cardiac Stress Test","STRESS TEST EXERCISE  /OR RX","","",outpatient,Wellcare,"Wellcare Medicare Advantage",1457.0,negotiated_dollar,222.28,reliable
"Northside Hospital Atlanta",json,"Cardiac Stress Test","STRESS TEST EXERCISE  /OR RX","","",outpatient,"Pruitt Health Premier","Pruitt Health Premier",1457.0,negotiated_dollar,226.6,reliable
"Northside Hospital Atlanta",json,"Cardiac Stress Test","STRESS TEST EXERCISE  /OR RX","","",outpatient,Aetna,"Aetna Medicare",1457.0,negotiated_dollar,220.13,reliable
"Northside Hospital Atlanta",json,"Cardiac Stress Test","STRESS TEST EXERCISE  /OR RX","","",outpatient,BCBS,"BCBS Medicare Advantage",1457.0,negotiated_dollar,215.81,reliable
"Northside Hospital Atlanta",json,"Cardiac Stress Test","STRESS TEST EXERCISE  /OR RX","","",outpatient,BCBS,"BCBS Medicare Advantage-P",1457.0,negotiated_dollar,215.81,reliable
"Northside Hospital Atlanta",json,"Cardiac Stress Test","STRESS TEST EXERCISE  /OR RX","","",outpatient,BCCP,BCCP,1457.0,negotiated_dollar,219.32,reliable
"Northside Hospital Atlanta",json,"Cardiac Stress Test","STRESS TEST EXERCISE  /OR RX","","",outpatient,CareSource,"CareSource Medicare Advantage",1457.0,negotiated_dollar,222.28,reliable
"Northside Hospital Atlanta",json,"Cardiac Stress Test","STRESS TEST EXERCISE  /OR RX","","",outpatient,CBWW,CBWW,1457.0,negotiated_dollar,219.32,reliable
"Northside Hospital Atlanta",json,"Cardiac Stress Test","STRESS TEST EXERCISE  /OR RX","","",outpatient,"Clover Health","Clover Health",1457.0,negotiated_dollar,226.56,reliable
"Northside Hospital Atlanta",json,"Cardiac Stress Test","STRESS TEST EXERCISE  /OR RX","","",outpatient,Coventry,"Coventry Medicare",1457.0,negotiated_dollar,220.13,reliable
"Northside Hospital Atlanta",json,"Cardiac Stress Test","STRESS TEST EXERCISE  /OR RX","","",outpatient,"Devoted Medicare Advantage","Devoted Medicare Advantage",1457.0,negotiated_dollar,226.6,reliable
"Northside Hospital Atlanta",json,"Cardiac Stress Test","STRESS TEST EXERCISE  /OR RX","","",outpatient,"Fairly Group","Fairly Group",1457.0,negotiated_dollar,248.05,reliable
"Northside Hospital Atlanta",json,"Cardiac Stress Test","STRESS TEST EXERCISE  /OR RX","","",outpatient,Humana,"Humana Medicare Advantage HMO",1457.0,negotiated_dollar,217.97,reliable
"Northside Hospital Atlanta",json,"Cardiac Stress Test","STRESS TEST EXERCISE  /OR RX","","",outpatient,Humana,"Humana Medicare Advantage PPO",1457.0,negotiated_dollar,224.44,reliable
"Northside Hospital Atlanta",json,"Cardiac Stress Test","STRESS TEST EXERCISE  /OR RX","","",outpatient,"Institutional 100 Percent of Medicare","Institutional 100 Percent of Medicare",1457.0,negotiated_dollar,215.81,reliable
"Northside Hospital Atlanta",json,"Cardiac Stress Test","STRESS TEST EXERCISE  /OR RX","","",outpatient,"Institutional 110 Percent of Medicare","Institutional 110 Percent of Medicare",1457.0,negotiated_dollar,241.25,reliable
"Northside Hospital Atlanta",json,"Cardiac Stress Test","STRESS TEST EXERCISE  /OR RX","","",outpatient,"Institutional 120 Percent of Medicare","Institutional 120 Percent of Medicare",1457.0,negotiated_dollar,263.18,reliable
"Northside Hospital Atlanta",json,"Cardiac Stress Test","STRESS TEST EXERCISE  /OR RX","","",outpatient,Kaiser,"Kaiser Medicare Advantage",1457.0,negotiated_dollar,222.28,reliable
"Northside Hospital Atlanta",json,"Cardiac Stress Test","STRESS TEST EXERCISE  /OR RX","","",outpatient,Medicare,Medicare,1457.0,negotiated_dollar,215.81,reliable
"Northside Hospital Atlanta",json,"Cardiac Stress Test","STRESS TEST EXERCISE  /OR RX","","",outpatient,"CLEAR SPRINGS EON HEALTH","CLEAR SPRINGS EON HEALTH",1457.0,negotiated_dollar,215.81,reliable
"Northside Hospital Atlanta",json,"Cardiac Stress Test","STRESS TEST EXERCISE  /OR RX","","",outpatient,"VA CCN","VA CCN",1457.0,negotiated_dollar,215.81,reliable
"Northside Hospital Atlanta",json,"Cardiac Stress Test","STRESS TEST EXERCISE  /OR RX","","",outpatient,UHC,"UHC Medicare",1457.0,negotiated_dollar,215.81,reliable
"Northside Hospital Atlanta",json,"Cardiac Stress Test","STRESS TEST EXERCISE  /OR RX","","",inpatient,"Dekalb_Department of Health","Dekalb_Department of Health",1457.0,negotiated_dollar,1457.0,reliable
"Northside Hospital Atlanta",json,"Cardiac Stress Test","STRESS TEST EXERCISE  /OR RX","","",inpatient,FIFA,FIFA,1457.0,negotiated_dollar,1457.0,reliable
"Northside Hospital Atlanta",json,"Cardiac Stress Test","STRESS TEST EXERCISE  /OR RX","","",inpatient,Coventry,"First Health and Coventry National",1457.0,negotiated_dollar,990.76,reliable
"Northside Hospital Atlanta",json,"Cardiac Stress Test","STRESS TEST EXERCISE  /OR RX","","",inpatient,"Georgia Reproductive Specialists","Georgia Reproductive Specialists (SGF)",1457.0,negotiated_dollar,582.8,reliable
"Northside Hospital Atlanta",json,"Cardiac Stress Test","STRESS TEST EXERCISE  /OR RX","","",inpatient,Multiplan,"Multiplan PPO",1457.0,negotiated_dollar,1238.45,reliable
"Northside Hospital Atlanta",json,"Cardiac Stress Test","STRESS TEST EXERCISE  /OR RX","","",inpatient,"Multiplan Workers Comp","Multiplan Workers Comp",1457.0,negotiated_dollar,1238.45,reliable
"Northside Hospital Atlanta",json,"Cardiac Stress Test","STRESS TEST EXERCISE  /OR RX","","",inpatient,NovaNet_PPO,NovaNet_PPO,1457.0,negotiated_dollar,1019.9,reliable
"Northside Hospital Atlanta",json,"Cardiac Stress Test","STRESS TEST EXERCISE  /OR RX","","",inpatient,"Quick Trip","Quick Trip",1457.0,negotiated_dollar,801.35,reliable
"Northside Hospital Atlanta",json,"Cardiac Stress Test","STRESS TEST EXERCISE  /OR RX","","",inpatient,"Rabun County BOC","Rabun County BOC",1457.0,negotiated_dollar,1457.0,reliable
"Northside Hospital Atlanta",json,"Cardiac Stress Test","STRESS TEST EXERCISE  /OR RX","","",inpatient,BCBS,"BCBS PRUDT BUYER",1457.0,negotiated_dollar,1015.53,reliable
"Northside Hospital Atlanta",json,"Cardiac Stress Test","STRESS TEST EXERCISE  /OR RX","","",inpatient,"Beech Steet","Beech Street",1457.0,negotiated_dollar,1238.45,reliable
"Northside Hospital Atlanta",json,"Cardiac Stress Test","STRESS TEST EXERCISE  /OR RX","","",inpatient,CareIQ,CareIQ,1457.0,negotiated_dollar,1457.0,reliable
"Northside Hospital Atlanta",json,"Cardiac Stress Test","STRESS TEST EXERCISE  /OR RX","","",inpatient,CareSource,"CareSource MarketPlace",1457.0,negotiated_dollar,542.0,reliable
"Northside Hospital Atlanta",json,"Cardiac Stress Test","STRESS TEST EXERCISE  /OR RX","","",outpatient,NovaNet_PPO,NovaNet_PPO,1457.0,negotiated_dollar,1019.9,reliable
"Northside Hospital Atlanta",json,"Cardiac Stress Test","STRESS TEST EXERCISE  /OR RX","","",outpatient,"One Call Diagnostics","One Call Diagnostics",1457.0,negotiated_dollar,62.0,reliable
"Northside Hospital Atlanta",json,"Cardiac Stress Test","STRESS TEST EXERCISE  /OR RX","","",outpatient,Oscar,Oscar,1457.0,negotiated_dollar,684.79,reliable
"Northside Hospital Atlanta",json,"Cardiac Stress Test","STRESS TEST EXERCISE  /OR RX","","",outpatient,Aetna,"Aetna HMO/POS/PPO",1457.0,negotiated_dollar,990.76,reliable
"Northside Hospital Atlanta",json,"Cardiac Stress Test","STRESS TEST EXERCISE  /OR RX","","",outpatient,Aetna,"Aetna HMO/POS/PPO-G",1457.0,negotiated_dollar,990.76,reliable
"Northside Hospital Atlanta",json,"Cardiac Stress Test","STRESS TEST EXERCISE  /OR RX","","",outpatient,Aetna,"Aetna HMO/POS/PPO-Q",1457.0,negotiated_dollar,990.76,reliable
"Northside Hospital Atlanta",json,"Cardiac Stress Test","STRESS TEST EXERCISE  /OR RX","","",outpatient,Aetna,"Aetna Whole Health",1457.0,negotiated_dollar,728.5,reliable
"Northside Hospital Atlanta",json,"Cardiac Stress Test","STRESS TEST EXERCISE  /OR RX","","",outpatient,Aetna,"Aetna Whole Health-G",1457.0,negotiated_dollar,728.5,reliable
"Northside Hospital Atlanta",json,"Cardiac Stress Test","STRESS TEST EXERCISE  /OR RX","","",outpatient,Centene,"Ambetter PAR",1457.0,negotiated_dollar,684.79,reliable
"Northside Hospital Atlanta",json,"Cardiac Stress Test","STRESS TEST EXERCISE  /OR RX","","",outpatient,"Employers Choice Network","Employers Choice Network",1457.0,negotiated_dollar,774.92,reliable
"Northside Hospital Atlanta",json,"Cardiac Stress Test","STRESS TEST EXERCISE  /OR RX","","",outpatient,"Fieldale Farms WC","Fieldale Farms WC",1457.0,negotiated_dollar,815.71,reliable
"Northside Hospital Atlanta",json,"Cardiac Stress Test","STRESS TEST EXERCISE  /OR RX","","",outpatient,FIFA,FIFA,1457.0,negotiated_dollar,1457.0,reliable
"Northside Hospital Atlanta",json,"Cardiac Stress Test","STRESS TEST EXERCISE  /OR RX","","",outpatient,Coventry,"First Health and Coventry National",1457.0,negotiated_dollar,874.2,reliable
"Northside Hospital Atlanta",json,"Cardiac Stress Test","STRESS TEST EXERCISE  /OR RX","","",outpatient,"Genex/Priority Care Solutions","Genex/Priority Care Solutions",1457.0,negotiated_dollar,652.57,reliable
"Northside Hospital Atlanta",json,"Cardiac Stress Test","STRESS TEST EXERCISE  /OR RX","","",outpatient,"Georgia Reproductive Specialists","Georgia Reproductive Specialists (SGF)",1457.0,negotiated_dollar,582.8,reliable
"Northside Hospital Atlanta",json,"Cardiac Stress Test","STRESS TEST EXERCISE  /OR RX","","",outpatient,"Georgia Workers Compensation","Georgia Workers Comp",1457.0,negotiated_dollar,815.71,reliable
"Northside Hospital Atlanta",json,"Cardiac Stress Test","STRESS TEST EXERCISE  /OR RX","","",outpatient,Amerigroup,"Amerigroup Medicaid",1457.0,negotiated_dollar,264.73,reliable
"Northside Hospital Atlanta",json,"Cardiac Stress Test","STRESS TEST EXERCISE  /OR RX","","",outpatient,BCBS,BCBS_PATHWAY-L,1457.0,negotiated_dollar,407.09,reliable
"Northside Hospital Atlanta",json,"Cardiac Stress Test","STRESS TEST EXERCISE  /OR RX","","",outpatient,Amerigroup,"Amerigroup Medicare Advantage",1457.0,negotiated_dollar,235.58,reliable
"Northside Hospital Atlanta",json,"Cardiac Stress Test","STRESS TEST EXERCISE  /OR RX","","",outpatient,"Authentic 4D","Authentic 4D",1457.0,negotiated_dollar,734.14,reliable
"Northside Hospital Atlanta",json,"Cardiac Stress Test","STRESS TEST EXERCISE  /OR RX","","",outpatient,BCBS,"BCBS PRUDT BUYER",1457.0,negotiated_dollar,1015.53,reliable
"Northside Hospital Atlanta",json,"Cardiac Stress Test","STRESS TEST EXERCISE  /OR RX","","",outpatient,BCBS,BCBS_HMO,1457.0,negotiated_dollar,814.46,reliable
"Northside Hospital Atlanta",json,"Cardiac Stress Test","STRESS TEST EXERCISE  /OR RX","","",outpatient,BCBS,BCBS_HMO-L,1457.0,negotiated_dollar,814.46,reliable
"Northside Hospital Atlanta",json,"Cardiac Stress Test","STRESS TEST EXERCISE  /OR RX","","",outpatient,BCBS,BCBS_PATHWAY,1457.0,negotiated_dollar,407.09,reliable
"Northside Hospital Atlanta",json,"Cardiac Stress Test","STRESS TEST EXERCISE  /OR RX","","",outpatient,"Health One Alliance_PPO","Health One Alliance_PPO",1457.0,negotiated_dollar,801.35,reliable
"Northside Hospital Atlanta",json,"Cardiac Stress Test","STRESS TEST EXERCISE  /OR RX","","",outpatient,HomeLink,HomeLink,1457.0,negotiated_dollar,65.88,reliable
"Northside Hospital Atlanta",json,"Cardiac Stress Test","STRESS TEST EXERCISE  /OR RX","","",outpatient,Kaiser,"Kaiser Dual Choice PPO-THOR SURG",1457.0,negotiated_dollar,1267.59,reliable
"Northside Hospital Atlanta",json,"Cardiac Stress Test","STRESS TEST EXERCISE  /OR RX","","",outpatient,BCBS,BCBS_PPO,1457.0,negotiated_dollar,968.91,reliable
"Northside Hospital Atlanta",json,"Cardiac Stress Test","STRESS TEST EXERCISE  /OR RX","","",outpatient,BCBS,BCBS_PPO-L,1457.0,negotiated_dollar,968.91,reliable
"Northside Hospital Atlanta",json,"Cardiac Stress Test","STRESS TEST EXERCISE  /OR RX","","",outpatient,"Beech Steet","Beech Street",1457.0,negotiated_dollar,1238.45,reliable
"Northside Hospital Atlanta",json,"Cardiac Stress Test","STRESS TEST EXERCISE  /OR RX","","",outpatient,BCBS,"Blue HPN",1457.0,negotiated_dollar,629.86,reliable
"Northside Hospital Atlanta",json,"Cardiac Stress Test","STRESS TEST EXERCISE  /OR RX","","",outpatient,BCBS,"Blue HPN-L",1457.0,negotiated_dollar,629.86,reliable
"Northside Hospital Atlanta",json,"Cardiac Stress Test","STRESS TEST EXERCISE  /OR RX","","",outpatient,CareIQ,CareIQ,1457.0,negotiated_dollar,1457.0,reliable
"Northside Hospital Atlanta",json,"Cardiac Stress Test","STRESS TEST EXERCISE  /OR RX","","",outpatient,Kaiser,"Kaiser Dual Choice PPO-VASC SURG",1457.0,negotiated_dollar,1267.59,reliable
"Northside Hospital Atlanta",json,"Cardiac Stress Test","STRESS TEST EXERCISE  /OR RX","","",outpatient,Kaiser,Kaiser_HMO,1457.0,negotiated_dollar,947.05,reliable
"Northside Hospital Atlanta",json,"Cardiac Stress Test","STRESS TEST EXERCISE  /OR RX","","",outpatient,Kaiser,Kaiser_SF-GCS,1457.0,negotiated_dollar,947.05,reliable
"Northside Hospital Atlanta",json,"Cardiac Stress Test","STRESS TEST EXERCISE  /OR RX","","",outpatient,Kaiser,Kaiser_SF-GPG/NOAS,1457.0,negotiated_dollar,947.05,reliable
"Northside Hospital Atlanta",json,"Cardiac Stress Test","STRESS TEST EXERCISE  /OR RX","","",outpatient,Kaiser,Kaiser_SF-GYNONC,1457.0,negotiated_dollar,947.05,reliable
"Northside Hospital Atlanta",json,"Cardiac Stress Test","STRESS TEST EXERCISE  /OR RX","","",outpatient,Kaiser,Kaiser_SF-MELANOMA,1457.0,negotiated_dollar,947.05,reliable
"Northside Hospital Atlanta",json,"Cardiac Stress Test","STRESS TEST EXERCISE  /OR RX","","",outpatient,Kaiser,Kaiser_SF-NAPS/CVG/NPCPS/UPS,1457.0,negotiated_dollar,947.05,reliable
"Northside Hospital Atlanta",json,"Cardiac Stress Test","STRESS TEST EXERCISE  /OR RX","","",outpatient,Kaiser,"Kaiser_SF-THOR SURG",1457.0,negotiated_dollar,947.05,reliable
"Northside Hospital Atlanta",json,"Cardiac Stress Test","STRESS TEST EXERCISE  /OR RX","","",outpatient,CareSource,CareSource,1457.0,negotiated_dollar,272.67,reliable
"Northside Hospital Atlanta",json,"Cardiac Stress Test","STRESS TEST EXERCISE  /OR RX","","",outpatient,CareSource,"CareSource MarketPlace",1457.0,negotiated_dollar,542.0,reliable
"Northside Hospital Atlanta",json,"Cardiac Stress Test","STRESS TEST EXERCISE  /OR RX","","",outpatient,"CHAMPUS VA","CHAMPUS VA",1457.0,negotiated_dollar,37.17,reliable
"Northside Hospital Atlanta",json,"Cardiac Stress Test","STRESS TEST EXERCISE  /OR RX","","",outpatient,Cigna,Cigna,1457.0,negotiated_dollar,917.91,reliable
"Northside Hospital Atlanta",json,"Cardiac Stress Test","STRESS TEST EXERCISE  /OR RX","","",outpatient,Cigna,Cigna-G,1457.0,negotiated_dollar,917.91,reliable
"Northside Hospital Atlanta",json,"Cardiac Stress Test","STRESS TEST EXERCISE  /OR RX","","",outpatient,Kaiser,"Kaiser_SF-VASC SURG",1457.0,negotiated_dollar,947.05,reliable
"Northside Hospital Atlanta",json,"Cardiac Stress Test","STRESS TEST EXERCISE  /OR RX","","",outpatient,"Med Care Solutions","Med Care Solutions",1457.0,negotiated_dollar,655.65,reliable
"Northside Hospital Atlanta",json,"Cardiac Stress Test","STRESS TEST EXERCISE  /OR RX","","",outpatient,"MedLien Healthcare Services","MedLien Healthcare Services",1457.0,negotiated_dollar,582.8,reliable
"Northside Hospital Atlanta",json,"Cardiac Stress Test","STRESS TEST EXERCISE  /OR RX","","",outpatient,MTI,MTI,1457.0,negotiated_dollar,62.0,reliable
"Northside Hospital Atlanta",json,"Cardiac Stress Test","STRESS TEST EXERCISE  /OR RX","","",outpatient,Multiplan,"Multiplan PPO",1457.0,negotiated_dollar,1238.45,reliable
"Northside Hospital Atlanta",json,"Cardiac Stress Test","STRESS TEST EXERCISE  /OR RX","","",outpatient,Cigna,Cigna-H,1457.0,negotiated_dollar,917.91,reliable
"Northside Hospital Atlanta",json,"Cardiac Stress Test","STRESS TEST EXERCISE  /OR RX","","",outpatient,Cigna,Cigna-L,1457.0,negotiated_dollar,917.91,reliable
"Northside Hospital Atlanta",json,"Cardiac Stress Test","STRESS TEST EXERCISE  /OR RX","","",outpatient,Cigna,"CIGNA HealthSprings Medicare Advantage",1457.0,negotiated_dollar,237.85,reliable
"Northside Hospital Atlanta",json,"Cardiac Stress Test","STRESS TEST EXERCISE  /OR RX","","",outpatient,"Corvel Workers Comp","Corvel Workers Comp",1457.0,negotiated_dollar,774.92,reliable
"Northside Hospital Atlanta",json,"Cardiac Stress Test","STRESS TEST EXERCISE  /OR RX","","",outpatient,"Dekalb_Department of Health","Dekalb_Department of Health",1457.0,negotiated_dollar,1457.0,reliable
"Northside Hospital Atlanta",json,"Cardiac Stress Test","STRESS TEST EXERCISE  /OR RX","","",outpatient,"Multiplan Workers Comp","Multiplan Workers Comp",1457.0,negotiated_dollar,1238.45,reliable
"Northside Hospital Atlanta",json,"Cardiac Stress Test","STRESS TEST EXERCISE  /OR RX","","",outpatient,"Northside Health Network","Northside Health Network",1457.0,negotiated_dollar,903.34,reliable
"Northside Hospital Atlanta",json,"Cardiac Stress Test","STRESS TEST EXERCISE  /OR RX","","",outpatient,"Northside Health Network","Northside Health Network-S",1457.0,negotiated_dollar,903.34,reliable
"Northside Hospital Atlanta",json,"Cardiac Stress Test","STRESS TEST EXERCISE  /OR RX","","",outpatient,"Institutional 115 Percent_Georgia Medicaid","Institutional 115 Percent_Georgia Medicaid",1457.0,negotiated_dollar,304.44,reliable
"Northside Hospital Atlanta",json,"Cardiac Stress Test","STRESS TEST EXERCISE  /OR RX","","",outpatient,"Institutional GA Medicaid","Institutional GA Medicaid",1457.0,negotiated_dollar,264.73,reliable
"Northside Hospital Atlanta",json,"Cardiac Stress Test","STRESS TEST EXERCISE  /OR RX","","",outpatient,"Institutional Marietta Surgery Center","Institutional Marietta Surgery Center",1457.0,negotiated_dollar,1457.0,reliable
"Northside Hospital Atlanta",json,"Cardiac Stress Test","STRESS TEST EXERCISE  /OR RX","","",outpatient,"Institutional Veterans Evaluation Services","Institutional Veterans Evaluation Services",1457.0,negotiated_dollar,1457.0,reliable
"Northside Hospital Atlanta",json,"Cardiac Stress Test","STRESS TEST EXERCISE  /OR RX","","",outpatient,Kaiser,"Kaiser Dual Choice PPO",1457.0,negotiated_dollar,1267.59,reliable
"Northside Hospital Atlanta",json,"Cardiac Stress Test","STRESS TEST EXERCISE  /OR RX","","",outpatient,Kaiser,"Kaiser Dual Choice PPO-AGA",1457.0,negotiated_dollar,1267.59,reliable
"Northside Hospital Atlanta",json,"Cardiac Stress Test","STRESS TEST EXERCISE  /OR RX","","",outpatient,Kaiser,"Kaiser Dual Choice PPO-BARIATRIC",1457.0,negotiated_dollar,1267.59,reliable
"Northside Hospital Atlanta",json,"Cardiac Stress Test","STRESS TEST EXERCISE  /OR RX","","",outpatient,Kaiser,"Kaiser Dual Choice PPO-GCS",1457.0,negotiated_dollar,1267.59,reliable
"Northside Hospital Atlanta",json,"Cardiac Stress Test","STRESS TEST EXERCISE  /OR RX","","",outpatient,Kaiser,"Kaiser Dual Choice PPO-GPG/NOAS",1457.0,negotiated_dollar,1267.59,reliable
"Northside Hospital Atlanta",json,"Cardiac Stress Test","STRESS TEST EXERCISE  /OR RX","","",outpatient,Kaiser,"Kaiser Dual Choice PPO-GYNONC",1457.0,negotiated_dollar,1267.59,reliable
"Northside Hospital Atlanta",json,"Cardiac Stress Test","STRESS TEST EXERCISE  /OR RX","","",outpatient,Kaiser,"Kaiser Dual Choice PPO-MELANOMA",1457.0,negotiated_dollar,1267.59,reliable
"Northside Hospital Atlanta",json,"Cardiac Stress Test","STRESS TEST EXERCISE  /OR RX","","",outpatient,Kaiser,"Kaiser Dual Choice PPO-NAPS/CVG/NPCPS/UPS",1457.0,negotiated_dollar,1267.59,reliable
"Northside Hospital Atlanta",json,"Cardiac Stress Test","STRESS TEST EXERCISE  /OR RX","","",outpatient,Kaiser,Kaiser_HMO-AGA,1457.0,negotiated_dollar,947.05,reliable
"Northside Hospital Atlanta",json,"Cardiac Stress Test","STRESS TEST EXERCISE  /OR RX","","",outpatient,Kaiser,Kaiser_HMO-BARIATRIC,1457.0,negotiated_dollar,947.05,reliable
"Northside Hospital Atlanta",json,"Cardiac Stress Test","STRESS TEST EXERCISE  /OR RX","","",outpatient,Kaiser,Kaiser_HMO-GCS,1457.0,negotiated_dollar,947.05,reliable
"Northside Hospital Atlanta",json,"Cardiac Stress Test","STRESS TEST EXERCISE  /OR RX","","",outpatient,Kaiser,Kaiser_HMO-GPG/NOAS,1457.0,negotiated_dollar,947.05,reliable
"Northside Hospital Atlanta",json,"Cardiac Stress Test","STRESS TEST EXERCISE  /OR RX","","",outpatient,Kaiser,Kaiser_HMO-GYNONC,1457.0,negotiated_dollar,947.05,reliable
"Northside Hospital Atlanta",json,"Cardiac Stress Test","STRESS TEST EXERCISE  /OR RX","","",outpatient,Kaiser,Kaiser_HMO-MELANOMA,1457.0,negotiated_dollar,947.05,reliable
"Northside Hospital Atlanta",json,"Cardiac Stress Test","STRESS TEST EXERCISE  /OR RX","","",outpatient,Kaiser,Kaiser_HMO-NAPS/CVG/NPCPS/UPS,1457.0,negotiated_dollar,947.05,reliable
"Northside Hospital Atlanta",json,"Cardiac Stress Test","STRESS TEST EXERCISE  /OR RX","","",outpatient,Kaiser,"Kaiser_HMO-VASC SURG",1457.0,negotiated_dollar,947.05,reliable
"Northside Hospital Atlanta",json,"Cardiac Stress Test","STRESS TEST EXERCISE  /OR RX","","",outpatient,Kaiser,Kaiser_SF,1457.0,negotiated_dollar,947.05,reliable
"Northside Hospital Atlanta",json,"Cardiac Stress Test","STRESS TEST EXERCISE  /OR RX","","",outpatient,Kaiser,Kaiser_SF-AGA,1457.0,negotiated_dollar,947.05,reliable
"Northside Hospital Atlanta",json,"Cardiac Stress Test","STRESS TEST EXERCISE  /OR RX","","",outpatient,Kaiser,Kaiser_SF-BARIATRIC,1457.0,negotiated_dollar,947.05,reliable
"Northside Hospital Atlanta",json,"Cardiac Stress Test","STRESS TEST EXERCISE  /OR RX","","",outpatient,Centene,"Peach State Medicaid",1457.0,negotiated_dollar,264.73,reliable
"Northside Hospital Atlanta",json,"Cardiac Stress Test","STRESS TEST EXERCISE  /OR RX","","",outpatient,Centene,"Peach State Medicare",1457.0,negotiated_dollar,298.21,reliable
"Northside Hospital Atlanta",json,"Cardiac Stress Test","STRESS TEST EXERCISE  /OR RX","","",outpatient,PHCS,PHCS,1457.0,negotiated_dollar,1092.75,reliable
"Northside Hospital Atlanta",json,"Cardiac Stress Test","STRESS TEST EXERCISE  /OR RX","","",outpatient,"Quick Trip","Quick Trip",1457.0,negotiated_dollar,801.35,reliable
"Northside Hospital Atlanta",json,"Cardiac Stress Test","STRESS TEST EXERCISE  /OR RX","","",outpatient,"Rabun County BOC","Rabun County BOC",1457.0,negotiated_dollar,1457.0,reliable
"Northside Hospital Atlanta",json,"Cardiac Stress Test","STRESS TEST EXERCISE  /OR RX","","",outpatient,Spreemo,Spreemo,1457.0,negotiated_dollar,652.57,reliable
"Northside Hospital Atlanta",json,"Cardiac Stress Test","STRESS TEST EXERCISE  /OR RX","","",outpatient,"Streamline Imaging","Streamline Imaging",1457.0,negotiated_dollar,734.14,reliable
"Northside Hospital Atlanta",json,"Cardiac Stress Test","STRESS TEST EXERCISE  /OR RX","","",outpatient,Tricare,Tricare,1457.0,negotiated_dollar,219.32,reliable
"Northside Hospital Atlanta",json,"Cardiac Stress Test","STRESS TEST EXERCISE  /OR RX","","",outpatient,"Truths Community","Truths Community",1457.0,negotiated_dollar,312.0,reliable
"Northside Hospital Atlanta",json,"Cardiac Stress Test","STRESS TEST EXERCISE  /OR RX","","",outpatient,UHC,"UHC GA Individual Exchange",1457.0,negotiated_dollar,767.84,reliable
"Northside Hospital Atlanta",json,"Cardiac Stress Test","STRESS TEST EXERCISE  /OR RX","","",outpatient,UHC,"UHC Heritage Select",1457.0,negotiated_dollar,1030.1,reliable
"Northside Hospital Atlanta",json,"Cardiac Stress Test","STRESS TEST EXERCISE  /OR RX","","",outpatient,UHC,"UHC HMO/POS/PPO",1457.0,negotiated_dollar,904.07,reliable
"Northside Hospital Atlanta",json,"Cardiac Stress Test","STRESS TEST EXERCISE  /OR RX","","",outpatient,UHC,"UHC HMO/POS/PPO-G",1457.0,negotiated_dollar,904.07,reliable
"Northside Hospital Atlanta",json,"Cardiac Stress Test","STRESS TEST EXERCISE  /OR RX","","",outpatient,UHC,"UHC HMO/POS/PPO-T",1457.0,negotiated_dollar,904.07,reliable
"Northside Hospital Atlanta",json,"Cardiac Stress Test","STRESS TEST PHARM","","",outpatient,UHC,"UHC Medicare",1457.0,negotiated_dollar,215.81,reliable
"Northside Hospital Atlanta",json,"Cardiac Stress Test","STRESS TEST PHARM","","",outpatient,"US Dept of Labor WC","US Dept of Labor WC",1457.0,negotiated_dollar,274.15,reliable
"Northside Hospital Atlanta",json,"Cardiac Stress Test","STRESS TEST PHARM","","",outpatient,Wellcare,"Wellcare Medicare Advantage",1457.0,negotiated_dollar,222.28,reliable
"Northside Hospital Atlanta",json,"Cardiac Stress Test","STRESS TEST PHARM","","",outpatient,Aetna,"Aetna Medicare",1457.0,negotiated_dollar,220.13,reliable
"Northside Hospital Atlanta",json,"Cardiac Stress Test","STRESS TEST PHARM","","",outpatient,BCBS,"BCBS Medicare Advantage",1457.0,negotiated_dollar,215.81,reliable
"Northside Hospital Atlanta",json,"Cardiac Stress Test","STRESS TEST PHARM","","",outpatient,BCBS,"BCBS Medicare Advantage-P",1457.0,negotiated_dollar,215.81,reliable
"Northside Hospital Atlanta",json,"Cardiac Stress Test","STRESS TEST PHARM","","",outpatient,BCCP,BCCP,1457.0,negotiated_dollar,219.32,reliable
"Northside Hospital Atlanta",json,"Cardiac Stress Test","STRESS TEST PHARM","","",outpatient,CareSource,"CareSource Medicare Advantage",1457.0,negotiated_dollar,222.28,reliable
"Northside Hospital Atlanta",json,"Cardiac Stress Test","STRESS TEST PHARM","","",outpatient,CBWW,CBWW,1457.0,negotiated_dollar,219.32,reliable
"Northside Hospital Atlanta",json,"Cardiac Stress Test","STRESS TEST PHARM","","",outpatient,"Clover Health","Clover Health",1457.0,negotiated_dollar,226.56,reliable
"Northside Hospital Atlanta",json,"Cardiac Stress Test","STRESS TEST PHARM","","",outpatient,Coventry,"Coventry Medicare",1457.0,negotiated_dollar,220.13,reliable
"Northside Hospital Atlanta",json,"Cardiac Stress Test","STRESS TEST PHARM","","",outpatient,"Devoted Medicare Advantage","Devoted Medicare Advantage",1457.0,negotiated_dollar,226.6,reliable
"Northside Hospital Atlanta",json,"Cardiac Stress Test","STRESS TEST PHARM","","",outpatient,"Fairly Group","Fairly Group",1457.0,negotiated_dollar,248.05,reliable
"Northside Hospital Atlanta",json,"Cardiac Stress Test","STRESS TEST PHARM","","",outpatient,Humana,"Humana Medicare Advantage HMO",1457.0,negotiated_dollar,217.97,reliable
"Northside Hospital Atlanta",json,"Cardiac Stress Test","STRESS TEST PHARM","","",outpatient,Humana,"Humana Medicare Advantage PPO",1457.0,negotiated_dollar,224.44,reliable
"Northside Hospital Atlanta",json,"Cardiac Stress Test","STRESS TEST PHARM","","",outpatient,"Institutional 100 Percent of Medicare","Institutional 100 Percent of Medicare",1457.0,negotiated_dollar,215.81,reliable
"Northside Hospital Atlanta",json,"Cardiac Stress Test","STRESS TEST PHARM","","",outpatient,"Institutional 110 Percent of Medicare","Institutional 110 Percent of Medicare",1457.0,negotiated_dollar,241.25,reliable
"Northside Hospital Atlanta",json,"Cardiac Stress Test","STRESS TEST PHARM","","",outpatient,"Institutional 120 Percent of Medicare","Institutional 120 Percent of Medicare",1457.0,negotiated_dollar,263.18,reliable
"Northside Hospital Atlanta",json,"Cardiac Stress Test","STRESS TEST PHARM","","",outpatient,Kaiser,"Kaiser Medicare Advantage",1457.0,negotiated_dollar,222.28,reliable
"Northside Hospital Atlanta",json,"Cardiac Stress Test","STRESS TEST PHARM","","",outpatient,Medicare,Medicare,1457.0,negotiated_dollar,215.81,reliable
"Northside Hospital Atlanta",json,"Cardiac Stress Test","STRESS TEST PHARM","","",outpatient,"CLEAR SPRINGS EON HEALTH","CLEAR SPRINGS EON HEALTH",1457.0,negotiated_dollar,215.81,reliable
"Northside Hospital Atlanta",json,"Cardiac Stress Test","STRESS TEST PHARM","","",outpatient,"VA CCN","VA CCN",1457.0,negotiated_dollar,215.81,reliable
"Northside Hospital Atlanta",json,"Cardiac Stress Test","STRESS TEST PHARM","","",outpatient,"Pruitt Health Premier","Pruitt Health Premier",1457.0,negotiated_dollar,226.6,reliable
"Northside Hospital Atlanta",json,"Cardiac Stress Test","STRESS TEST PHARM","","",inpatient,BCBS,"BCBS PRUDT BUYER",1457.0,negotiated_dollar,1015.53,reliable
"Northside Hospital Atlanta",json,"Cardiac Stress Test","STRESS TEST PHARM","","",inpatient,"Beech Steet","Beech Street",1457.0,negotiated_dollar,1238.45,reliable
"Northside Hospital Atlanta",json,"Cardiac Stress Test","STRESS TEST PHARM","","",inpatient,CareIQ,CareIQ,1457.0,negotiated_dollar,1457.0,reliable
"Northside Hospital Atlanta",json,"Cardiac Stress Test","STRESS TEST PHARM","","",inpatient,CareSource,"CareSource MarketPlace",1457.0,negotiated_dollar,542.0,reliable
"Northside Hospital Atlanta",json,"Cardiac Stress Test","STRESS TEST PHARM","","",inpatient,"Dekalb_Department of Health","Dekalb_Department of Health",1457.0,negotiated_dollar,1457.0,reliable
"Northside Hospital Atlanta",json,"Cardiac Stress Test","STRESS TEST PHARM","","",inpatient,FIFA,FIFA,1457.0,negotiated_dollar,1457.0,reliable
"Northside Hospital Atlanta",json,"Cardiac Stress Test","STRESS TEST PHARM","","",inpatient,Coventry,"First Health and Coventry National",1457.0,negotiated_dollar,990.76,reliable
"Northside Hospital Atlanta",json,"Cardiac Stress Test","STRESS TEST PHARM","","",inpatient,"Georgia Reproductive Specialists","Georgia Reproductive Specialists (SGF)",1457.0,negotiated_dollar,582.8,reliable
"Northside Hospital Atlanta",json,"Cardiac Stress Test","STRESS TEST PHARM","","",inpatient,Multiplan,"Multiplan PPO",1457.0,negotiated_dollar,1238.45,reliable
"Northside Hospital Atlanta",json,"Cardiac Stress Test","STRESS TEST PHARM","","",inpatient,"Multiplan Workers Comp","Multiplan Workers Comp",1457.0,negotiated_dollar,1238.45,reliable
"Northside Hospital Atlanta",json,"Cardiac Stress Test","STRESS TEST PHARM","","",inpatient,NovaNet_PPO,NovaNet_PPO,1457.0,negotiated_dollar,1019.9,reliable
"Northside Hospital Atlanta",json,"Cardiac Stress Test","STRESS TEST PHARM","","",inpatient,"Quick Trip","Quick Trip",1457.0,negotiated_dollar,801.35,reliable
"Northside Hospital Atlanta",json,"Cardiac Stress Test","STRESS TEST PHARM","","",inpatient,"Rabun County BOC","Rabun County BOC",1457.0,negotiated_dollar,1457.0,reliable
"Northside Hospital Atlanta",json,"Cardiac Stress Test","STRESS TEST PHARM","","",outpatient,Aetna,"Aetna HMO/POS/PPO",1457.0,negotiated_dollar,990.76,reliable
"Northside Hospital Atlanta",json,"Cardiac Stress Test","STRESS TEST PHARM","","",outpatient,Aetna,"Aetna HMO/POS/PPO-G",1457.0,negotiated_dollar,990.76,reliable
"Northside Hospital Atlanta",json,"Cardiac Stress Test","STRESS TEST PHARM","","",outpatient,Aetna,"Aetna HMO/POS/PPO-Q",1457.0,negotiated_dollar,990.76,reliable
"Northside Hospital Atlanta",json,"Cardiac Stress Test","STRESS TEST PHARM","","",outpatient,Aetna,"Aetna Whole Health",1457.0,negotiated_dollar,728.5,reliable
"Northside Hospital Atlanta",json,"Cardiac Stress Test","STRESS TEST PHARM","","",outpatient,Aetna,"Aetna Whole Health-G",1457.0,negotiated_dollar,728.5,reliable
"Northside Hospital Atlanta",json,"Cardiac Stress Test","STRESS TEST PHARM","","",outpatient,Centene,"Ambetter PAR",1457.0,negotiated_dollar,684.79,reliable
"Northside Hospital Atlanta",json,"Cardiac Stress Test","STRESS TEST PHARM","","",outpatient,"Employers Choice Network","Employers Choice Network",1457.0,negotiated_dollar,774.92,reliable
"Northside Hospital Atlanta",json,"Cardiac Stress Test","STRESS TEST PHARM","","",outpatient,"Fieldale Farms WC","Fieldale Farms WC",1457.0,negotiated_dollar,815.71,reliable
"Northside Hospital Atlanta",json,"Cardiac Stress Test","STRESS TEST PHARM","","",outpatient,Kaiser,Kaiser_SF-MELANOMA,1457.0,negotiated_dollar,947.05,reliable
"Northside Hospital Atlanta",json,"Cardiac Stress Test","STRESS TEST PHARM","","",outpatient,Kaiser,Kaiser_SF-NAPS/CVG/NPCPS/UPS,1457.0,negotiated_dollar,947.05,reliable
"Northside Hospital Atlanta",json,"Cardiac Stress Test","STRESS TEST PHARM","","",outpatient,Kaiser,"Kaiser_SF-THOR SURG",1457.0,negotiated_dollar,947.05,reliable
"Northside Hospital Atlanta",json,"Cardiac Stress Test","STRESS TEST PHARM","","",outpatient,Kaiser,"Kaiser_SF-VASC SURG",1457.0,negotiated_dollar,947.05,reliable
"Northside Hospital Atlanta",json,"Cardiac Stress Test","STRESS TEST PHARM","","",outpatient,"Med Care Solutions","Med Care Solutions",1457.0,negotiated_dollar,655.65,reliable
"Northside Hospital Atlanta",json,"Cardiac Stress Test","STRESS TEST PHARM","","",outpatient,"MedLien Healthcare Services","MedLien Healthcare Services",1457.0,negotiated_dollar,582.8,reliable
"Northside Hospital Atlanta",json,"Cardiac Stress Test","STRESS TEST PHARM","","",outpatient,MTI,MTI,1457.0,negotiated_dollar,62.0,reliable
"Northside Hospital Atlanta",json,"Cardiac Stress Test","STRESS TEST PHARM","","",outpatient,Multiplan,"Multiplan PPO",1457.0,negotiated_dollar,1238.45,reliable
"Northside Hospital Atlanta",json,"Cardiac Stress Test","STRESS TEST PHARM","","",outpatient,"Multiplan Workers Comp","Multiplan Workers Comp",1457.0,negotiated_dollar,1238.45,reliable
"Northside Hospital Atlanta",json,"Cardiac Stress Test","STRESS TEST PHARM","","",outpatient,"Northside Health Network","Northside Health Network",1457.0,negotiated_dollar,903.34,reliable
"Northside Hospital Atlanta",json,"Cardiac Stress Test","STRESS TEST PHARM","","",outpatient,"Northside Health Network","Northside Health Network-S",1457.0,negotiated_dollar,903.34,reliable
"Northside Hospital Atlanta",json,"Cardiac Stress Test","STRESS TEST PHARM","","",outpatient,Amerigroup,"Amerigroup Medicaid",1457.0,negotiated_dollar,264.73,reliable
"Northside Hospital Atlanta",json,"Cardiac Stress Test","STRESS TEST PHARM","","",outpatient,Amerigroup,"Amerigroup Medicare Advantage",1457.0,negotiated_dollar,235.58,reliable
"Northside Hospital Atlanta",json,"Cardiac Stress Test","STRESS TEST PHARM","","",outpatient,"Authentic 4D","Authentic 4D",1457.0,negotiated_dollar,734.14,reliable
"Northside Hospital Atlanta",json,"Cardiac Stress Test","STRESS TEST PHARM","","",outpatient,BCBS,"BCBS PRUDT BUYER",1457.0,negotiated_dollar,1015.53,reliable
"Northside Hospital Atlanta",json,"Cardiac Stress Test","STRESS TEST PHARM","","",outpatient,Kaiser,"Kaiser_HMO-VASC SURG",1457.0,negotiated_dollar,947.05,reliable
"Northside Hospital Atlanta",json,"Cardiac Stress Test","STRESS TEST PHARM","","",outpatient,Kaiser,Kaiser_SF,1457.0,negotiated_dollar,947.05,reliable
"Northside Hospital Atlanta",json,"Cardiac Stress Test","STRESS TEST PHARM","","",outpatient,Kaiser,Kaiser_SF-AGA,1457.0,negotiated_dollar,947.05,reliable
"Northside Hospital Atlanta",json,"Cardiac Stress Test","STRESS TEST PHARM","","",outpatient,BCBS,BCBS_HMO,1457.0,negotiated_dollar,814.46,reliable
"Northside Hospital Atlanta",json,"Cardiac Stress Test","STRESS TEST PHARM","","",outpatient,BCBS,BCBS_HMO-L,1457.0,negotiated_dollar,814.46,reliable
"Northside Hospital Atlanta",json,"Cardiac Stress Test","STRESS TEST PHARM","","",outpatient,BCBS,BCBS_PATHWAY,1457.0,negotiated_dollar,407.09,reliable
"Northside Hospital Atlanta",json,"Cardiac Stress Test","STRESS TEST PHARM","","",outpatient,BCBS,BCBS_PATHWAY-L,1457.0,negotiated_dollar,407.09,reliable
"Northside Hospital Atlanta",json,"Cardiac Stress Test","STRESS TEST PHARM","","",outpatient,FIFA,FIFA,1457.0,negotiated_dollar,1457.0,reliable
"Northside Hospital Atlanta",json,"Cardiac Stress Test","STRESS TEST PHARM","","",outpatient,Coventry,"First Health and Coventry National",1457.0,negotiated_dollar,874.2,reliable
"Northside Hospital Atlanta",json,"Cardiac Stress Test","STRESS TEST PHARM","","",outpatient,"Genex/Priority Care Solutions","Genex/Priority Care Solutions",1457.0,negotiated_dollar,652.57,reliable
"Northside Hospital Atlanta",json,"Cardiac Stress Test","STRESS TEST PHARM","","",outpatient,"Georgia Reproductive Specialists","Georgia Reproductive Specialists (SGF)",1457.0,negotiated_dollar,582.8,reliable
"Northside Hospital Atlanta",json,"Cardiac Stress Test","STRESS TEST PHARM","","",outpatient,NovaNet_PPO,NovaNet_PPO,1457.0,negotiated_dollar,1019.9,reliable
"Northside Hospital Atlanta",json,"Cardiac Stress Test","STRESS TEST PHARM","","",outpatient,"One Call Diagnostics","One Call Diagnostics",1457.0,negotiated_dollar,62.0,reliable
"Northside Hospital Atlanta",json,"Cardiac Stress Test","STRESS TEST PHARM","","",outpatient,Oscar,Oscar,1457.0,negotiated_dollar,684.79,reliable
"Northside Hospital Atlanta",json,"Cardiac Stress Test","STRESS TEST PHARM","","",outpatient,BCBS,BCBS_PPO,1457.0,negotiated_dollar,968.91,reliable
"Northside Hospital Atlanta",json,"Cardiac Stress Test","STRESS TEST PHARM","","",outpatient,BCBS,BCBS_PPO-L,1457.0,negotiated_dollar,968.91,reliable
"Northside Hospital Atlanta",json,"Cardiac Stress Test","STRESS TEST PHARM","","",outpatient,"Beech Steet","Beech Street",1457.0,negotiated_dollar,1238.45,reliable
"Northside Hospital Atlanta",json,"Cardiac Stress Test","STRESS TEST PHARM","","",outpatient,BCBS,"Blue HPN",1457.0,negotiated_dollar,629.86,reliable
"Northside Hospital Atlanta",json,"Cardiac Stress Test","STRESS TEST PHARM","","",outpatient,BCBS,"Blue HPN-L",1457.0,negotiated_dollar,629.86,reliable
"Northside Hospital Atlanta",json,"Cardiac Stress Test","STRESS TEST PHARM","","",outpatient,CareIQ,CareIQ,1457.0,negotiated_dollar,1457.0,reliable
"Northside Hospital Atlanta",json,"Cardiac Stress Test","STRESS TEST PHARM","","",outpatient,"Georgia Workers Compensation","Georgia Workers Comp",1457.0,negotiated_dollar,815.71,reliable
"Northside Hospital Atlanta",json,"Cardiac Stress Test","STRESS TEST PHARM","","",outpatient,"Health One Alliance_PPO","Health One Alliance_PPO",1457.0,negotiated_dollar,801.35,reliable
"Northside Hospital Atlanta",json,"Cardiac Stress Test","STRESS TEST PHARM","","",outpatient,CareSource,CareSource,1457.0,negotiated_dollar,272.67,reliable
"Northside Hospital Atlanta",json,"Cardiac Stress Test","STRESS TEST PHARM","","",outpatient,CareSource,"CareSource MarketPlace",1457.0,negotiated_dollar,542.0,reliable
"Northside Hospital Atlanta",json,"Cardiac Stress Test","STRESS TEST PHARM","","",outpatient,"CHAMPUS VA","CHAMPUS VA",1457.0,negotiated_dollar,37.17,reliable
"Northside Hospital Atlanta",json,"Cardiac Stress Test","STRESS TEST PHARM","","",outpatient,Cigna,Cigna,1457.0,negotiated_dollar,917.91,reliable
"Northside Hospital Atlanta",json,"Cardiac Stress Test","STRESS TEST PHARM","","",outpatient,Cigna,Cigna-G,1457.0,negotiated_dollar,917.91,reliable
"Northside Hospital Atlanta",json,"Cardiac Stress Test","STRESS TEST PHARM","","",outpatient,HomeLink,HomeLink,1457.0,negotiated_dollar,65.88,reliable
"Northside Hospital Atlanta",json,"Cardiac Stress Test","STRESS TEST PHARM","","",outpatient,Cigna,Cigna-H,1457.0,negotiated_dollar,917.91,reliable
"Northside Hospital Atlanta",json,"Cardiac Stress Test","STRESS TEST PHARM","","",outpatient,Cigna,Cigna-L,1457.0,negotiated_dollar,917.91,reliable
"Northside Hospital Atlanta",json,"Cardiac Stress Test","STRESS TEST PHARM","","",outpatient,Cigna,"CIGNA HealthSprings Medicare Advantage",1457.0,negotiated_dollar,237.85,reliable
"Northside Hospital Atlanta",json,"Cardiac Stress Test","STRESS TEST PHARM","","",outpatient,"Corvel Workers Comp","Corvel Workers Comp",1457.0,negotiated_dollar,774.92,reliable
"Northside Hospital Atlanta",json,"Cardiac Stress Test","STRESS TEST PHARM","","",outpatient,"Dekalb_Department of Health","Dekalb_Department of Health",1457.0,negotiated_dollar,1457.0,reliable
"Northside Hospital Atlanta",json,"Cardiac Stress Test","STRESS TEST PHARM","","",outpatient,Kaiser,Kaiser_SF-BARIATRIC,1457.0,negotiated_dollar,947.05,reliable
"Northside Hospital Atlanta",json,"Cardiac Stress Test","STRESS TEST PHARM","","",outpatient,Kaiser,Kaiser_SF-GCS,1457.0,negotiated_dollar,947.05,reliable
"Northside Hospital Atlanta",json,"Cardiac Stress Test","STRESS TEST PHARM","","",outpatient,Kaiser,Kaiser_SF-GPG/NOAS,1457.0,negotiated_dollar,947.05,reliable
"Northside Hospital Atlanta",json,"Cardiac Stress Test","STRESS TEST PHARM","","",outpatient,Kaiser,Kaiser_SF-GYNONC,1457.0,negotiated_dollar,947.05,reliable
"Northside Hospital Atlanta",json,"Cardiac Stress Test","STRESS TEST PHARM","","",outpatient,"Institutional 115 Percent_Georgia Medicaid","Institutional 115 Percent_Georgia Medicaid",1457.0,negotiated_dollar,304.44,reliable
"Northside Hospital Atlanta",json,"Cardiac Stress Test","STRESS TEST PHARM","","",outpatient,"Institutional GA Medicaid","Institutional GA Medicaid",1457.0,negotiated_dollar,264.73,reliable
"Northside Hospital Atlanta",json,"Cardiac Stress Test","STRESS TEST PHARM","","",outpatient,"Institutional Marietta Surgery Center","Institutional Marietta Surgery Center",1457.0,negotiated_dollar,1457.0,reliable
"Northside Hospital Atlanta",json,"Cardiac Stress Test","STRESS TEST PHARM","","",outpatient,"Institutional Veterans Evaluation Services","Institutional Veterans Evaluation Services",1457.0,negotiated_dollar,1457.0,reliable
"Northside Hospital Atlanta",json,"Cardiac Stress Test","STRESS TEST PHARM","","",outpatient,Kaiser,"Kaiser Dual Choice PPO",1457.0,negotiated_dollar,1267.59,reliable
"Northside Hospital Atlanta",json,"Cardiac Stress Test","STRESS TEST PHARM","","",outpatient,Kaiser,"Kaiser Dual Choice PPO-AGA",1457.0,negotiated_dollar,1267.59,reliable
"Northside Hospital Atlanta",json,"Cardiac Stress Test","STRESS TEST PHARM","","",outpatient,Kaiser,"Kaiser Dual Choice PPO-BARIATRIC",1457.0,negotiated_dollar,1267.59,reliable
"Northside Hospital Atlanta",json,"Cardiac Stress Test","STRESS TEST PHARM","","",outpatient,Kaiser,"Kaiser Dual Choice PPO-GCS",1457.0,negotiated_dollar,1267.59,reliable
"Northside Hospital Atlanta",json,"Cardiac Stress Test","STRESS TEST PHARM","","",outpatient,Kaiser,"Kaiser Dual Choice PPO-GPG/NOAS",1457.0,negotiated_dollar,1267.59,reliable
"Northside Hospital Atlanta",json,"Cardiac Stress Test","STRESS TEST PHARM","","",outpatient,Kaiser,"Kaiser Dual Choice PPO-GYNONC",1457.0,negotiated_dollar,1267.59,reliable
"Northside Hospital Atlanta",json,"Cardiac Stress Test","STRESS TEST PHARM","","",outpatient,Kaiser,"Kaiser Dual Choice PPO-MELANOMA",1457.0,negotiated_dollar,1267.59,reliable
"Northside Hospital Atlanta",json,"Cardiac Stress Test","STRESS TEST PHARM","","",outpatient,Kaiser,"Kaiser Dual Choice PPO-NAPS/CVG/NPCPS/UPS",1457.0,negotiated_dollar,1267.59,reliable
"Northside Hospital Atlanta",json,"Cardiac Stress Test","STRESS TEST PHARM","","",outpatient,Kaiser,"Kaiser Dual Choice PPO-THOR SURG",1457.0,negotiated_dollar,1267.59,reliable
"Northside Hospital Atlanta",json,"Cardiac Stress Test","STRESS TEST PHARM","","",outpatient,Kaiser,"Kaiser Dual Choice PPO-VASC SURG",1457.0,negotiated_dollar,1267.59,reliable
"Northside Hospital Atlanta",json,"Cardiac Stress Test","STRESS TEST PHARM","","",outpatient,Kaiser,Kaiser_HMO,1457.0,negotiated_dollar,947.05,reliable
"Northside Hospital Atlanta",json,"Cardiac Stress Test","STRESS TEST PHARM","","",outpatient,Kaiser,Kaiser_HMO-AGA,1457.0,negotiated_dollar,947.05,reliable
"Northside Hospital Atlanta",json,"Cardiac Stress Test","STRESS TEST PHARM","","",outpatient,Kaiser,Kaiser_HMO-BARIATRIC,1457.0,negotiated_dollar,947.05,reliable
"Northside Hospital Atlanta",json,"Cardiac Stress Test","STRESS TEST PHARM","","",outpatient,Kaiser,Kaiser_HMO-GCS,1457.0,negotiated_dollar,947.05,reliable
"Northside Hospital Atlanta",json,"Cardiac Stress Test","STRESS TEST PHARM","","",outpatient,Kaiser,Kaiser_HMO-GPG/NOAS,1457.0,negotiated_dollar,947.05,reliable
"Northside Hospital Atlanta",json,"Cardiac Stress Test","STRESS TEST PHARM","","",outpatient,Kaiser,Kaiser_HMO-GYNONC,1457.0,negotiated_dollar,947.05,reliable
"Northside Hospital Atlanta",json,"Cardiac Stress Test","STRESS TEST PHARM","","",outpatient,Kaiser,Kaiser_HMO-MELANOMA,1457.0,negotiated_dollar,947.05,reliable
"Northside Hospital Atlanta",json,"Cardiac Stress Test","STRESS TEST PHARM","","",outpatient,Kaiser,Kaiser_HMO-NAPS/CVG/NPCPS/UPS,1457.0,negotiated_dollar,947.05,reliable
"Northside Hospital Atlanta",json,"Cardiac Stress Test","STRESS TEST PHARM","","",outpatient,Centene,"Peach State Medicaid",1457.0,negotiated_dollar,264.73,reliable
"Northside Hospital Atlanta",json,"Cardiac Stress Test","STRESS TEST PHARM","","",outpatient,Centene,"Peach State Medicare",1457.0,negotiated_dollar,298.21,reliable
"Northside Hospital Atlanta",json,"Cardiac Stress Test","STRESS TEST PHARM","","",outpatient,PHCS,PHCS,1457.0,negotiated_dollar,1092.75,reliable
"Northside Hospital Atlanta",json,"Cardiac Stress Test","STRESS TEST PHARM","","",outpatient,"Quick Trip","Quick Trip",1457.0,negotiated_dollar,801.35,reliable
"Northside Hospital Atlanta",json,"Cardiac Stress Test","STRESS TEST PHARM","","",outpatient,"Rabun County BOC","Rabun County BOC",1457.0,negotiated_dollar,1457.0,reliable
"Northside Hospital Atlanta",json,"Cardiac Stress Test","STRESS TEST PHARM","","",outpatient,Spreemo,Spreemo,1457.0,negotiated_dollar,652.57,reliable
"Northside Hospital Atlanta",json,"Cardiac Stress Test","STRESS TEST PHARM","","",outpatient,"Streamline Imaging","Streamline Imaging",1457.0,negotiated_dollar,734.14,reliable
"Northside Hospital Atlanta",json,"Cardiac Stress Test","STRESS TEST PHARM","","",outpatient,Tricare,Tricare,1457.0,negotiated_dollar,219.32,reliable
"Northside Hospital Atlanta",json,"Cardiac Stress Test","STRESS TEST PHARM","","",outpatient,"Truths Community","Truths Community",1457.0,negotiated_dollar,312.0,reliable
"Northside Hospital Atlanta",json,"Cardiac Stress Test","STRESS TEST PHARM","","",outpatient,UHC,"UHC GA Individual Exchange",1457.0,negotiated_dollar,767.84,reliable
"Northside Hospital Atlanta",json,"Cardiac Stress Test","STRESS TEST PHARM","","",outpatient,UHC,"UHC Heritage Select",1457.0,negotiated_dollar,1030.1,reliable
"Northside Hospital Atlanta",json,"Cardiac Stress Test","STRESS TEST PHARM","","",outpatient,UHC,"UHC HMO/POS/PPO",1457.0,negotiated_dollar,904.07,reliable
"Northside Hospital Atlanta",json,"Cardiac Stress Test","STRESS TEST PHARM","","",outpatient,UHC,"UHC HMO/POS/PPO-G",1457.0,negotiated_dollar,904.07,reliable
"Northside Hospital Atlanta",json,"Cardiac Stress Test","STRESS TEST PHARM","","",outpatient,UHC,"UHC HMO/POS/PPO-T",1457.0,negotiated_dollar,904.07,reliable
"Northside Hospital Atlanta",json,"Cardiac Stress Test","STRESS TEST TREADMILL OR PHARM","","",outpatient,UHC,"UHC Medicare",1457.0,negotiated_dollar,215.81,reliable
"Northside Hospital Atlanta",json,"Cardiac Stress Test","STRESS TEST TREADMILL OR PHARM","","",outpatient,"US Dept of Labor WC","US Dept of Labor WC",1457.0,negotiated_dollar,274.15,reliable
"Northside Hospital Atlanta",json,"Cardiac Stress Test","STRESS TEST TREADMILL OR PHARM","","",outpatient,Wellcare,"Wellcare Medicare Advantage",1457.0,negotiated_dollar,222.28,reliable
"Northside Hospital Atlanta",json,"Cardiac Stress Test","STRESS TEST TREADMILL OR PHARM","","",outpatient,Humana,"Humana Medicare Advantage PPO",1457.0,negotiated_dollar,224.44,reliable
"Northside Hospital Atlanta",json,"Cardiac Stress Test","STRESS TEST TREADMILL OR PHARM","","",outpatient,"Institutional 100 Percent of Medicare","Institutional 100 Percent of Medicare",1457.0,negotiated_dollar,215.81,reliable
"Northside Hospital Atlanta",json,"Cardiac Stress Test","STRESS TEST TREADMILL OR PHARM","","",outpatient,"Institutional 110 Percent of Medicare","Institutional 110 Percent of Medicare",1457.0,negotiated_dollar,241.25,reliable
"Northside Hospital Atlanta",json,"Cardiac Stress Test","STRESS TEST TREADMILL OR PHARM","","",outpatient,"Institutional 120 Percent of Medicare","Institutional 120 Percent of Medicare",1457.0,negotiated_dollar,263.18,reliable
"Northside Hospital Atlanta",json,"Cardiac Stress Test","STRESS TEST TREADMILL OR PHARM","","",outpatient,Kaiser,"Kaiser Medicare Advantage",1457.0,negotiated_dollar,222.28,reliable
"Northside Hospital Atlanta",json,"Cardiac Stress Test","STRESS TEST TREADMILL OR PHARM","","",outpatient,Medicare,Medicare,1457.0,negotiated_dollar,215.81,reliable
"Northside Hospital Atlanta",json,"Cardiac Stress Test","STRESS TEST TREADMILL OR PHARM","","",outpatient,"CLEAR SPRINGS EON HEALTH","CLEAR SPRINGS EON HEALTH",1457.0,negotiated_dollar,215.81,reliable
"Northside Hospital Atlanta",json,"Cardiac Stress Test","STRESS TEST TREADMILL OR PHARM","","",outpatient,"VA CCN","VA CCN",1457.0,negotiated_dollar,215.81,reliable
"Northside Hospital Atlanta",json,"Cardiac Stress Test","STRESS TEST TREADMILL OR PHARM","","",outpatient,"Pruitt Health Premier","Pruitt Health Premier",1457.0,negotiated_dollar,226.6,reliable
"Northside Hospital Atlanta",json,"Cardiac Stress Test","STRESS TEST TREADMILL OR PHARM","","",outpatient,Aetna,"Aetna Medicare",1457.0,negotiated_dollar,220.13,reliable
"Northside Hospital Atlanta",json,"Cardiac Stress Test","STRESS TEST TREADMILL OR PHARM","","",outpatient,BCBS,"BCBS Medicare Advantage",1457.0,negotiated_dollar,215.81,reliable
"Northside Hospital Atlanta",json,"Cardiac Stress Test","STRESS TEST TREADMILL OR PHARM","","",outpatient,BCBS,"BCBS Medicare Advantage-P",1457.0,negotiated_dollar,215.81,reliable
"Northside Hospital Atlanta",json,"Cardiac Stress Test","STRESS TEST TREADMILL OR PHARM","","",outpatient,BCCP,BCCP,1457.0,negotiated_dollar,219.32,reliable
"Northside Hospital Atlanta",json,"Cardiac Stress Test","STRESS TEST TREADMILL OR PHARM","","",outpatient,CareSource,"CareSource Medicare Advantage",1457.0,negotiated_dollar,222.28,reliable
"Northside Hospital Atlanta",json,"Cardiac Stress Test","STRESS TEST TREADMILL OR PHARM","","",outpatient,CBWW,CBWW,1457.0,negotiated_dollar,219.32,reliable
"Northside Hospital Atlanta",json,"Cardiac Stress Test","STRESS TEST TREADMILL OR PHARM","","",outpatient,"Clover Health","Clover Health",1457.0,negotiated_dollar,226.56,reliable
"Northside Hospital Atlanta",json,"Cardiac Stress Test","STRESS TEST TREADMILL OR PHARM","","",outpatient,Coventry,"Coventry Medicare",1457.0,negotiated_dollar,220.13,reliable
"Northside Hospital Atlanta",json,"Cardiac Stress Test","STRESS TEST TREADMILL OR PHARM","","",outpatient,"Devoted Medicare Advantage","Devoted Medicare Advantage",1457.0,negotiated_dollar,226.6,reliable
"Northside Hospital Atlanta",json,"Cardiac Stress Test","STRESS TEST TREADMILL OR PHARM","","",outpatient,"Fairly Group","Fairly Group",1457.0,negotiated_dollar,248.05,reliable
"Northside Hospital Atlanta",json,"Cardiac Stress Test","STRESS TEST TREADMILL OR PHARM","","",outpatient,Humana,"Humana Medicare Advantage HMO",1457.0,negotiated_dollar,217.97,reliable
"Northside Hospital Atlanta",json,"Cardiac Stress Test","STRESS TEST TREADMILL OR PHARM","","",inpatient,BCBS,"BCBS PRUDT BUYER",1457.0,negotiated_dollar,1015.53,reliable
"Northside Hospital Atlanta",json,"Cardiac Stress Test","STRESS TEST TREADMILL OR PHARM","","",inpatient,"Beech Steet","Beech Street",1457.0,negotiated_dollar,1238.45,reliable
"Northside Hospital Atlanta",json,"Cardiac Stress Test","STRESS TEST TREADMILL OR PHARM","","",inpatient,CareIQ,CareIQ,1457.0,negotiated_dollar,1457.0,reliable
"Northside Hospital Atlanta",json,"Cardiac Stress Test","STRESS TEST TREADMILL OR PHARM","","",inpatient,CareSource,"CareSource MarketPlace",1457.0,negotiated_dollar,542.0,reliable
"Northside Hospital Atlanta",json,"Cardiac Stress Test","STRESS TEST TREADMILL OR PHARM","","",inpatient,"Dekalb_Department of Health","Dekalb_Department of Health",1457.0,negotiated_dollar,1457.0,reliable
"Northside Hospital Atlanta",json,"Cardiac Stress Test","STRESS TEST TREADMILL OR PHARM","","",inpatient,FIFA,FIFA,1457.0,negotiated_dollar,1457.0,reliable
"Northside Hospital Atlanta",json,"Cardiac Stress Test","STRESS TEST TREADMILL OR PHARM","","",inpatient,Coventry,"First Health and Coventry National",1457.0,negotiated_dollar,990.76,reliable
"Northside Hospital Atlanta",json,"Cardiac Stress Test","STRESS TEST TREADMILL OR PHARM","","",inpatient,"Georgia Reproductive Specialists","Georgia Reproductive Specialists (SGF)",1457.0,negotiated_dollar,582.8,reliable
"Northside Hospital Atlanta",json,"Cardiac Stress Test","STRESS TEST TREADMILL OR PHARM","","",inpatient,Multiplan,"Multiplan PPO",1457.0,negotiated_dollar,1238.45,reliable
"Northside Hospital Atlanta",json,"Cardiac Stress Test","STRESS TEST TREADMILL OR PHARM","","",inpatient,"Multiplan Workers Comp","Multiplan Workers Comp",1457.0,negotiated_dollar,1238.45,reliable
"Northside Hospital Atlanta",json,"Cardiac Stress Test","STRESS TEST TREADMILL OR PHARM","","",inpatient,NovaNet_PPO,NovaNet_PPO,1457.0,negotiated_dollar,1019.9,reliable
"Northside Hospital Atlanta",json,"Cardiac Stress Test","STRESS TEST TREADMILL OR PHARM","","",inpatient,"Quick Trip","Quick Trip",1457.0,negotiated_dollar,801.35,reliable
"Northside Hospital Atlanta",json,"Cardiac Stress Test","STRESS TEST TREADMILL OR PHARM","","",inpatient,"Rabun County BOC","Rabun County BOC",1457.0,negotiated_dollar,1457.0,reliable
"Northside Hospital Atlanta",json,"Cardiac Stress Test","STRESS TEST TREADMILL OR PHARM","","",outpatient,Kaiser,Kaiser_SF-GCS,1457.0,negotiated_dollar,947.05,reliable
"Northside Hospital Atlanta",json,"Cardiac Stress Test","STRESS TEST TREADMILL OR PHARM","","",outpatient,Kaiser,Kaiser_SF-GPG/NOAS,1457.0,negotiated_dollar,947.05,reliable
"Northside Hospital Atlanta",json,"Cardiac Stress Test","STRESS TEST TREADMILL OR PHARM","","",outpatient,Kaiser,Kaiser_SF-GYNONC,1457.0,negotiated_dollar,947.05,reliable
"Northside Hospital Atlanta",json,"Cardiac Stress Test","STRESS TEST TREADMILL OR PHARM","","",outpatient,Kaiser,Kaiser_SF-MELANOMA,1457.0,negotiated_dollar,947.05,reliable
"Northside Hospital Atlanta",json,"Cardiac Stress Test","STRESS TEST TREADMILL OR PHARM","","",outpatient,Kaiser,Kaiser_SF-NAPS/CVG/NPCPS/UPS,1457.0,negotiated_dollar,947.05,reliable
"Northside Hospital Atlanta",json,"Cardiac Stress Test","STRESS TEST TREADMILL OR PHARM","","",outpatient,Kaiser,"Kaiser_SF-THOR SURG",1457.0,negotiated_dollar,947.05,reliable
"Northside Hospital Atlanta",json,"Cardiac Stress Test","STRESS TEST TREADMILL OR PHARM","","",outpatient,Kaiser,"Kaiser_SF-VASC SURG",1457.0,negotiated_dollar,947.05,reliable
"Northside Hospital Atlanta",json,"Cardiac Stress Test","STRESS TEST TREADMILL OR PHARM","","",outpatient,"Med Care Solutions","Med Care Solutions",1457.0,negotiated_dollar,655.65,reliable
"Northside Hospital Atlanta",json,"Cardiac Stress Test","STRESS TEST TREADMILL OR PHARM","","",outpatient,"MedLien Healthcare Services","MedLien Healthcare Services",1457.0,negotiated_dollar,582.8,reliable
"Northside Hospital Atlanta",json,"Cardiac Stress Test","STRESS TEST TREADMILL OR PHARM","","",outpatient,MTI,MTI,1457.0,negotiated_dollar,62.0,reliable
"Northside Hospital Atlanta",json,"Cardiac Stress Test","STRESS TEST TREADMILL OR PHARM","","",outpatient,Multiplan,"Multiplan PPO",1457.0,negotiated_dollar,1238.45,reliable
"Northside Hospital Atlanta",json,"Cardiac Stress Test","STRESS TEST TREADMILL OR PHARM","","",outpatient,"Multiplan Workers Comp","Multiplan Workers Comp",1457.0,negotiated_dollar,1238.45,reliable
"Northside Hospital Atlanta",json,"Cardiac Stress Test","STRESS TEST TREADMILL OR PHARM","","",outpatient,"Northside Health Network","Northside Health Network",1457.0,negotiated_dollar,903.34,reliable
"Northside Hospital Atlanta",json,"Cardiac Stress Test","STRESS TEST TREADMILL OR PHARM","","",outpatient,"Northside Health Network","Northside Health Network-S",1457.0,negotiated_dollar,903.34,reliable
"Northside Hospital Atlanta",json,"Cardiac Stress Test","STRESS TEST TREADMILL OR PHARM","","",outpatient,NovaNet_PPO,NovaNet_PPO,1457.0,negotiated_dollar,1019.9,reliable
"Northside Hospital Atlanta",json,"Cardiac Stress Test","STRESS TEST TREADMILL OR PHARM","","",outpatient,"One Call Diagnostics","One Call Diagnostics",1457.0,negotiated_dollar,62.0,reliable
"Northside Hospital Atlanta",json,"Cardiac Stress Test","STRESS TEST TREADMILL OR PHARM","","",outpatient,Oscar,Oscar,1457.0,negotiated_dollar,684.79,reliable
"Northside Hospital Atlanta",json,"Cardiac Stress Test","STRESS TEST TREADMILL OR PHARM","","",outpatient,Aetna,"Aetna HMO/POS/PPO",1457.0,negotiated_dollar,990.76,reliable
"Northside Hospital Atlanta",json,"Cardiac Stress Test","STRESS TEST TREADMILL OR PHARM","","",outpatient,Aetna,"Aetna HMO/POS/PPO-G",1457.0,negotiated_dollar,990.76,reliable
"Northside Hospital Atlanta",json,"Cardiac Stress Test","STRESS TEST TREADMILL OR PHARM","","",outpatient,Aetna,"Aetna HMO/POS/PPO-Q",1457.0,negotiated_dollar,990.76,reliable
"Northside Hospital Atlanta",json,"Cardiac Stress Test","STRESS TEST TREADMILL OR PHARM","","",outpatient,Aetna,"Aetna Whole Health",1457.0,negotiated_dollar,728.5,reliable
"Northside Hospital Atlanta",json,"Cardiac Stress Test","STRESS TEST TREADMILL OR PHARM","","",outpatient,Aetna,"Aetna Whole Health-G",1457.0,negotiated_dollar,728.5,reliable
"Northside Hospital Atlanta",json,"Cardiac Stress Test","STRESS TEST TREADMILL OR PHARM","","",outpatient,Centene,"Ambetter PAR",1457.0,negotiated_dollar,684.79,reliable
"Northside Hospital Atlanta",json,"Cardiac Stress Test","STRESS TEST TREADMILL OR PHARM","","",outpatient,BCBS,"BCBS PRUDT BUYER",1457.0,negotiated_dollar,1015.53,reliable
"Northside Hospital Atlanta",json,"Cardiac Stress Test","STRESS TEST TREADMILL OR PHARM","","",outpatient,"Employers Choice Network","Employers Choice Network",1457.0,negotiated_dollar,774.92,reliable
"Northside Hospital Atlanta",json,"Cardiac Stress Test","STRESS TEST TREADMILL OR PHARM","","",outpatient,"Fieldale Farms WC","Fieldale Farms WC",1457.0,negotiated_dollar,815.71,reliable
"Northside Hospital Atlanta",json,"Cardiac Stress Test","STRESS TEST TREADMILL OR PHARM","","",outpatient,Amerigroup,"Amerigroup Medicaid",1457.0,negotiated_dollar,264.73,reliable
"Northside Hospital Atlanta",json,"Cardiac Stress Test","STRESS TEST TREADMILL OR PHARM","","",outpatient,Kaiser,"Kaiser Dual Choice PPO",1457.0,negotiated_dollar,1267.59,reliable
"Northside Hospital Atlanta",json,"Cardiac Stress Test","STRESS TEST TREADMILL OR PHARM","","",outpatient,Kaiser,"Kaiser Dual Choice PPO-AGA",1457.0,negotiated_dollar,1267.59,reliable
"Northside Hospital Atlanta",json,"Cardiac Stress Test","STRESS TEST TREADMILL OR PHARM","","",outpatient,Kaiser,"Kaiser Dual Choice PPO-BARIATRIC",1457.0,negotiated_dollar,1267.59,reliable
"Northside Hospital Atlanta",json,"Cardiac Stress Test","STRESS TEST TREADMILL OR PHARM","","",outpatient,Kaiser,"Kaiser Dual Choice PPO-GCS",1457.0,negotiated_dollar,1267.59,reliable
"Northside Hospital Atlanta",json,"Cardiac Stress Test","STRESS TEST TREADMILL OR PHARM","","",outpatient,Kaiser,"Kaiser Dual Choice PPO-GYNONC",1457.0,negotiated_dollar,1267.59,reliable
"Northside Hospital Atlanta",json,"Cardiac Stress Test","STRESS TEST TREADMILL OR PHARM","","",outpatient,Amerigroup,"Amerigroup Medicare Advantage",1457.0,negotiated_dollar,235.58,reliable
"Northside Hospital Atlanta",json,"Cardiac Stress Test","STRESS TEST TREADMILL OR PHARM","","",outpatient,"Authentic 4D","Authentic 4D",1457.0,negotiated_dollar,734.14,reliable
"Northside Hospital Atlanta",json,"Cardiac Stress Test","STRESS TEST TREADMILL OR PHARM","","",outpatient,BCBS,BCBS_HMO,1457.0,negotiated_dollar,814.46,reliable
"Northside Hospital Atlanta",json,"Cardiac Stress Test","STRESS TEST TREADMILL OR PHARM","","",outpatient,BCBS,BCBS_HMO-L,1457.0,negotiated_dollar,814.46,reliable
"Northside Hospital Atlanta",json,"Cardiac Stress Test","STRESS TEST TREADMILL OR PHARM","","",outpatient,BCBS,BCBS_PATHWAY,1457.0,negotiated_dollar,407.09,reliable
"Northside Hospital Atlanta",json,"Cardiac Stress Test","STRESS TEST TREADMILL OR PHARM","","",outpatient,Kaiser,"Kaiser Dual Choice PPO-MELANOMA",1457.0,negotiated_dollar,1267.59,reliable
"Northside Hospital Atlanta",json,"Cardiac Stress Test","STRESS TEST TREADMILL OR PHARM","","",outpatient,Kaiser,"Kaiser Dual Choice PPO-NAPS/CVG/NPCPS/UPS",1457.0,negotiated_dollar,1267.59,reliable
"Northside Hospital Atlanta",json,"Cardiac Stress Test","STRESS TEST TREADMILL OR PHARM","","",outpatient,Kaiser,"Kaiser Dual Choice PPO-THOR SURG",1457.0,negotiated_dollar,1267.59,reliable
"Northside Hospital Atlanta",json,"Cardiac Stress Test","STRESS TEST TREADMILL OR PHARM","","",outpatient,BCBS,BCBS_PATHWAY-L,1457.0,negotiated_dollar,407.09,reliable
"Northside Hospital Atlanta",json,"Cardiac Stress Test","STRESS TEST TREADMILL OR PHARM","","",outpatient,FIFA,FIFA,1457.0,negotiated_dollar,1457.0,reliable
"Northside Hospital Atlanta",json,"Cardiac Stress Test","STRESS TEST TREADMILL OR PHARM","","",outpatient,Coventry,"First Health and Coventry National",1457.0,negotiated_dollar,874.2,reliable
"Northside Hospital Atlanta",json,"Cardiac Stress Test","STRESS TEST TREADMILL OR PHARM","","",outpatient,"Genex/Priority Care Solutions","Genex/Priority Care Solutions",1457.0,negotiated_dollar,652.57,reliable
"Northside Hospital Atlanta",json,"Cardiac Stress Test","STRESS TEST TREADMILL OR PHARM","","",outpatient,BCBS,BCBS_PPO,1457.0,negotiated_dollar,968.91,reliable
"Northside Hospital Atlanta",json,"Cardiac Stress Test","STRESS TEST TREADMILL OR PHARM","","",outpatient,BCBS,BCBS_PPO-L,1457.0,negotiated_dollar,968.91,reliable
"Northside Hospital Atlanta",json,"Cardiac Stress Test","STRESS TEST TREADMILL OR PHARM","","",outpatient,"Beech Steet","Beech Street",1457.0,negotiated_dollar,1238.45,reliable
"Northside Hospital Atlanta",json,"Cardiac Stress Test","STRESS TEST TREADMILL OR PHARM","","",outpatient,BCBS,"Blue HPN",1457.0,negotiated_dollar,629.86,reliable
"Northside Hospital Atlanta",json,"Cardiac Stress Test","STRESS TEST TREADMILL OR PHARM","","",outpatient,Kaiser,"Kaiser Dual Choice PPO-VASC SURG",1457.0,negotiated_dollar,1267.59,reliable
"Northside Hospital Atlanta",json,"Cardiac Stress Test","STRESS TEST TREADMILL OR PHARM","","",outpatient,Kaiser,Kaiser_HMO,1457.0,negotiated_dollar,947.05,reliable
"Northside Hospital Atlanta",json,"Cardiac Stress Test","STRESS TEST TREADMILL OR PHARM","","",outpatient,Kaiser,Kaiser_HMO-AGA,1457.0,negotiated_dollar,947.05,reliable
"Northside Hospital Atlanta",json,"Cardiac Stress Test","STRESS TEST TREADMILL OR PHARM","","",outpatient,Kaiser,Kaiser_HMO-BARIATRIC,1457.0,negotiated_dollar,947.05,reliable
"Northside Hospital Atlanta",json,"Cardiac Stress Test","STRESS TEST TREADMILL OR PHARM","","",outpatient,Kaiser,Kaiser_HMO-GCS,1457.0,negotiated_dollar,947.05,reliable
"Northside Hospital Atlanta",json,"Cardiac Stress Test","STRESS TEST TREADMILL OR PHARM","","",outpatient,Kaiser,Kaiser_HMO-GPG/NOAS,1457.0,negotiated_dollar,947.05,reliable
"Northside Hospital Atlanta",json,"Cardiac Stress Test","STRESS TEST TREADMILL OR PHARM","","",outpatient,BCBS,"Blue HPN-L",1457.0,negotiated_dollar,629.86,reliable
"Northside Hospital Atlanta",json,"Cardiac Stress Test","STRESS TEST TREADMILL OR PHARM","","",outpatient,CareIQ,CareIQ,1457.0,negotiated_dollar,1457.0,reliable
"Northside Hospital Atlanta",json,"Cardiac Stress Test","STRESS TEST TREADMILL OR PHARM","","",outpatient,Kaiser,"Kaiser Dual Choice PPO-GPG/NOAS",1457.0,negotiated_dollar,1267.59,reliable
"Northside Hospital Atlanta",json,"Cardiac Stress Test","STRESS TEST TREADMILL OR PHARM","","",outpatient,CareSource,CareSource,1457.0,negotiated_dollar,272.67,reliable
"Northside Hospital Atlanta",json,"Cardiac Stress Test","STRESS TEST TREADMILL OR PHARM","","",outpatient,CareSource,"CareSource MarketPlace",1457.0,negotiated_dollar,542.0,reliable
"Northside Hospital Atlanta",json,"Cardiac Stress Test","STRESS TEST TREADMILL OR PHARM","","",outpatient,"CHAMPUS VA","CHAMPUS VA",1457.0,negotiated_dollar,37.17,reliable
"Northside Hospital Atlanta",json,"Cardiac Stress Test","STRESS TEST TREADMILL OR PHARM","","",outpatient,Cigna,Cigna,1457.0,negotiated_dollar,917.91,reliable
"Northside Hospital Atlanta",json,"Cardiac Stress Test","STRESS TEST TREADMILL OR PHARM","","",outpatient,Kaiser,Kaiser_HMO-GYNONC,1457.0,negotiated_dollar,947.05,reliable
"Northside Hospital Atlanta",json,"Cardiac Stress Test","STRESS TEST TREADMILL OR PHARM","","",outpatient,Kaiser,Kaiser_HMO-MELANOMA,1457.0,negotiated_dollar,947.05,reliable
"Northside Hospital Atlanta",json,"Cardiac Stress Test","STRESS TEST TREADMILL OR PHARM","","",outpatient,Kaiser,Kaiser_HMO-NAPS/CVG/NPCPS/UPS,1457.0,negotiated_dollar,947.05,reliable
"Northside Hospital Atlanta",json,"Cardiac Stress Test","STRESS TEST TREADMILL OR PHARM","","",outpatient,Kaiser,"Kaiser_HMO-VASC SURG",1457.0,negotiated_dollar,947.05,reliable
"Northside Hospital Atlanta",json,"Cardiac Stress Test","STRESS TEST TREADMILL OR PHARM","","",outpatient,Kaiser,Kaiser_SF,1457.0,negotiated_dollar,947.05,reliable
"Northside Hospital Atlanta",json,"Cardiac Stress Test","STRESS TEST TREADMILL OR PHARM","","",outpatient,Kaiser,Kaiser_SF-AGA,1457.0,negotiated_dollar,947.05,reliable
"Northside Hospital Atlanta",json,"Cardiac Stress Test","STRESS TEST TREADMILL OR PHARM","","",outpatient,Kaiser,Kaiser_SF-BARIATRIC,1457.0,negotiated_dollar,947.05,reliable
"Northside Hospital Atlanta",json,"Cardiac Stress Test","STRESS TEST TREADMILL OR PHARM","","",outpatient,Cigna,Cigna-G,1457.0,negotiated_dollar,917.91,reliable
"Northside Hospital Atlanta",json,"Cardiac Stress Test","STRESS TEST TREADMILL OR PHARM","","",outpatient,Cigna,Cigna-H,1457.0,negotiated_dollar,917.91,reliable
"Northside Hospital Atlanta",json,"Cardiac Stress Test","STRESS TEST TREADMILL OR PHARM","","",outpatient,Cigna,Cigna-L,1457.0,negotiated_dollar,917.91,reliable
"Northside Hospital Atlanta",json,"Cardiac Stress Test","STRESS TEST TREADMILL OR PHARM","","",outpatient,Cigna,"CIGNA HealthSprings Medicare Advantage",1457.0,negotiated_dollar,237.85,reliable
"Northside Hospital Atlanta",json,"Cardiac Stress Test","STRESS TEST TREADMILL OR PHARM","","",outpatient,"Corvel Workers Comp","Corvel Workers Comp",1457.0,negotiated_dollar,774.92,reliable
"Northside Hospital Atlanta",json,"Cardiac Stress Test","STRESS TEST TREADMILL OR PHARM","","",outpatient,"Dekalb_Department of Health","Dekalb_Department of Health",1457.0,negotiated_dollar,1457.0,reliable
"Northside Hospital Atlanta",json,"Cardiac Stress Test","STRESS TEST TREADMILL OR PHARM","","",outpatient,"Georgia Reproductive Specialists","Georgia Reproductive Specialists (SGF)",1457.0,negotiated_dollar,582.8,reliable
"Northside Hospital Atlanta",json,"Cardiac Stress Test","STRESS TEST TREADMILL OR PHARM","","",outpatient,"Georgia Workers Compensation","Georgia Workers Comp",1457.0,negotiated_dollar,815.71,reliable
"Northside Hospital Atlanta",json,"Cardiac Stress Test","STRESS TEST TREADMILL OR PHARM","","",outpatient,"Health One Alliance_PPO","Health One Alliance_PPO",1457.0,negotiated_dollar,801.35,reliable
"Northside Hospital Atlanta",json,"Cardiac Stress Test","STRESS TEST TREADMILL OR PHARM","","",outpatient,HomeLink,HomeLink,1457.0,negotiated_dollar,65.88,reliable
"Northside Hospital Atlanta",json,"Cardiac Stress Test","STRESS TEST TREADMILL OR PHARM","","",outpatient,"Institutional 115 Percent_Georgia Medicaid","Institutional 115 Percent_Georgia Medicaid",1457.0,negotiated_dollar,304.44,reliable
"Northside Hospital Atlanta",json,"Cardiac Stress Test","STRESS TEST TREADMILL OR PHARM","","",outpatient,"Institutional GA Medicaid","Institutional GA Medicaid",1457.0,negotiated_dollar,264.73,reliable
"Northside Hospital Atlanta",json,"Cardiac Stress Test","STRESS TEST TREADMILL OR PHARM","","",outpatient,"Institutional Marietta Surgery Center","Institutional Marietta Surgery Center",1457.0,negotiated_dollar,1457.0,reliable
"Northside Hospital Atlanta",json,"Cardiac Stress Test","STRESS TEST TREADMILL OR PHARM","","",outpatient,"Institutional Veterans Evaluation Services","Institutional Veterans Evaluation Services",1457.0,negotiated_dollar,1457.0,reliable
"Northside Hospital Atlanta",json,"Cardiac Stress Test","STRESS TEST TREADMILL OR PHARM","","",outpatient,Centene,"Peach State Medicaid",1457.0,negotiated_dollar,264.73,reliable
"Northside Hospital Atlanta",json,"Cardiac Stress Test","STRESS TEST TREADMILL OR PHARM","","",outpatient,UHC,"UHC Heritage Select",1457.0,negotiated_dollar,1030.1,reliable
"Northside Hospital Atlanta",json,"Cardiac Stress Test","STRESS TEST TREADMILL OR PHARM","","",outpatient,UHC,"UHC HMO/POS/PPO",1457.0,negotiated_dollar,904.07,reliable
"Northside Hospital Atlanta",json,"Cardiac Stress Test","STRESS TEST TREADMILL OR PHARM","","",outpatient,UHC,"UHC HMO/POS/PPO-G",1457.0,negotiated_dollar,904.07,reliable
"Northside Hospital Atlanta",json,"Cardiac Stress Test","STRESS TEST TREADMILL OR PHARM","","",outpatient,UHC,"UHC HMO/POS/PPO-T",1457.0,negotiated_dollar,904.07,reliable
"Northside Hospital Atlanta",json,"Cardiac Stress Test","STRESS TEST TREADMILL OR PHARM","","",outpatient,Centene,"Peach State Medicare",1457.0,negotiated_dollar,298.21,reliable
"Northside Hospital Atlanta",json,"Cardiac Stress Test","STRESS TEST TREADMILL OR PHARM","","",outpatient,PHCS,PHCS,1457.0,negotiated_dollar,1092.75,reliable
"Northside Hospital Atlanta",json,"Cardiac Stress Test","STRESS TEST TREADMILL OR PHARM","","",outpatient,"Quick Trip","Quick Trip",1457.0,negotiated_dollar,801.35,reliable
"Northside Hospital Atlanta",json,"Cardiac Stress Test","STRESS TEST TREADMILL OR PHARM","","",outpatient,"Rabun County BOC","Rabun County BOC",1457.0,negotiated_dollar,1457.0,reliable
"Northside Hospital Atlanta",json,"Cardiac Stress Test","STRESS TEST TREADMILL OR PHARM","","",outpatient,Spreemo,Spreemo,1457.0,negotiated_dollar,652.57,reliable
"Northside Hospital Atlanta",json,"Cardiac Stress Test","STRESS TEST TREADMILL OR PHARM","","",outpatient,"Streamline Imaging","Streamline Imaging",1457.0,negotiated_dollar,734.14,reliable
"Northside Hospital Atlanta",json,"Cardiac Stress Test","STRESS TEST TREADMILL OR PHARM","","",outpatient,Tricare,Tricare,1457.0,negotiated_dollar,219.32,reliable
"Northside Hospital Atlanta",json,"Cardiac Stress Test","STRESS TEST TREADMILL OR PHARM","","",outpatient,"Truths Community","Truths Community",1457.0,negotiated_dollar,312.0,reliable
"Northside Hospital Atlanta",json,"Cardiac Stress Test","STRESS TEST TREADMILL OR PHARM","","",outpatient,UHC,"UHC GA Individual Exchange",1457.0,negotiated_dollar,767.84,reliable
"Northside Hospital Atlanta",json,"Cardiac Stress Test","STRESS TEST EXERCISE  /OR PHARM","","",outpatient,Wellcare,"Wellcare Medicare Advantage",1457.0,negotiated_dollar,222.28,reliable
"Northside Hospital Atlanta",json,"Cardiac Stress Test","STRESS TEST EXERCISE  /OR PHARM","","",outpatient,Aetna,"Aetna Medicare",1457.0,negotiated_dollar,220.13,reliable
"Northside Hospital Atlanta",json,"Cardiac Stress Test","STRESS TEST EXERCISE  /OR PHARM","","",outpatient,BCBS,"BCBS Medicare Advantage",1457.0,negotiated_dollar,215.81,reliable
"Northside Hospital Atlanta",json,"Cardiac Stress Test","STRESS TEST EXERCISE  /OR PHARM","","",outpatient,Medicare,Medicare,1457.0,negotiated_dollar,215.81,reliable
"Northside Hospital Atlanta",json,"Cardiac Stress Test","STRESS TEST EXERCISE  /OR PHARM","","",outpatient,"CLEAR SPRINGS EON HEALTH","CLEAR SPRINGS EON HEALTH",1457.0,negotiated_dollar,215.81,reliable
"Northside Hospital Atlanta",json,"Cardiac Stress Test","STRESS TEST EXERCISE  /OR PHARM","","",outpatient,"VA CCN","VA CCN",1457.0,negotiated_dollar,215.81,reliable
"Northside Hospital Atlanta",json,"Cardiac Stress Test","STRESS TEST EXERCISE  /OR PHARM","","",outpatient,"Pruitt Health Premier","Pruitt Health Premier",1457.0,negotiated_dollar,226.6,reliable
"Northside Hospital Atlanta",json,"Cardiac Stress Test","STRESS TEST EXERCISE  /OR PHARM","","",outpatient,UHC,"UHC Medicare",1457.0,negotiated_dollar,215.81,reliable
"Northside Hospital Atlanta",json,"Cardiac Stress Test","STRESS TEST EXERCISE  /OR PHARM","","",outpatient,"US Dept of Labor WC","US Dept of Labor WC",1457.0,negotiated_dollar,274.15,reliable
"Northside Hospital Atlanta",json,"Cardiac Stress Test","STRESS TEST EXERCISE  /OR PHARM","","",outpatient,BCBS,"BCBS Medicare Advantage-P",1457.0,negotiated_dollar,215.81,reliable
"Northside Hospital Atlanta",json,"Cardiac Stress Test","STRESS TEST EXERCISE  /OR PHARM","","",outpatient,BCCP,BCCP,1457.0,negotiated_dollar,219.32,reliable
"Northside Hospital Atlanta",json,"Cardiac Stress Test","STRESS TEST EXERCISE  /OR PHARM","","",outpatient,CareSource,"CareSource Medicare Advantage",1457.0,negotiated_dollar,222.28,reliable
"Northside Hospital Atlanta",json,"Cardiac Stress Test","STRESS TEST EXERCISE  /OR PHARM","","",outpatient,CBWW,CBWW,1457.0,negotiated_dollar,219.32,reliable
"Northside Hospital Atlanta",json,"Cardiac Stress Test","STRESS TEST EXERCISE  /OR PHARM","","",outpatient,"Clover Health","Clover Health",1457.0,negotiated_dollar,226.56,reliable
"Northside Hospital Atlanta",json,"Cardiac Stress Test","STRESS TEST EXERCISE  /OR PHARM","","",outpatient,Coventry,"Coventry Medicare",1457.0,negotiated_dollar,220.13,reliable
"Northside Hospital Atlanta",json,"Cardiac Stress Test","STRESS TEST EXERCISE  /OR PHARM","","",outpatient,"Devoted Medicare Advantage","Devoted Medicare Advantage",1457.0,negotiated_dollar,226.6,reliable
"Northside Hospital Atlanta",json,"Cardiac Stress Test","STRESS TEST EXERCISE  /OR PHARM","","",outpatient,"Fairly Group","Fairly Group",1457.0,negotiated_dollar,248.05,reliable
"Northside Hospital Atlanta",json,"Cardiac Stress Test","STRESS TEST EXERCISE  /OR PHARM","","",outpatient,Humana,"Humana Medicare Advantage HMO",1457.0,negotiated_dollar,217.97,reliable
"Northside Hospital Atlanta",json,"Cardiac Stress Test","STRESS TEST EXERCISE  /OR PHARM","","",outpatient,Humana,"Humana Medicare Advantage PPO",1457.0,negotiated_dollar,224.44,reliable
"Northside Hospital Atlanta",json,"Cardiac Stress Test","STRESS TEST EXERCISE  /OR PHARM","","",outpatient,"Institutional 100 Percent of Medicare","Institutional 100 Percent of Medicare",1457.0,negotiated_dollar,215.81,reliable
"Northside Hospital Atlanta",json,"Cardiac Stress Test","STRESS TEST EXERCISE  /OR PHARM","","",outpatient,"Institutional 110 Percent of Medicare","Institutional 110 Percent of Medicare",1457.0,negotiated_dollar,241.25,reliable
"Northside Hospital Atlanta",json,"Cardiac Stress Test","STRESS TEST EXERCISE  /OR PHARM","","",outpatient,"Institutional 120 Percent of Medicare","Institutional 120 Percent of Medicare",1457.0,negotiated_dollar,263.18,reliable
"Northside Hospital Atlanta",json,"Cardiac Stress Test","STRESS TEST EXERCISE  /OR PHARM","","",outpatient,Kaiser,"Kaiser Medicare Advantage",1457.0,negotiated_dollar,222.28,reliable
"Northside Hospital Atlanta",json,"Cardiac Stress Test","STRESS TEST EXERCISE  /OR PHARM","","",inpatient,Coventry,"First Health and Coventry National",1457.0,negotiated_dollar,990.76,reliable
"Northside Hospital Atlanta",json,"Cardiac Stress Test","STRESS TEST EXERCISE  /OR PHARM","","",inpatient,"Georgia Reproductive Specialists","Georgia Reproductive Specialists (SGF)",1457.0,negotiated_dollar,582.8,reliable
"Northside Hospital Atlanta",json,"Cardiac Stress Test","STRESS TEST EXERCISE  /OR PHARM","","",inpatient,Multiplan,"Multiplan PPO",1457.0,negotiated_dollar,1238.45,reliable
"Northside Hospital Atlanta",json,"Cardiac Stress Test","STRESS TEST EXERCISE  /OR PHARM","","",inpatient,"Multiplan Workers Comp","Multiplan Workers Comp",1457.0,negotiated_dollar,1238.45,reliable
"Northside Hospital Atlanta",json,"Cardiac Stress Test","STRESS TEST EXERCISE  /OR PHARM","","",inpatient,NovaNet_PPO,NovaNet_PPO,1457.0,negotiated_dollar,1019.9,reliable
"Northside Hospital Atlanta",json,"Cardiac Stress Test","STRESS TEST EXERCISE  /OR PHARM","","",inpatient,"Quick Trip","Quick Trip",1457.0,negotiated_dollar,801.35,reliable
"Northside Hospital Atlanta",json,"Cardiac Stress Test","STRESS TEST EXERCISE  /OR PHARM","","",inpatient,"Rabun County BOC","Rabun County BOC",1457.0,negotiated_dollar,1457.0,reliable
"Northside Hospital Atlanta",json,"Cardiac Stress Test","STRESS TEST EXERCISE  /OR PHARM","","",inpatient,BCBS,"BCBS PRUDT BUYER",1457.0,negotiated_dollar,1015.53,reliable
"Northside Hospital Atlanta",json,"Cardiac Stress Test","STRESS TEST EXERCISE  /OR PHARM","","",inpatient,"Beech Steet","Beech Street",1457.0,negotiated_dollar,1238.45,reliable
"Northside Hospital Atlanta",json,"Cardiac Stress Test","STRESS TEST EXERCISE  /OR PHARM","","",inpatient,CareIQ,CareIQ,1457.0,negotiated_dollar,1457.0,reliable
"Northside Hospital Atlanta",json,"Cardiac Stress Test","STRESS TEST EXERCISE  /OR PHARM","","",inpatient,CareSource,"CareSource MarketPlace",1457.0,negotiated_dollar,542.0,reliable
"Northside Hospital Atlanta",json,"Cardiac Stress Test","STRESS TEST EXERCISE  /OR PHARM","","",inpatient,"Dekalb_Department of Health","Dekalb_Department of Health",1457.0,negotiated_dollar,1457.0,reliable
"Northside Hospital Atlanta",json,"Cardiac Stress Test","STRESS TEST EXERCISE  /OR PHARM","","",inpatient,FIFA,FIFA,1457.0,negotiated_dollar,1457.0,reliable
"Northside Hospital Atlanta",json,"Cardiac Stress Test","STRESS TEST EXERCISE  /OR PHARM","","",outpatient,Aetna,"Aetna HMO/POS/PPO",1457.0,negotiated_dollar,990.76,reliable
"Northside Hospital Atlanta",json,"Cardiac Stress Test","STRESS TEST EXERCISE  /OR PHARM","","",outpatient,Aetna,"Aetna HMO/POS/PPO-G",1457.0,negotiated_dollar,990.76,reliable
"Northside Hospital Atlanta",json,"Cardiac Stress Test","STRESS TEST EXERCISE  /OR PHARM","","",outpatient,Aetna,"Aetna HMO/POS/PPO-Q",1457.0,negotiated_dollar,990.76,reliable
"Northside Hospital Atlanta",json,"Cardiac Stress Test","STRESS TEST EXERCISE  /OR PHARM","","",outpatient,Aetna,"Aetna Whole Health",1457.0,negotiated_dollar,728.5,reliable
"Northside Hospital Atlanta",json,"Cardiac Stress Test","STRESS TEST EXERCISE  /OR PHARM","","",outpatient,Aetna,"Aetna Whole Health-G",1457.0,negotiated_dollar,728.5,reliable
"Northside Hospital Atlanta",json,"Cardiac Stress Test","STRESS TEST EXERCISE  /OR PHARM","","",outpatient,Centene,"Ambetter PAR",1457.0,negotiated_dollar,684.79,reliable
"Northside Hospital Atlanta",json,"Cardiac Stress Test","STRESS TEST EXERCISE  /OR PHARM","","",outpatient,"Med Care Solutions","Med Care Solutions",1457.0,negotiated_dollar,655.65,reliable
"Northside Hospital Atlanta",json,"Cardiac Stress Test","STRESS TEST EXERCISE  /OR PHARM","","",outpatient,"MedLien Healthcare Services","MedLien Healthcare Services",1457.0,negotiated_dollar,582.8,reliable
"Northside Hospital Atlanta",json,"Cardiac Stress Test","STRESS TEST EXERCISE  /OR PHARM","","",outpatient,MTI,MTI,1457.0,negotiated_dollar,62.0,reliable
"Northside Hospital Atlanta",json,"Cardiac Stress Test","STRESS TEST EXERCISE  /OR PHARM","","",outpatient,Multiplan,"Multiplan PPO",1457.0,negotiated_dollar,1238.45,reliable
"Northside Hospital Atlanta",json,"Cardiac Stress Test","STRESS TEST EXERCISE  /OR PHARM","","",outpatient,"Multiplan Workers Comp","Multiplan Workers Comp",1457.0,negotiated_dollar,1238.45,reliable
"Northside Hospital Atlanta",json,"Cardiac Stress Test","STRESS TEST EXERCISE  /OR PHARM","","",outpatient,"Northside Health Network","Northside Health Network",1457.0,negotiated_dollar,903.34,reliable
"Northside Hospital Atlanta",json,"Cardiac Stress Test","STRESS TEST EXERCISE  /OR PHARM","","",outpatient,"Northside Health Network","Northside Health Network-S",1457.0,negotiated_dollar,903.34,reliable
"Northside Hospital Atlanta",json,"Cardiac Stress Test","STRESS TEST EXERCISE  /OR PHARM","","",outpatient,Amerigroup,"Amerigroup Medicaid",1457.0,negotiated_dollar,264.73,reliable
"Northside Hospital Atlanta",json,"Cardiac Stress Test","STRESS TEST EXERCISE  /OR PHARM","","",outpatient,"Georgia Workers Compensation","Georgia Workers Comp",1457.0,negotiated_dollar,815.71,reliable
"Northside Hospital Atlanta",json,"Cardiac Stress Test","STRESS TEST EXERCISE  /OR PHARM","","",outpatient,"Health One Alliance_PPO","Health One Alliance_PPO",1457.0,negotiated_dollar,801.35,reliable
"Northside Hospital Atlanta",json,"Cardiac Stress Test","STRESS TEST EXERCISE  /OR PHARM","","",outpatient,HomeLink,HomeLink,1457.0,negotiated_dollar,65.88,reliable
"Northside Hospital Atlanta",json,"Cardiac Stress Test","STRESS TEST EXERCISE  /OR PHARM","","",outpatient,Amerigroup,"Amerigroup Medicare Advantage",1457.0,negotiated_dollar,235.58,reliable
"Northside Hospital Atlanta",json,"Cardiac Stress Test","STRESS TEST EXERCISE  /OR PHARM","","",outpatient,"Authentic 4D","Authentic 4D",1457.0,negotiated_dollar,734.14,reliable
"Northside Hospital Atlanta",json,"Cardiac Stress Test","STRESS TEST EXERCISE  /OR PHARM","","",outpatient,BCBS,"BCBS PRUDT BUYER",1457.0,negotiated_dollar,1015.53,reliable
"Northside Hospital Atlanta",json,"Cardiac Stress Test","STRESS TEST EXERCISE  /OR PHARM","","",outpatient,BCBS,BCBS_HMO,1457.0,negotiated_dollar,814.46,reliable
"Northside Hospital Atlanta",json,"Cardiac Stress Test","STRESS TEST EXERCISE  /OR PHARM","","",outpatient,BCBS,BCBS_HMO-L,1457.0,negotiated_dollar,814.46,reliable
"Northside Hospital Atlanta",json,"Cardiac Stress Test","STRESS TEST EXERCISE  /OR PHARM","","",outpatient,Kaiser,"Kaiser Dual Choice PPO-THOR SURG",1457.0,negotiated_dollar,1267.59,reliable
"Northside Hospital Atlanta",json,"Cardiac Stress Test","STRESS TEST EXERCISE  /OR PHARM","","",outpatient,Kaiser,"Kaiser Dual Choice PPO-VASC SURG",1457.0,negotiated_dollar,1267.59,reliable
"Northside Hospital Atlanta",json,"Cardiac Stress Test","STRESS TEST EXERCISE  /OR PHARM","","",outpatient,Kaiser,Kaiser_HMO,1457.0,negotiated_dollar,947.05,reliable
"Northside Hospital Atlanta",json,"Cardiac Stress Test","STRESS TEST EXERCISE  /OR PHARM","","",outpatient,BCBS,BCBS_PATHWAY,1457.0,negotiated_dollar,407.09,reliable
"Northside Hospital Atlanta",json,"Cardiac Stress Test","STRESS TEST EXERCISE  /OR PHARM","","",outpatient,BCBS,BCBS_PATHWAY-L,1457.0,negotiated_dollar,407.09,reliable
"Northside Hospital Atlanta",json,"Cardiac Stress Test","STRESS TEST EXERCISE  /OR PHARM","","",outpatient,NovaNet_PPO,NovaNet_PPO,1457.0,negotiated_dollar,1019.9,reliable
"Northside Hospital Atlanta",json,"Cardiac Stress Test","STRESS TEST EXERCISE  /OR PHARM","","",outpatient,"One Call Diagnostics","One Call Diagnostics",1457.0,negotiated_dollar,62.0,reliable
"Northside Hospital Atlanta",json,"Cardiac Stress Test","STRESS TEST EXERCISE  /OR PHARM","","",outpatient,Oscar,Oscar,1457.0,negotiated_dollar,684.79,reliable
"Northside Hospital Atlanta",json,"Cardiac Stress Test","STRESS TEST EXERCISE  /OR PHARM","","",outpatient,BCBS,BCBS_PPO,1457.0,negotiated_dollar,968.91,reliable
"Northside Hospital Atlanta",json,"Cardiac Stress Test","STRESS TEST EXERCISE  /OR PHARM","","",outpatient,BCBS,BCBS_PPO-L,1457.0,negotiated_dollar,968.91,reliable
"Northside Hospital Atlanta",json,"Cardiac Stress Test","STRESS TEST EXERCISE  /OR PHARM","","",outpatient,"Beech Steet","Beech Street",1457.0,negotiated_dollar,1238.45,reliable
"Northside Hospital Atlanta",json,"Cardiac Stress Test","STRESS TEST EXERCISE  /OR PHARM","","",outpatient,Kaiser,Kaiser_HMO-AGA,1457.0,negotiated_dollar,947.05,reliable
"Northside Hospital Atlanta",json,"Cardiac Stress Test","STRESS TEST EXERCISE  /OR PHARM","","",outpatient,Kaiser,Kaiser_HMO-BARIATRIC,1457.0,negotiated_dollar,947.05,reliable
"Northside Hospital Atlanta",json,"Cardiac Stress Test","STRESS TEST EXERCISE  /OR PHARM","","",outpatient,BCBS,"Blue HPN",1457.0,negotiated_dollar,629.86,reliable
"Northside Hospital Atlanta",json,"Cardiac Stress Test","STRESS TEST EXERCISE  /OR PHARM","","",outpatient,BCBS,"Blue HPN-L",1457.0,negotiated_dollar,629.86,reliable
"Northside Hospital Atlanta",json,"Cardiac Stress Test","STRESS TEST EXERCISE  /OR PHARM","","",outpatient,CareIQ,CareIQ,1457.0,negotiated_dollar,1457.0,reliable
"Northside Hospital Atlanta",json,"Cardiac Stress Test","STRESS TEST EXERCISE  /OR PHARM","","",outpatient,"Fieldale Farms WC","Fieldale Farms WC",1457.0,negotiated_dollar,815.71,reliable
"Northside Hospital Atlanta",json,"Cardiac Stress Test","STRESS TEST EXERCISE  /OR PHARM","","",outpatient,FIFA,FIFA,1457.0,negotiated_dollar,1457.0,reliable
"Northside Hospital Atlanta",json,"Cardiac Stress Test","STRESS TEST EXERCISE  /OR PHARM","","",outpatient,Coventry,"First Health and Coventry National",1457.0,negotiated_dollar,874.2,reliable
"Northside Hospital Atlanta",json,"Cardiac Stress Test","STRESS TEST EXERCISE  /OR PHARM","","",outpatient,"Genex/Priority Care Solutions","Genex/Priority Care Solutions",1457.0,negotiated_dollar,652.57,reliable
"Northside Hospital Atlanta",json,"Cardiac Stress Test","STRESS TEST EXERCISE  /OR PHARM","","",outpatient,"Georgia Reproductive Specialists","Georgia Reproductive Specialists (SGF)",1457.0,negotiated_dollar,582.8,reliable
"Northside Hospital Atlanta",json,"Cardiac Stress Test","STRESS TEST EXERCISE  /OR PHARM","","",outpatient,CareSource,CareSource,1457.0,negotiated_dollar,272.67,reliable
"Northside Hospital Atlanta",json,"Cardiac Stress Test","STRESS TEST EXERCISE  /OR PHARM","","",outpatient,CareSource,"CareSource MarketPlace",1457.0,negotiated_dollar,542.0,reliable
"Northside Hospital Atlanta",json,"Cardiac Stress Test","STRESS TEST EXERCISE  /OR PHARM","","",outpatient,"CHAMPUS VA","CHAMPUS VA",1457.0,negotiated_dollar,37.17,reliable
"Northside Hospital Atlanta",json,"Cardiac Stress Test","STRESS TEST EXERCISE  /OR PHARM","","",outpatient,Kaiser,Kaiser_HMO-GCS,1457.0,negotiated_dollar,947.05,reliable
"Northside Hospital Atlanta",json,"Cardiac Stress Test","STRESS TEST EXERCISE  /OR PHARM","","",outpatient,Kaiser,Kaiser_HMO-GPG/NOAS,1457.0,negotiated_dollar,947.05,reliable
"Northside Hospital Atlanta",json,"Cardiac Stress Test","STRESS TEST EXERCISE  /OR PHARM","","",outpatient,Kaiser,Kaiser_HMO-GYNONC,1457.0,negotiated_dollar,947.05,reliable
"Northside Hospital Atlanta",json,"Cardiac Stress Test","STRESS TEST EXERCISE  /OR PHARM","","",outpatient,Cigna,Cigna,1457.0,negotiated_dollar,917.91,reliable
"Northside Hospital Atlanta",json,"Cardiac Stress Test","STRESS TEST EXERCISE  /OR PHARM","","",outpatient,Cigna,Cigna-G,1457.0,negotiated_dollar,917.91,reliable
"Northside Hospital Atlanta",json,"Cardiac Stress Test","STRESS TEST EXERCISE  /OR PHARM","","",outpatient,Cigna,Cigna-H,1457.0,negotiated_dollar,917.91,reliable
"Northside Hospital Atlanta",json,"Cardiac Stress Test","STRESS TEST EXERCISE  /OR PHARM","","",outpatient,Kaiser,Kaiser_HMO-MELANOMA,1457.0,negotiated_dollar,947.05,reliable
"Northside Hospital Atlanta",json,"Cardiac Stress Test","STRESS TEST EXERCISE  /OR PHARM","","",outpatient,Kaiser,Kaiser_HMO-NAPS/CVG/NPCPS/UPS,1457.0,negotiated_dollar,947.05,reliable
"Northside Hospital Atlanta",json,"Cardiac Stress Test","STRESS TEST EXERCISE  /OR PHARM","","",outpatient,Kaiser,"Kaiser_HMO-VASC SURG",1457.0,negotiated_dollar,947.05,reliable
"Northside Hospital Atlanta",json,"Cardiac Stress Test","STRESS TEST EXERCISE  /OR PHARM","","",outpatient,Cigna,Cigna-L,1457.0,negotiated_dollar,917.91,reliable
"Northside Hospital Atlanta",json,"Cardiac Stress Test","STRESS TEST EXERCISE  /OR PHARM","","",outpatient,Cigna,"CIGNA HealthSprings Medicare Advantage",1457.0,negotiated_dollar,237.85,reliable
"Northside Hospital Atlanta",json,"Cardiac Stress Test","STRESS TEST EXERCISE  /OR PHARM","","",outpatient,"Corvel Workers Comp","Corvel Workers Comp",1457.0,negotiated_dollar,774.92,reliable
"Northside Hospital Atlanta",json,"Cardiac Stress Test","STRESS TEST EXERCISE  /OR PHARM","","",outpatient,"Dekalb_Department of Health","Dekalb_Department of Health",1457.0,negotiated_dollar,1457.0,reliable
"Northside Hospital Atlanta",json,"Cardiac Stress Test","STRESS TEST EXERCISE  /OR PHARM","","",outpatient,"Employers Choice Network","Employers Choice Network",1457.0,negotiated_dollar,774.92,reliable
"Northside Hospital Atlanta",json,"Cardiac Stress Test","STRESS TEST EXERCISE  /OR PHARM","","",outpatient,"Institutional 115 Percent_Georgia Medicaid","Institutional 115 Percent_Georgia Medicaid",1457.0,negotiated_dollar,304.44,reliable
"Northside Hospital Atlanta",json,"Cardiac Stress Test","STRESS TEST EXERCISE  /OR PHARM","","",outpatient,"Institutional GA Medicaid","Institutional GA Medicaid",1457.0,negotiated_dollar,264.73,reliable
"Northside Hospital Atlanta",json,"Cardiac Stress Test","STRESS TEST EXERCISE  /OR PHARM","","",outpatient,"Institutional Marietta Surgery Center","Institutional Marietta Surgery Center",1457.0,negotiated_dollar,1457.0,reliable
"Northside Hospital Atlanta",json,"Cardiac Stress Test","STRESS TEST EXERCISE  /OR PHARM","","",outpatient,"Institutional Veterans Evaluation Services","Institutional Veterans Evaluation Services",1457.0,negotiated_dollar,1457.0,reliable
"Northside Hospital Atlanta",json,"Cardiac Stress Test","STRESS TEST EXERCISE  /OR PHARM","","",outpatient,Kaiser,"Kaiser Dual Choice PPO",1457.0,negotiated_dollar,1267.59,reliable
"Northside Hospital Atlanta",json,"Cardiac Stress Test","STRESS TEST EXERCISE  /OR PHARM","","",outpatient,Kaiser,"Kaiser Dual Choice PPO-AGA",1457.0,negotiated_dollar,1267.59,reliable
"Northside Hospital Atlanta",json,"Cardiac Stress Test","STRESS TEST EXERCISE  /OR PHARM","","",outpatient,Kaiser,"Kaiser Dual Choice PPO-BARIATRIC",1457.0,negotiated_dollar,1267.59,reliable
"Northside Hospital Atlanta",json,"Cardiac Stress Test","STRESS TEST EXERCISE  /OR PHARM","","",outpatient,Kaiser,"Kaiser Dual Choice PPO-GCS",1457.0,negotiated_dollar,1267.59,reliable
"Northside Hospital Atlanta",json,"Cardiac Stress Test","STRESS TEST EXERCISE  /OR PHARM","","",outpatient,Kaiser,"Kaiser Dual Choice PPO-GPG/NOAS",1457.0,negotiated_dollar,1267.59,reliable
"Northside Hospital Atlanta",json,"Cardiac Stress Test","STRESS TEST EXERCISE  /OR PHARM","","",outpatient,Kaiser,"Kaiser Dual Choice PPO-GYNONC",1457.0,negotiated_dollar,1267.59,reliable
"Northside Hospital Atlanta",json,"Cardiac Stress Test","STRESS TEST EXERCISE  /OR PHARM","","",outpatient,Kaiser,"Kaiser Dual Choice PPO-MELANOMA",1457.0,negotiated_dollar,1267.59,reliable
"Northside Hospital Atlanta",json,"Cardiac Stress Test","STRESS TEST EXERCISE  /OR PHARM","","",outpatient,Kaiser,"Kaiser Dual Choice PPO-NAPS/CVG/NPCPS/UPS",1457.0,negotiated_dollar,1267.59,reliable
"Northside Hospital Atlanta",json,"Cardiac Stress Test","STRESS TEST EXERCISE  /OR PHARM","","",outpatient,Kaiser,Kaiser_SF,1457.0,negotiated_dollar,947.05,reliable
"Northside Hospital Atlanta",json,"Cardiac Stress Test","STRESS TEST EXERCISE  /OR PHARM","","",outpatient,Kaiser,Kaiser_SF-AGA,1457.0,negotiated_dollar,947.05,reliable
"Northside Hospital Atlanta",json,"Cardiac Stress Test","STRESS TEST EXERCISE  /OR PHARM","","",outpatient,Kaiser,Kaiser_SF-BARIATRIC,1457.0,negotiated_dollar,947.05,reliable
"Northside Hospital Atlanta",json,"Cardiac Stress Test","STRESS TEST EXERCISE  /OR PHARM","","",outpatient,Kaiser,Kaiser_SF-GCS,1457.0,negotiated_dollar,947.05,reliable
"Northside Hospital Atlanta",json,"Cardiac Stress Test","STRESS TEST EXERCISE  /OR PHARM","","",outpatient,Kaiser,Kaiser_SF-GPG/NOAS,1457.0,negotiated_dollar,947.05,reliable
"Northside Hospital Atlanta",json,"Cardiac Stress Test","STRESS TEST EXERCISE  /OR PHARM","","",outpatient,Kaiser,Kaiser_SF-GYNONC,1457.0,negotiated_dollar,947.05,reliable
"Northside Hospital Atlanta",json,"Cardiac Stress Test","STRESS TEST EXERCISE  /OR PHARM","","",outpatient,Kaiser,Kaiser_SF-MELANOMA,1457.0,negotiated_dollar,947.05,reliable
"Northside Hospital Atlanta",json,"Cardiac Stress Test","STRESS TEST EXERCISE  /OR PHARM","","",outpatient,Kaiser,Kaiser_SF-NAPS/CVG/NPCPS/UPS,1457.0,negotiated_dollar,947.05,reliable
"Northside Hospital Atlanta",json,"Cardiac Stress Test","STRESS TEST EXERCISE  /OR PHARM","","",outpatient,Kaiser,"Kaiser_SF-THOR SURG",1457.0,negotiated_dollar,947.05,reliable
"Northside Hospital Atlanta",json,"Cardiac Stress Test","STRESS TEST EXERCISE  /OR PHARM","","",outpatient,Kaiser,"Kaiser_SF-VASC SURG",1457.0,negotiated_dollar,947.05,reliable
"Northside Hospital Atlanta",json,"Cardiac Stress Test","STRESS TEST EXERCISE  /OR PHARM","","",outpatient,"Truths Community","Truths Community",1457.0,negotiated_dollar,312.0,reliable
"Northside Hospital Atlanta",json,"Cardiac Stress Test","STRESS TEST EXERCISE  /OR PHARM","","",outpatient,UHC,"UHC GA Individual Exchange",1457.0,negotiated_dollar,767.84,reliable
"Northside Hospital Atlanta",json,"Cardiac Stress Test","STRESS TEST EXERCISE  /OR PHARM","","",outpatient,UHC,"UHC Heritage Select",1457.0,negotiated_dollar,1030.1,reliable
"Northside Hospital Atlanta",json,"Cardiac Stress Test","STRESS TEST EXERCISE  /OR PHARM","","",outpatient,UHC,"UHC HMO/POS/PPO",1457.0,negotiated_dollar,904.07,reliable
"Northside Hospital Atlanta",json,"Cardiac Stress Test","STRESS TEST EXERCISE  /OR PHARM","","",outpatient,UHC,"UHC HMO/POS/PPO-G",1457.0,negotiated_dollar,904.07,reliable
"Northside Hospital Atlanta",json,"Cardiac Stress Test","STRESS TEST EXERCISE  /OR PHARM","","",outpatient,UHC,"UHC HMO/POS/PPO-T",1457.0,negotiated_dollar,904.07,reliable
"Northside Hospital Atlanta",json,"Cardiac Stress Test","STRESS TEST EXERCISE  /OR PHARM","","",outpatient,Centene,"Peach State Medicaid",1457.0,negotiated_dollar,264.73,reliable
"Northside Hospital Atlanta",json,"Cardiac Stress Test","STRESS TEST EXERCISE  /OR PHARM","","",outpatient,Centene,"Peach State Medicare",1457.0,negotiated_dollar,298.21,reliable
"Northside Hospital Atlanta",json,"Cardiac Stress Test","STRESS TEST EXERCISE  /OR PHARM","","",outpatient,PHCS,PHCS,1457.0,negotiated_dollar,1092.75,reliable
"Northside Hospital Atlanta",json,"Cardiac Stress Test","STRESS TEST EXERCISE  /OR PHARM","","",outpatient,"Quick Trip","Quick Trip",1457.0,negotiated_dollar,801.35,reliable
"Northside Hospital Atlanta",json,"Cardiac Stress Test","STRESS TEST EXERCISE  /OR PHARM","","",outpatient,"Rabun County BOC","Rabun County BOC",1457.0,negotiated_dollar,1457.0,reliable
"Northside Hospital Atlanta",json,"Cardiac Stress Test","STRESS TEST EXERCISE  /OR PHARM","","",outpatient,Spreemo,Spreemo,1457.0,negotiated_dollar,652.57,reliable
"Northside Hospital Atlanta",json,"Cardiac Stress Test","STRESS TEST EXERCISE  /OR PHARM","","",outpatient,"Streamline Imaging","Streamline Imaging",1457.0,negotiated_dollar,734.14,reliable
"Northside Hospital Atlanta",json,"Cardiac Stress Test","STRESS TEST EXERCISE  /OR PHARM","","",outpatient,Tricare,Tricare,1457.0,negotiated_dollar,219.32,reliable
"Northside Hospital Atlanta",json,"Cardiac Stress Test","STRESS TEST EXERCISE  /OR RX","","",outpatient,"US Dept of Labor WC","US Dept of Labor WC",1457.0,negotiated_dollar,274.15,reliable
"Northside Hospital Atlanta",json,"Cardiac Stress Test","STRESS TEST EXERCISE  /OR RX","","",outpatient,Wellcare,"Wellcare Medicare Advantage",1457.0,negotiated_dollar,222.28,reliable
"Northside Hospital Atlanta",json,"Cardiac Stress Test","STRESS TEST EXERCISE  /OR RX","","",outpatient,"Pruitt Health Premier","Pruitt Health Premier",1457.0,negotiated_dollar,226.6,reliable
"Northside Hospital Atlanta",json,"Cardiac Stress Test","STRESS TEST EXERCISE  /OR RX","","",outpatient,Aetna,"Aetna Medicare",1457.0,negotiated_dollar,220.13,reliable
"Northside Hospital Atlanta",json,"Cardiac Stress Test","STRESS TEST EXERCISE  /OR RX","","",outpatient,BCBS,"BCBS Medicare Advantage",1457.0,negotiated_dollar,215.81,reliable
"Northside Hospital Atlanta",json,"Cardiac Stress Test","STRESS TEST EXERCISE  /OR RX","","",outpatient,BCBS,"BCBS Medicare Advantage-P",1457.0,negotiated_dollar,215.81,reliable
"Northside Hospital Atlanta",json,"Cardiac Stress Test","STRESS TEST EXERCISE  /OR RX","","",outpatient,BCCP,BCCP,1457.0,negotiated_dollar,219.32,reliable
"Northside Hospital Atlanta",json,"Cardiac Stress Test","STRESS TEST EXERCISE  /OR RX","","",outpatient,CareSource,"CareSource Medicare Advantage",1457.0,negotiated_dollar,222.28,reliable
"Northside Hospital Atlanta",json,"Cardiac Stress Test","STRESS TEST EXERCISE  /OR RX","","",outpatient,CBWW,CBWW,1457.0,negotiated_dollar,219.32,reliable
"Northside Hospital Atlanta",json,"Cardiac Stress Test","STRESS TEST EXERCISE  /OR RX","","",outpatient,"Clover Health","Clover Health",1457.0,negotiated_dollar,226.56,reliable
"Northside Hospital Atlanta",json,"Cardiac Stress Test","STRESS TEST EXERCISE  /OR RX","","",outpatient,Coventry,"Coventry Medicare",1457.0,negotiated_dollar,220.13,reliable
"Northside Hospital Atlanta",json,"Cardiac Stress Test","STRESS TEST EXERCISE  /OR RX","","",outpatient,"Devoted Medicare Advantage","Devoted Medicare Advantage",1457.0,negotiated_dollar,226.6,reliable
"Northside Hospital Atlanta",json,"Cardiac Stress Test","STRESS TEST EXERCISE  /OR RX","","",outpatient,"Fairly Group","Fairly Group",1457.0,negotiated_dollar,248.05,reliable
"Northside Hospital Atlanta",json,"Cardiac Stress Test","STRESS TEST EXERCISE  /OR RX","","",outpatient,Humana,"Humana Medicare Advantage HMO",1457.0,negotiated_dollar,217.97,reliable
"Northside Hospital Atlanta",json,"Cardiac Stress Test","STRESS TEST EXERCISE  /OR RX","","",outpatient,Humana,"Humana Medicare Advantage PPO",1457.0,negotiated_dollar,224.44,reliable
"Northside Hospital Atlanta",json,"Cardiac Stress Test","STRESS TEST EXERCISE  /OR RX","","",outpatient,"Institutional 100 Percent of Medicare","Institutional 100 Percent of Medicare",1457.0,negotiated_dollar,215.81,reliable
"Northside Hospital Atlanta",json,"Cardiac Stress Test","STRESS TEST EXERCISE  /OR RX","","",outpatient,"Institutional 110 Percent of Medicare","Institutional 110 Percent of Medicare",1457.0,negotiated_dollar,241.25,reliable
"Northside Hospital Atlanta",json,"Cardiac Stress Test","STRESS TEST EXERCISE  /OR RX","","",outpatient,"Institutional 120 Percent of Medicare","Institutional 120 Percent of Medicare",1457.0,negotiated_dollar,263.18,reliable
"Northside Hospital Atlanta",json,"Cardiac Stress Test","STRESS TEST EXERCISE  /OR RX","","",outpatient,Kaiser,"Kaiser Medicare Advantage",1457.0,negotiated_dollar,222.28,reliable
"Northside Hospital Atlanta",json,"Cardiac Stress Test","STRESS TEST EXERCISE  /OR RX","","",outpatient,Medicare,Medicare,1457.0,negotiated_dollar,215.81,reliable
"Northside Hospital Atlanta",json,"Cardiac Stress Test","STRESS TEST EXERCISE  /OR RX","","",outpatient,"CLEAR SPRINGS EON HEALTH","CLEAR SPRINGS EON HEALTH",1457.0,negotiated_dollar,215.81,reliable
"Northside Hospital Atlanta",json,"Cardiac Stress Test","STRESS TEST EXERCISE  /OR RX","","",outpatient,"VA CCN","VA CCN",1457.0,negotiated_dollar,215.81,reliable
"Northside Hospital Atlanta",json,"Cardiac Stress Test","STRESS TEST EXERCISE  /OR RX","","",outpatient,UHC,"UHC Medicare",1457.0,negotiated_dollar,215.81,reliable
"Northside Hospital Atlanta",json,"Cardiac Stress Test","STRESS TEST EXERCISE  /OR RX","","",inpatient,"Dekalb_Department of Health","Dekalb_Department of Health",1457.0,negotiated_dollar,1457.0,reliable
"Northside Hospital Atlanta",json,"Cardiac Stress Test","STRESS TEST EXERCISE  /OR RX","","",inpatient,FIFA,FIFA,1457.0,negotiated_dollar,1457.0,reliable
"Northside Hospital Atlanta",json,"Cardiac Stress Test","STRESS TEST EXERCISE  /OR RX","","",inpatient,Coventry,"First Health and Coventry National",1457.0,negotiated_dollar,990.76,reliable
"Northside Hospital Atlanta",json,"Cardiac Stress Test","STRESS TEST EXERCISE  /OR RX","","",inpatient,"Georgia Reproductive Specialists","Georgia Reproductive Specialists (SGF)",1457.0,negotiated_dollar,582.8,reliable
"Northside Hospital Atlanta",json,"Cardiac Stress Test","STRESS TEST EXERCISE  /OR RX","","",inpatient,Multiplan,"Multiplan PPO",1457.0,negotiated_dollar,1238.45,reliable
"Northside Hospital Atlanta",json,"Cardiac Stress Test","STRESS TEST EXERCISE  /OR RX","","",inpatient,"Multiplan Workers Comp","Multiplan Workers Comp",1457.0,negotiated_dollar,1238.45,reliable
"Northside Hospital Atlanta",json,"Cardiac Stress Test","STRESS TEST EXERCISE  /OR RX","","",inpatient,NovaNet_PPO,NovaNet_PPO,1457.0,negotiated_dollar,1019.9,reliable
"Northside Hospital Atlanta",json,"Cardiac Stress Test","STRESS TEST EXERCISE  /OR RX","","",inpatient,"Quick Trip","Quick Trip",1457.0,negotiated_dollar,801.35,reliable
"Northside Hospital Atlanta",json,"Cardiac Stress Test","STRESS TEST EXERCISE  /OR RX","","",inpatient,"Rabun County BOC","Rabun County BOC",1457.0,negotiated_dollar,1457.0,reliable
"Northside Hospital Atlanta",json,"Cardiac Stress Test","STRESS TEST EXERCISE  /OR RX","","",inpatient,BCBS,"BCBS PRUDT BUYER",1457.0,negotiated_dollar,1015.53,reliable
"Northside Hospital Atlanta",json,"Cardiac Stress Test","STRESS TEST EXERCISE  /OR RX","","",inpatient,"Beech Steet","Beech Street",1457.0,negotiated_dollar,1238.45,reliable
"Northside Hospital Atlanta",json,"Cardiac Stress Test","STRESS TEST EXERCISE  /OR RX","","",inpatient,CareIQ,CareIQ,1457.0,negotiated_dollar,1457.0,reliable
"Northside Hospital Atlanta",json,"Cardiac Stress Test","STRESS TEST EXERCISE  /OR RX","","",inpatient,CareSource,"CareSource MarketPlace",1457.0,negotiated_dollar,542.0,reliable
"Northside Hospital Atlanta",json,"Cardiac Stress Test","STRESS TEST EXERCISE  /OR RX","","",outpatient,NovaNet_PPO,NovaNet_PPO,1457.0,negotiated_dollar,1019.9,reliable
"Northside Hospital Atlanta",json,"Cardiac Stress Test","STRESS TEST EXERCISE  /OR RX","","",outpatient,"One Call Diagnostics","One Call Diagnostics",1457.0,negotiated_dollar,62.0,reliable
"Northside Hospital Atlanta",json,"Cardiac Stress Test","STRESS TEST EXERCISE  /OR RX","","",outpatient,Oscar,Oscar,1457.0,negotiated_dollar,684.79,reliable
"Northside Hospital Atlanta",json,"Cardiac Stress Test","STRESS TEST EXERCISE  /OR RX","","",outpatient,Aetna,"Aetna HMO/POS/PPO",1457.0,negotiated_dollar,990.76,reliable
"Northside Hospital Atlanta",json,"Cardiac Stress Test","STRESS TEST EXERCISE  /OR RX","","",outpatient,Aetna,"Aetna HMO/POS/PPO-G",1457.0,negotiated_dollar,990.76,reliable
"Northside Hospital Atlanta",json,"Cardiac Stress Test","STRESS TEST EXERCISE  /OR RX","","",outpatient,Aetna,"Aetna HMO/POS/PPO-Q",1457.0,negotiated_dollar,990.76,reliable
"Northside Hospital Atlanta",json,"Cardiac Stress Test","STRESS TEST EXERCISE  /OR RX","","",outpatient,Aetna,"Aetna Whole Health",1457.0,negotiated_dollar,728.5,reliable
"Northside Hospital Atlanta",json,"Cardiac Stress Test","STRESS TEST EXERCISE  /OR RX","","",outpatient,Aetna,"Aetna Whole Health-G",1457.0,negotiated_dollar,728.5,reliable
"Northside Hospital Atlanta",json,"Cardiac Stress Test","STRESS TEST EXERCISE  /OR RX","","",outpatient,Centene,"Ambetter PAR",1457.0,negotiated_dollar,684.79,reliable
"Northside Hospital Atlanta",json,"Cardiac Stress Test","STRESS TEST EXERCISE  /OR RX","","",outpatient,"Employers Choice Network","Employers Choice Network",1457.0,negotiated_dollar,774.92,reliable
"Northside Hospital Atlanta",json,"Cardiac Stress Test","STRESS TEST EXERCISE  /OR RX","","",outpatient,"Fieldale Farms WC","Fieldale Farms WC",1457.0,negotiated_dollar,815.71,reliable
"Northside Hospital Atlanta",json,"Cardiac Stress Test","STRESS TEST EXERCISE  /OR RX","","",outpatient,FIFA,FIFA,1457.0,negotiated_dollar,1457.0,reliable
"Northside Hospital Atlanta",json,"Cardiac Stress Test","STRESS TEST EXERCISE  /OR RX","","",outpatient,Coventry,"First Health and Coventry National",1457.0,negotiated_dollar,874.2,reliable
"Northside Hospital Atlanta",json,"Cardiac Stress Test","STRESS TEST EXERCISE  /OR RX","","",outpatient,"Genex/Priority Care Solutions","Genex/Priority Care Solutions",1457.0,negotiated_dollar,652.57,reliable
"Northside Hospital Atlanta",json,"Cardiac Stress Test","STRESS TEST EXERCISE  /OR RX","","",outpatient,"Georgia Reproductive Specialists","Georgia Reproductive Specialists (SGF)",1457.0,negotiated_dollar,582.8,reliable
"Northside Hospital Atlanta",json,"Cardiac Stress Test","STRESS TEST EXERCISE  /OR RX","","",outpatient,"Georgia Workers Compensation","Georgia Workers Comp",1457.0,negotiated_dollar,815.71,reliable
"Northside Hospital Atlanta",json,"Cardiac Stress Test","STRESS TEST EXERCISE  /OR RX","","",outpatient,Amerigroup,"Amerigroup Medicaid",1457.0,negotiated_dollar,264.73,reliable
"Northside Hospital Atlanta",json,"Cardiac Stress Test","STRESS TEST EXERCISE  /OR RX","","",outpatient,BCBS,BCBS_PATHWAY-L,1457.0,negotiated_dollar,407.09,reliable
"Northside Hospital Atlanta",json,"Cardiac Stress Test","STRESS TEST EXERCISE  /OR RX","","",outpatient,Amerigroup,"Amerigroup Medicare Advantage",1457.0,negotiated_dollar,235.58,reliable
"Northside Hospital Atlanta",json,"Cardiac Stress Test","STRESS TEST EXERCISE  /OR RX","","",outpatient,"Authentic 4D","Authentic 4D",1457.0,negotiated_dollar,734.14,reliable
"Northside Hospital Atlanta",json,"Cardiac Stress Test","STRESS TEST EXERCISE  /OR RX","","",outpatient,BCBS,"BCBS PRUDT BUYER",1457.0,negotiated_dollar,1015.53,reliable
"Northside Hospital Atlanta",json,"Cardiac Stress Test","STRESS TEST EXERCISE  /OR RX","","",outpatient,BCBS,BCBS_HMO,1457.0,negotiated_dollar,814.46,reliable
"Northside Hospital Atlanta",json,"Cardiac Stress Test","STRESS TEST EXERCISE  /OR RX","","",outpatient,BCBS,BCBS_HMO-L,1457.0,negotiated_dollar,814.46,reliable
"Northside Hospital Atlanta",json,"Cardiac Stress Test","STRESS TEST EXERCISE  /OR RX","","",outpatient,BCBS,BCBS_PATHWAY,1457.0,negotiated_dollar,407.09,reliable
"Northside Hospital Atlanta",json,"Cardiac Stress Test","STRESS TEST EXERCISE  /OR RX","","",outpatient,"Health One Alliance_PPO","Health One Alliance_PPO",1457.0,negotiated_dollar,801.35,reliable
"Northside Hospital Atlanta",json,"Cardiac Stress Test","STRESS TEST EXERCISE  /OR RX","","",outpatient,HomeLink,HomeLink,1457.0,negotiated_dollar,65.88,reliable
"Northside Hospital Atlanta",json,"Cardiac Stress Test","STRESS TEST EXERCISE  /OR RX","","",outpatient,Kaiser,"Kaiser Dual Choice PPO-THOR SURG",1457.0,negotiated_dollar,1267.59,reliable
"Northside Hospital Atlanta",json,"Cardiac Stress Test","STRESS TEST EXERCISE  /OR RX","","",outpatient,BCBS,BCBS_PPO,1457.0,negotiated_dollar,968.91,reliable
"Northside Hospital Atlanta",json,"Cardiac Stress Test","STRESS TEST EXERCISE  /OR RX","","",outpatient,BCBS,BCBS_PPO-L,1457.0,negotiated_dollar,968.91,reliable
"Northside Hospital Atlanta",json,"Cardiac Stress Test","STRESS TEST EXERCISE  /OR RX","","",outpatient,"Beech Steet","Beech Street",1457.0,negotiated_dollar,1238.45,reliable
"Northside Hospital Atlanta",json,"Cardiac Stress Test","STRESS TEST EXERCISE  /OR RX","","",outpatient,BCBS,"Blue HPN",1457.0,negotiated_dollar,629.86,reliable
"Northside Hospital Atlanta",json,"Cardiac Stress Test","STRESS TEST EXERCISE  /OR RX","","",outpatient,BCBS,"Blue HPN-L",1457.0,negotiated_dollar,629.86,reliable
"Northside Hospital Atlanta",json,"Cardiac Stress Test","STRESS TEST EXERCISE  /OR RX","","",outpatient,CareIQ,CareIQ,1457.0,negotiated_dollar,1457.0,reliable
"Northside Hospital Atlanta",json,"Cardiac Stress Test","STRESS TEST EXERCISE  /OR RX","","",outpatient,Kaiser,"Kaiser Dual Choice PPO-VASC SURG",1457.0,negotiated_dollar,1267.59,reliable
"Northside Hospital Atlanta",json,"Cardiac Stress Test","STRESS TEST EXERCISE  /OR RX","","",outpatient,Kaiser,Kaiser_HMO,1457.0,negotiated_dollar,947.05,reliable
"Northside Hospital Atlanta",json,"Cardiac Stress Test","STRESS TEST EXERCISE  /OR RX","","",outpatient,Kaiser,Kaiser_SF-GCS,1457.0,negotiated_dollar,947.05,reliable
"Northside Hospital Atlanta",json,"Cardiac Stress Test","STRESS TEST EXERCISE  /OR RX","","",outpatient,Kaiser,Kaiser_SF-GPG/NOAS,1457.0,negotiated_dollar,947.05,reliable
"Northside Hospital Atlanta",json,"Cardiac Stress Test","STRESS TEST EXERCISE  /OR RX","","",outpatient,Kaiser,Kaiser_SF-GYNONC,1457.0,negotiated_dollar,947.05,reliable
"Northside Hospital Atlanta",json,"Cardiac Stress Test","STRESS TEST EXERCISE  /OR RX","","",outpatient,Kaiser,Kaiser_SF-MELANOMA,1457.0,negotiated_dollar,947.05,reliable
"Northside Hospital Atlanta",json,"Cardiac Stress Test","STRESS TEST EXERCISE  /OR RX","","",outpatient,Kaiser,Kaiser_SF-NAPS/CVG/NPCPS/UPS,1457.0,negotiated_dollar,947.05,reliable
"Northside Hospital Atlanta",json,"Cardiac Stress Test","STRESS TEST EXERCISE  /OR RX","","",outpatient,Kaiser,"Kaiser_SF-THOR SURG",1457.0,negotiated_dollar,947.05,reliable
"Northside Hospital Atlanta",json,"Cardiac Stress Test","STRESS TEST EXERCISE  /OR RX","","",outpatient,CareSource,CareSource,1457.0,negotiated_dollar,272.67,reliable
"Northside Hospital Atlanta",json,"Cardiac Stress Test","STRESS TEST EXERCISE  /OR RX","","",outpatient,CareSource,"CareSource MarketPlace",1457.0,negotiated_dollar,542.0,reliable
"Northside Hospital Atlanta",json,"Cardiac Stress Test","STRESS TEST EXERCISE  /OR RX","","",outpatient,"CHAMPUS VA","CHAMPUS VA",1457.0,negotiated_dollar,37.17,reliable
"Northside Hospital Atlanta",json,"Cardiac Stress Test","STRESS TEST EXERCISE  /OR RX","","",outpatient,Cigna,Cigna,1457.0,negotiated_dollar,917.91,reliable
"Northside Hospital Atlanta",json,"Cardiac Stress Test","STRESS TEST EXERCISE  /OR RX","","",outpatient,Cigna,Cigna-G,1457.0,negotiated_dollar,917.91,reliable
"Northside Hospital Atlanta",json,"Cardiac Stress Test","STRESS TEST EXERCISE  /OR RX","","",outpatient,Kaiser,"Kaiser_SF-VASC SURG",1457.0,negotiated_dollar,947.05,reliable
"Northside Hospital Atlanta",json,"Cardiac Stress Test","STRESS TEST EXERCISE  /OR RX","","",outpatient,"Med Care Solutions","Med Care Solutions",1457.0,negotiated_dollar,655.65,reliable
"Northside Hospital Atlanta",json,"Cardiac Stress Test","STRESS TEST EXERCISE  /OR RX","","",outpatient,"MedLien Healthcare Services","MedLien Healthcare Services",1457.0,negotiated_dollar,582.8,reliable
"Northside Hospital Atlanta",json,"Cardiac Stress Test","STRESS TEST EXERCISE  /OR RX","","",outpatient,MTI,MTI,1457.0,negotiated_dollar,62.0,reliable
"Northside Hospital Atlanta",json,"Cardiac Stress Test","STRESS TEST EXERCISE  /OR RX","","",outpatient,Multiplan,"Multiplan PPO",1457.0,negotiated_dollar,1238.45,reliable
"Northside Hospital Atlanta",json,"Cardiac Stress Test","STRESS TEST EXERCISE  /OR RX","","",outpatient,Cigna,Cigna-H,1457.0,negotiated_dollar,917.91,reliable
"Northside Hospital Atlanta",json,"Cardiac Stress Test","STRESS TEST EXERCISE  /OR RX","","",outpatient,Cigna,Cigna-L,1457.0,negotiated_dollar,917.91,reliable
"Northside Hospital Atlanta",json,"Cardiac Stress Test","STRESS TEST EXERCISE  /OR RX","","",outpatient,Cigna,"CIGNA HealthSprings Medicare Advantage",1457.0,negotiated_dollar,237.85,reliable
"Northside Hospital Atlanta",json,"Cardiac Stress Test","STRESS TEST EXERCISE  /OR RX","","",outpatient,"Corvel Workers Comp","Corvel Workers Comp",1457.0,negotiated_dollar,774.92,reliable
"Northside Hospital Atlanta",json,"Cardiac Stress Test","STRESS TEST EXERCISE  /OR RX","","",outpatient,"Dekalb_Department of Health","Dekalb_Department of Health",1457.0,negotiated_dollar,1457.0,reliable
"Northside Hospital Atlanta",json,"Cardiac Stress Test","STRESS TEST EXERCISE  /OR RX","","",outpatient,"Multiplan Workers Comp","Multiplan Workers Comp",1457.0,negotiated_dollar,1238.45,reliable
"Northside Hospital Atlanta",json,"Cardiac Stress Test","STRESS TEST EXERCISE  /OR RX","","",outpatient,"Northside Health Network","Northside Health Network",1457.0,negotiated_dollar,903.34,reliable
"Northside Hospital Atlanta",json,"Cardiac Stress Test","STRESS TEST EXERCISE  /OR RX","","",outpatient,"Northside Health Network","Northside Health Network-S",1457.0,negotiated_dollar,903.34,reliable
"Northside Hospital Atlanta",json,"Cardiac Stress Test","STRESS TEST EXERCISE  /OR RX","","",outpatient,"Institutional 115 Percent_Georgia Medicaid","Institutional 115 Percent_Georgia Medicaid",1457.0,negotiated_dollar,304.44,reliable
"Northside Hospital Atlanta",json,"Cardiac Stress Test","STRESS TEST EXERCISE  /OR RX","","",outpatient,"Institutional GA Medicaid","Institutional GA Medicaid",1457.0,negotiated_dollar,264.73,reliable
"Northside Hospital Atlanta",json,"Cardiac Stress Test","STRESS TEST EXERCISE  /OR RX","","",outpatient,"Institutional Marietta Surgery Center","Institutional Marietta Surgery Center",1457.0,negotiated_dollar,1457.0,reliable
"Northside Hospital Atlanta",json,"Cardiac Stress Test","STRESS TEST EXERCISE  /OR RX","","",outpatient,"Institutional Veterans Evaluation Services","Institutional Veterans Evaluation Services",1457.0,negotiated_dollar,1457.0,reliable
"Northside Hospital Atlanta",json,"Cardiac Stress Test","STRESS TEST EXERCISE  /OR RX","","",outpatient,Kaiser,"Kaiser Dual Choice PPO",1457.0,negotiated_dollar,1267.59,reliable
"Northside Hospital Atlanta",json,"Cardiac Stress Test","STRESS TEST EXERCISE  /OR RX","","",outpatient,Kaiser,"Kaiser Dual Choice PPO-AGA",1457.0,negotiated_dollar,1267.59,reliable
"Northside Hospital Atlanta",json,"Cardiac Stress Test","STRESS TEST EXERCISE  /OR RX","","",outpatient,Kaiser,"Kaiser Dual Choice PPO-BARIATRIC",1457.0,negotiated_dollar,1267.59,reliable
"Northside Hospital Atlanta",json,"Cardiac Stress Test","STRESS TEST EXERCISE  /OR RX","","",outpatient,Kaiser,"Kaiser Dual Choice PPO-GCS",1457.0,negotiated_dollar,1267.59,reliable
"Northside Hospital Atlanta",json,"Cardiac Stress Test","STRESS TEST EXERCISE  /OR RX","","",outpatient,Kaiser,"Kaiser Dual Choice PPO-GPG/NOAS",1457.0,negotiated_dollar,1267.59,reliable
"Northside Hospital Atlanta",json,"Cardiac Stress Test","STRESS TEST EXERCISE  /OR RX","","",outpatient,Kaiser,"Kaiser Dual Choice PPO-GYNONC",1457.0,negotiated_dollar,1267.59,reliable
"Northside Hospital Atlanta",json,"Cardiac Stress Test","STRESS TEST EXERCISE  /OR RX","","",outpatient,Kaiser,"Kaiser Dual Choice PPO-MELANOMA",1457.0,negotiated_dollar,1267.59,reliable
"Northside Hospital Atlanta",json,"Cardiac Stress Test","STRESS TEST EXERCISE  /OR RX","","",outpatient,Kaiser,"Kaiser Dual Choice PPO-NAPS/CVG/NPCPS/UPS",1457.0,negotiated_dollar,1267.59,reliable
"Northside Hospital Atlanta",json,"Cardiac Stress Test","STRESS TEST EXERCISE  /OR RX","","",outpatient,Kaiser,Kaiser_HMO-AGA,1457.0,negotiated_dollar,947.05,reliable
"Northside Hospital Atlanta",json,"Cardiac Stress Test","STRESS TEST EXERCISE  /OR RX","","",outpatient,Kaiser,Kaiser_HMO-BARIATRIC,1457.0,negotiated_dollar,947.05,reliable
"Northside Hospital Atlanta",json,"Cardiac Stress Test","STRESS TEST EXERCISE  /OR RX","","",outpatient,Kaiser,Kaiser_HMO-GCS,1457.0,negotiated_dollar,947.05,reliable
"Northside Hospital Atlanta",json,"Cardiac Stress Test","STRESS TEST EXERCISE  /OR RX","","",outpatient,Kaiser,Kaiser_HMO-GPG/NOAS,1457.0,negotiated_dollar,947.05,reliable
"Northside Hospital Atlanta",json,"Cardiac Stress Test","STRESS TEST EXERCISE  /OR RX","","",outpatient,Kaiser,Kaiser_HMO-GYNONC,1457.0,negotiated_dollar,947.05,reliable
"Northside Hospital Atlanta",json,"Cardiac Stress Test","STRESS TEST EXERCISE  /OR RX","","",outpatient,Kaiser,Kaiser_HMO-MELANOMA,1457.0,negotiated_dollar,947.05,reliable
"Northside Hospital Atlanta",json,"Cardiac Stress Test","STRESS TEST EXERCISE  /OR RX","","",outpatient,Kaiser,Kaiser_HMO-NAPS/CVG/NPCPS/UPS,1457.0,negotiated_dollar,947.05,reliable
"Northside Hospital Atlanta",json,"Cardiac Stress Test","STRESS TEST EXERCISE  /OR RX","","",outpatient,Kaiser,"Kaiser_HMO-VASC SURG",1457.0,negotiated_dollar,947.05,reliable
"Northside Hospital Atlanta",json,"Cardiac Stress Test","STRESS TEST EXERCISE  /OR RX","","",outpatient,Kaiser,Kaiser_SF,1457.0,negotiated_dollar,947.05,reliable
"Northside Hospital Atlanta",json,"Cardiac Stress Test","STRESS TEST EXERCISE  /OR RX","","",outpatient,Kaiser,Kaiser_SF-AGA,1457.0,negotiated_dollar,947.05,reliable
"Northside Hospital Atlanta",json,"Cardiac Stress Test","STRESS TEST EXERCISE  /OR RX","","",outpatient,Kaiser,Kaiser_SF-BARIATRIC,1457.0,negotiated_dollar,947.05,reliable
"Northside Hospital Atlanta",json,"Cardiac Stress Test","STRESS TEST EXERCISE  /OR RX","","",outpatient,Centene,"Peach State Medicaid",1457.0,negotiated_dollar,264.73,reliable
"Northside Hospital Atlanta",json,"Cardiac Stress Test","STRESS TEST EXERCISE  /OR RX","","",outpatient,Centene,"Peach State Medicare",1457.0,negotiated_dollar,298.21,reliable
"Northside Hospital Atlanta",json,"Cardiac Stress Test","STRESS TEST EXERCISE  /OR RX","","",outpatient,PHCS,PHCS,1457.0,negotiated_dollar,1092.75,reliable
"Northside Hospital Atlanta",json,"Cardiac Stress Test","STRESS TEST EXERCISE  /OR RX","","",outpatient,"Quick Trip","Quick Trip",1457.0,negotiated_dollar,801.35,reliable
"Northside Hospital Atlanta",json,"Cardiac Stress Test","STRESS TEST EXERCISE  /OR RX","","",outpatient,"Rabun County BOC","Rabun County BOC",1457.0,negotiated_dollar,1457.0,reliable
"Northside Hospital Atlanta",json,"Cardiac Stress Test","STRESS TEST EXERCISE  /OR RX","","",outpatient,Spreemo,Spreemo,1457.0,negotiated_dollar,652.57,reliable
"Northside Hospital Atlanta",json,"Cardiac Stress Test","STRESS TEST EXERCISE  /OR RX","","",outpatient,"Streamline Imaging","Streamline Imaging",1457.0,negotiated_dollar,734.14,reliable
"Northside Hospital Atlanta",json,"Cardiac Stress Test","STRESS TEST EXERCISE  /OR RX","","",outpatient,Tricare,Tricare,1457.0,negotiated_dollar,219.32,reliable
"Northside Hospital Atlanta",json,"Cardiac Stress Test","STRESS TEST EXERCISE  /OR RX","","",outpatient,"Truths Community","Truths Community",1457.0,negotiated_dollar,312.0,reliable
"Northside Hospital Atlanta",json,"Cardiac Stress Test","STRESS TEST EXERCISE  /OR RX","","",outpatient,UHC,"UHC GA Individual Exchange",1457.0,negotiated_dollar,767.84,reliable
"Northside Hospital Atlanta",json,"Cardiac Stress Test","STRESS TEST EXERCISE  /OR RX","","",outpatient,UHC,"UHC Heritage Select",1457.0,negotiated_dollar,1030.1,reliable
"Northside Hospital Atlanta",json,"Cardiac Stress Test","STRESS TEST EXERCISE  /OR RX","","",outpatient,UHC,"UHC HMO/POS/PPO",1457.0,negotiated_dollar,904.07,reliable
"Northside Hospital Atlanta",json,"Cardiac Stress Test","STRESS TEST EXERCISE  /OR RX","","",outpatient,UHC,"UHC HMO/POS/PPO-G",1457.0,negotiated_dollar,904.07,reliable
"Northside Hospital Atlanta",json,"Cardiac Stress Test","STRESS TEST EXERCISE  /OR RX","","",outpatient,UHC,"UHC HMO/POS/PPO-T",1457.0,negotiated_dollar,904.07,reliable
"Northside Hospital Atlanta",json,"Cardiac Stress Test","STRESS TEST PHARM","","",outpatient,UHC,"UHC Medicare",1457.0,negotiated_dollar,215.81,reliable
"Northside Hospital Atlanta",json,"Cardiac Stress Test","STRESS TEST PHARM","","",outpatient,"US Dept of Labor WC","US Dept of Labor WC",1457.0,negotiated_dollar,274.15,reliable
"Northside Hospital Atlanta",json,"Cardiac Stress Test","STRESS TEST PHARM","","",outpatient,Wellcare,"Wellcare Medicare Advantage",1457.0,negotiated_dollar,222.28,reliable
"Northside Hospital Atlanta",json,"Cardiac Stress Test","STRESS TEST PHARM","","",outpatient,Aetna,"Aetna Medicare",1457.0,negotiated_dollar,220.13,reliable
"Northside Hospital Atlanta",json,"Cardiac Stress Test","STRESS TEST PHARM","","",outpatient,BCBS,"BCBS Medicare Advantage",1457.0,negotiated_dollar,215.81,reliable
"Northside Hospital Atlanta",json,"Cardiac Stress Test","STRESS TEST PHARM","","",outpatient,BCBS,"BCBS Medicare Advantage-P",1457.0,negotiated_dollar,215.81,reliable
"Northside Hospital Atlanta",json,"Cardiac Stress Test","STRESS TEST PHARM","","",outpatient,BCCP,BCCP,1457.0,negotiated_dollar,219.32,reliable
"Northside Hospital Atlanta",json,"Cardiac Stress Test","STRESS TEST PHARM","","",outpatient,CareSource,"CareSource Medicare Advantage",1457.0,negotiated_dollar,222.28,reliable
"Northside Hospital Atlanta",json,"Cardiac Stress Test","STRESS TEST PHARM","","",outpatient,CBWW,CBWW,1457.0,negotiated_dollar,219.32,reliable
"Northside Hospital Atlanta",json,"Cardiac Stress Test","STRESS TEST PHARM","","",outpatient,"Clover Health","Clover Health",1457.0,negotiated_dollar,226.56,reliable
"Northside Hospital Atlanta",json,"Cardiac Stress Test","STRESS TEST PHARM","","",outpatient,Coventry,"Coventry Medicare",1457.0,negotiated_dollar,220.13,reliable
"Northside Hospital Atlanta",json,"Cardiac Stress Test","STRESS TEST PHARM","","",outpatient,"Devoted Medicare Advantage","Devoted Medicare Advantage",1457.0,negotiated_dollar,226.6,reliable
"Northside Hospital Atlanta",json,"Cardiac Stress Test","STRESS TEST PHARM","","",outpatient,"Fairly Group","Fairly Group",1457.0,negotiated_dollar,248.05,reliable
"Northside Hospital Atlanta",json,"Cardiac Stress Test","STRESS TEST PHARM","","",outpatient,Humana,"Humana Medicare Advantage HMO",1457.0,negotiated_dollar,217.97,reliable
"Northside Hospital Atlanta",json,"Cardiac Stress Test","STRESS TEST PHARM","","",outpatient,Humana,"Humana Medicare Advantage PPO",1457.0,negotiated_dollar,224.44,reliable
"Northside Hospital Atlanta",json,"Cardiac Stress Test","STRESS TEST PHARM","","",outpatient,"Institutional 100 Percent of Medicare","Institutional 100 Percent of Medicare",1457.0,negotiated_dollar,215.81,reliable
"Northside Hospital Atlanta",json,"Cardiac Stress Test","STRESS TEST PHARM","","",outpatient,"Institutional 110 Percent of Medicare","Institutional 110 Percent of Medicare",1457.0,negotiated_dollar,241.25,reliable
"Northside Hospital Atlanta",json,"Cardiac Stress Test","STRESS TEST PHARM","","",outpatient,"Institutional 120 Percent of Medicare","Institutional 120 Percent of Medicare",1457.0,negotiated_dollar,263.18,reliable
"Northside Hospital Atlanta",json,"Cardiac Stress Test","STRESS TEST PHARM","","",outpatient,Kaiser,"Kaiser Medicare Advantage",1457.0,negotiated_dollar,222.28,reliable
"Northside Hospital Atlanta",json,"Cardiac Stress Test","STRESS TEST PHARM","","",outpatient,Medicare,Medicare,1457.0,negotiated_dollar,215.81,reliable
"Northside Hospital Atlanta",json,"Cardiac Stress Test","STRESS TEST PHARM","","",outpatient,"CLEAR SPRINGS EON HEALTH","CLEAR SPRINGS EON HEALTH",1457.0,negotiated_dollar,215.81,reliable
"Northside Hospital Atlanta",json,"Cardiac Stress Test","STRESS TEST PHARM","","",outpatient,"VA CCN","VA CCN",1457.0,negotiated_dollar,215.81,reliable
"Northside Hospital Atlanta",json,"Cardiac Stress Test","STRESS TEST PHARM","","",outpatient,"Pruitt Health Premier","Pruitt Health Premier",1457.0,negotiated_dollar,226.6,reliable
"Northside Hospital Atlanta",json,"Cardiac Stress Test","STRESS TEST PHARM","","",inpatient,BCBS,"BCBS PRUDT BUYER",1457.0,negotiated_dollar,1015.53,reliable
"Northside Hospital Atlanta",json,"Cardiac Stress Test","STRESS TEST PHARM","","",inpatient,"Beech Steet","Beech Street",1457.0,negotiated_dollar,1238.45,reliable
"Northside Hospital Atlanta",json,"Cardiac Stress Test","STRESS TEST PHARM","","",inpatient,CareIQ,CareIQ,1457.0,negotiated_dollar,1457.0,reliable
"Northside Hospital Atlanta",json,"Cardiac Stress Test","STRESS TEST PHARM","","",inpatient,CareSource,"CareSource MarketPlace",1457.0,negotiated_dollar,542.0,reliable
"Northside Hospital Atlanta",json,"Cardiac Stress Test","STRESS TEST PHARM","","",inpatient,"Dekalb_Department of Health","Dekalb_Department of Health",1457.0,negotiated_dollar,1457.0,reliable
"Northside Hospital Atlanta",json,"Cardiac Stress Test","STRESS TEST PHARM","","",inpatient,FIFA,FIFA,1457.0,negotiated_dollar,1457.0,reliable
"Northside Hospital Atlanta",json,"Cardiac Stress Test","STRESS TEST PHARM","","",inpatient,Coventry,"First Health and Coventry National",1457.0,negotiated_dollar,990.76,reliable
"Northside Hospital Atlanta",json,"Cardiac Stress Test","STRESS TEST PHARM","","",inpatient,"Georgia Reproductive Specialists","Georgia Reproductive Specialists (SGF)",1457.0,negotiated_dollar,582.8,reliable
"Northside Hospital Atlanta",json,"Cardiac Stress Test","STRESS TEST PHARM","","",inpatient,Multiplan,"Multiplan PPO",1457.0,negotiated_dollar,1238.45,reliable
"Northside Hospital Atlanta",json,"Cardiac Stress Test","STRESS TEST PHARM","","",inpatient,"Multiplan Workers Comp","Multiplan Workers Comp",1457.0,negotiated_dollar,1238.45,reliable
"Northside Hospital Atlanta",json,"Cardiac Stress Test","STRESS TEST PHARM","","",inpatient,NovaNet_PPO,NovaNet_PPO,1457.0,negotiated_dollar,1019.9,reliable
"Northside Hospital Atlanta",json,"Cardiac Stress Test","STRESS TEST PHARM","","",inpatient,"Quick Trip","Quick Trip",1457.0,negotiated_dollar,801.35,reliable
"Northside Hospital Atlanta",json,"Cardiac Stress Test","STRESS TEST PHARM","","",inpatient,"Rabun County BOC","Rabun County BOC",1457.0,negotiated_dollar,1457.0,reliable
"Northside Hospital Atlanta",json,"Cardiac Stress Test","STRESS TEST PHARM","","",outpatient,Aetna,"Aetna HMO/POS/PPO",1457.0,negotiated_dollar,990.76,reliable
"Northside Hospital Atlanta",json,"Cardiac Stress Test","STRESS TEST PHARM","","",outpatient,Aetna,"Aetna HMO/POS/PPO-G",1457.0,negotiated_dollar,990.76,reliable
"Northside Hospital Atlanta",json,"Cardiac Stress Test","STRESS TEST PHARM","","",outpatient,Aetna,"Aetna HMO/POS/PPO-Q",1457.0,negotiated_dollar,990.76,reliable
"Northside Hospital Atlanta",json,"Cardiac Stress Test","STRESS TEST PHARM","","",outpatient,Aetna,"Aetna Whole Health",1457.0,negotiated_dollar,728.5,reliable
"Northside Hospital Atlanta",json,"Cardiac Stress Test","STRESS TEST PHARM","","",outpatient,Aetna,"Aetna Whole Health-G",1457.0,negotiated_dollar,728.5,reliable
"Northside Hospital Atlanta",json,"Cardiac Stress Test","STRESS TEST PHARM","","",outpatient,Centene,"Ambetter PAR",1457.0,negotiated_dollar,684.79,reliable
"Northside Hospital Atlanta",json,"Cardiac Stress Test","STRESS TEST PHARM","","",outpatient,"Employers Choice Network","Employers Choice Network",1457.0,negotiated_dollar,774.92,reliable
"Northside Hospital Atlanta",json,"Cardiac Stress Test","STRESS TEST PHARM","","",outpatient,"Fieldale Farms WC","Fieldale Farms WC",1457.0,negotiated_dollar,815.71,reliable
"Northside Hospital Atlanta",json,"Cardiac Stress Test","STRESS TEST PHARM","","",outpatient,Kaiser,Kaiser_SF-MELANOMA,1457.0,negotiated_dollar,947.05,reliable
"Northside Hospital Atlanta",json,"Cardiac Stress Test","STRESS TEST PHARM","","",outpatient,Kaiser,Kaiser_SF-NAPS/CVG/NPCPS/UPS,1457.0,negotiated_dollar,947.05,reliable
"Northside Hospital Atlanta",json,"Cardiac Stress Test","STRESS TEST PHARM","","",outpatient,Kaiser,"Kaiser_SF-THOR SURG",1457.0,negotiated_dollar,947.05,reliable
"Northside Hospital Atlanta",json,"Cardiac Stress Test","STRESS TEST PHARM","","",outpatient,Kaiser,"Kaiser_SF-VASC SURG",1457.0,negotiated_dollar,947.05,reliable
"Northside Hospital Atlanta",json,"Cardiac Stress Test","STRESS TEST PHARM","","",outpatient,"Med Care Solutions","Med Care Solutions",1457.0,negotiated_dollar,655.65,reliable
"Northside Hospital Atlanta",json,"Cardiac Stress Test","STRESS TEST PHARM","","",outpatient,"MedLien Healthcare Services","MedLien Healthcare Services",1457.0,negotiated_dollar,582.8,reliable
"Northside Hospital Atlanta",json,"Cardiac Stress Test","STRESS TEST PHARM","","",outpatient,MTI,MTI,1457.0,negotiated_dollar,62.0,reliable
"Northside Hospital Atlanta",json,"Cardiac Stress Test","STRESS TEST PHARM","","",outpatient,Multiplan,"Multiplan PPO",1457.0,negotiated_dollar,1238.45,reliable
"Northside Hospital Atlanta",json,"Cardiac Stress Test","STRESS TEST PHARM","","",outpatient,"Multiplan Workers Comp","Multiplan Workers Comp",1457.0,negotiated_dollar,1238.45,reliable
"Northside Hospital Atlanta",json,"Cardiac Stress Test","STRESS TEST PHARM","","",outpatient,"Northside Health Network","Northside Health Network",1457.0,negotiated_dollar,903.34,reliable
"Northside Hospital Atlanta",json,"Cardiac Stress Test","STRESS TEST PHARM","","",outpatient,"Northside Health Network","Northside Health Network-S",1457.0,negotiated_dollar,903.34,reliable
"Northside Hospital Atlanta",json,"Cardiac Stress Test","STRESS TEST PHARM","","",outpatient,Amerigroup,"Amerigroup Medicaid",1457.0,negotiated_dollar,264.73,reliable
"Northside Hospital Atlanta",json,"Cardiac Stress Test","STRESS TEST PHARM","","",outpatient,Amerigroup,"Amerigroup Medicare Advantage",1457.0,negotiated_dollar,235.58,reliable
"Northside Hospital Atlanta",json,"Cardiac Stress Test","STRESS TEST PHARM","","",outpatient,"Authentic 4D","Authentic 4D",1457.0,negotiated_dollar,734.14,reliable
"Northside Hospital Atlanta",json,"Cardiac Stress Test","STRESS TEST PHARM","","",outpatient,BCBS,"BCBS PRUDT BUYER",1457.0,negotiated_dollar,1015.53,reliable
"Northside Hospital Atlanta",json,"Cardiac Stress Test","STRESS TEST PHARM","","",outpatient,Kaiser,"Kaiser_HMO-VASC SURG",1457.0,negotiated_dollar,947.05,reliable
"Northside Hospital Atlanta",json,"Cardiac Stress Test","STRESS TEST PHARM","","",outpatient,Kaiser,Kaiser_SF,1457.0,negotiated_dollar,947.05,reliable
"Northside Hospital Atlanta",json,"Cardiac Stress Test","STRESS TEST PHARM","","",outpatient,Kaiser,Kaiser_SF-AGA,1457.0,negotiated_dollar,947.05,reliable
"Northside Hospital Atlanta",json,"Cardiac Stress Test","STRESS TEST PHARM","","",outpatient,BCBS,BCBS_HMO,1457.0,negotiated_dollar,814.46,reliable
"Northside Hospital Atlanta",json,"Cardiac Stress Test","STRESS TEST PHARM","","",outpatient,BCBS,BCBS_HMO-L,1457.0,negotiated_dollar,814.46,reliable
"Northside Hospital Atlanta",json,"Cardiac Stress Test","STRESS TEST PHARM","","",outpatient,BCBS,BCBS_PATHWAY,1457.0,negotiated_dollar,407.09,reliable
"Northside Hospital Atlanta",json,"Cardiac Stress Test","STRESS TEST PHARM","","",outpatient,BCBS,BCBS_PATHWAY-L,1457.0,negotiated_dollar,407.09,reliable
"Northside Hospital Atlanta",json,"Cardiac Stress Test","STRESS TEST PHARM","","",outpatient,FIFA,FIFA,1457.0,negotiated_dollar,1457.0,reliable
"Northside Hospital Atlanta",json,"Cardiac Stress Test","STRESS TEST PHARM","","",outpatient,Coventry,"First Health and Coventry National",1457.0,negotiated_dollar,874.2,reliable
"Northside Hospital Atlanta",json,"Cardiac Stress Test","STRESS TEST PHARM","","",outpatient,"Genex/Priority Care Solutions","Genex/Priority Care Solutions",1457.0,negotiated_dollar,652.57,reliable
"Northside Hospital Atlanta",json,"Cardiac Stress Test","STRESS TEST PHARM","","",outpatient,"Georgia Reproductive Specialists","Georgia Reproductive Specialists (SGF)",1457.0,negotiated_dollar,582.8,reliable
"Northside Hospital Atlanta",json,"Cardiac Stress Test","STRESS TEST PHARM","","",outpatient,NovaNet_PPO,NovaNet_PPO,1457.0,negotiated_dollar,1019.9,reliable
"Northside Hospital Atlanta",json,"Cardiac Stress Test","STRESS TEST PHARM","","",outpatient,"One Call Diagnostics","One Call Diagnostics",1457.0,negotiated_dollar,62.0,reliable
"Northside Hospital Atlanta",json,"Cardiac Stress Test","STRESS TEST PHARM","","",outpatient,Oscar,Oscar,1457.0,negotiated_dollar,684.79,reliable
"Northside Hospital Atlanta",json,"Cardiac Stress Test","STRESS TEST PHARM","","",outpatient,BCBS,BCBS_PPO,1457.0,negotiated_dollar,968.91,reliable
"Northside Hospital Atlanta",json,"Cardiac Stress Test","STRESS TEST PHARM","","",outpatient,BCBS,BCBS_PPO-L,1457.0,negotiated_dollar,968.91,reliable
"Northside Hospital Atlanta",json,"Cardiac Stress Test","STRESS TEST PHARM","","",outpatient,"Beech Steet","Beech Street",1457.0,negotiated_dollar,1238.45,reliable
"Northside Hospital Atlanta",json,"Cardiac Stress Test","STRESS TEST PHARM","","",outpatient,BCBS,"Blue HPN",1457.0,negotiated_dollar,629.86,reliable
"Northside Hospital Atlanta",json,"Cardiac Stress Test","STRESS TEST PHARM","","",outpatient,BCBS,"Blue HPN-L",1457.0,negotiated_dollar,629.86,reliable
"Northside Hospital Atlanta",json,"Cardiac Stress Test","STRESS TEST PHARM","","",outpatient,CareIQ,CareIQ,1457.0,negotiated_dollar,1457.0,reliable
"Northside Hospital Atlanta",json,"Cardiac Stress Test","STRESS TEST PHARM","","",outpatient,"Georgia Workers Compensation","Georgia Workers Comp",1457.0,negotiated_dollar,815.71,reliable
"Northside Hospital Atlanta",json,"Cardiac Stress Test","STRESS TEST PHARM","","",outpatient,"Health One Alliance_PPO","Health One Alliance_PPO",1457.0,negotiated_dollar,801.35,reliable
"Northside Hospital Atlanta",json,"Cardiac Stress Test","STRESS TEST PHARM","","",outpatient,CareSource,CareSource,1457.0,negotiated_dollar,272.67,reliable
"Northside Hospital Atlanta",json,"Cardiac Stress Test","STRESS TEST PHARM","","",outpatient,CareSource,"CareSource MarketPlace",1457.0,negotiated_dollar,542.0,reliable
"Northside Hospital Atlanta",json,"Cardiac Stress Test","STRESS TEST PHARM","","",outpatient,"CHAMPUS VA","CHAMPUS VA",1457.0,negotiated_dollar,37.17,reliable
"Northside Hospital Atlanta",json,"Cardiac Stress Test","STRESS TEST PHARM","","",outpatient,Cigna,Cigna,1457.0,negotiated_dollar,917.91,reliable
"Northside Hospital Atlanta",json,"Cardiac Stress Test","STRESS TEST PHARM","","",outpatient,Cigna,Cigna-G,1457.0,negotiated_dollar,917.91,reliable
"Northside Hospital Atlanta",json,"Cardiac Stress Test","STRESS TEST PHARM","","",outpatient,HomeLink,HomeLink,1457.0,negotiated_dollar,65.88,reliable
"Northside Hospital Atlanta",json,"Cardiac Stress Test","STRESS TEST PHARM","","",outpatient,Cigna,Cigna-H,1457.0,negotiated_dollar,917.91,reliable
"Northside Hospital Atlanta",json,"Cardiac Stress Test","STRESS TEST PHARM","","",outpatient,Cigna,Cigna-L,1457.0,negotiated_dollar,917.91,reliable
"Northside Hospital Atlanta",json,"Cardiac Stress Test","STRESS TEST PHARM","","",outpatient,Cigna,"CIGNA HealthSprings Medicare Advantage",1457.0,negotiated_dollar,237.85,reliable
"Northside Hospital Atlanta",json,"Cardiac Stress Test","STRESS TEST PHARM","","",outpatient,"Corvel Workers Comp","Corvel Workers Comp",1457.0,negotiated_dollar,774.92,reliable
"Northside Hospital Atlanta",json,"Cardiac Stress Test","STRESS TEST PHARM","","",outpatient,"Dekalb_Department of Health","Dekalb_Department of Health",1457.0,negotiated_dollar,1457.0,reliable
"Northside Hospital Atlanta",json,"Cardiac Stress Test","STRESS TEST PHARM","","",outpatient,Kaiser,Kaiser_SF-BARIATRIC,1457.0,negotiated_dollar,947.05,reliable
"Northside Hospital Atlanta",json,"Cardiac Stress Test","STRESS TEST PHARM","","",outpatient,Kaiser,Kaiser_SF-GCS,1457.0,negotiated_dollar,947.05,reliable
"Northside Hospital Atlanta",json,"Cardiac Stress Test","STRESS TEST PHARM","","",outpatient,Kaiser,Kaiser_SF-GPG/NOAS,1457.0,negotiated_dollar,947.05,reliable
"Northside Hospital Atlanta",json,"Cardiac Stress Test","STRESS TEST PHARM","","",outpatient,Kaiser,Kaiser_SF-GYNONC,1457.0,negotiated_dollar,947.05,reliable
"Northside Hospital Atlanta",json,"Cardiac Stress Test","STRESS TEST PHARM","","",outpatient,"Institutional 115 Percent_Georgia Medicaid","Institutional 115 Percent_Georgia Medicaid",1457.0,negotiated_dollar,304.44,reliable
"Northside Hospital Atlanta",json,"Cardiac Stress Test","STRESS TEST PHARM","","",outpatient,"Institutional GA Medicaid","Institutional GA Medicaid",1457.0,negotiated_dollar,264.73,reliable
"Northside Hospital Atlanta",json,"Cardiac Stress Test","STRESS TEST PHARM","","",outpatient,"Institutional Marietta Surgery Center","Institutional Marietta Surgery Center",1457.0,negotiated_dollar,1457.0,reliable
"Northside Hospital Atlanta",json,"Cardiac Stress Test","STRESS TEST PHARM","","",outpatient,"Institutional Veterans Evaluation Services","Institutional Veterans Evaluation Services",1457.0,negotiated_dollar,1457.0,reliable
"Northside Hospital Atlanta",json,"Cardiac Stress Test","STRESS TEST PHARM","","",outpatient,Kaiser,"Kaiser Dual Choice PPO",1457.0,negotiated_dollar,1267.59,reliable
"Northside Hospital Atlanta",json,"Cardiac Stress Test","STRESS TEST PHARM","","",outpatient,Kaiser,"Kaiser Dual Choice PPO-AGA",1457.0,negotiated_dollar,1267.59,reliable
"Northside Hospital Atlanta",json,"Cardiac Stress Test","STRESS TEST PHARM","","",outpatient,Kaiser,"Kaiser Dual Choice PPO-BARIATRIC",1457.0,negotiated_dollar,1267.59,reliable
"Northside Hospital Atlanta",json,"Cardiac Stress Test","STRESS TEST PHARM","","",outpatient,Kaiser,"Kaiser Dual Choice PPO-GCS",1457.0,negotiated_dollar,1267.59,reliable
"Northside Hospital Atlanta",json,"Cardiac Stress Test","STRESS TEST PHARM","","",outpatient,Kaiser,"Kaiser Dual Choice PPO-GPG/NOAS",1457.0,negotiated_dollar,1267.59,reliable
"Northside Hospital Atlanta",json,"Cardiac Stress Test","STRESS TEST PHARM","","",outpatient,Kaiser,"Kaiser Dual Choice PPO-GYNONC",1457.0,negotiated_dollar,1267.59,reliable
"Northside Hospital Atlanta",json,"Cardiac Stress Test","STRESS TEST PHARM","","",outpatient,Kaiser,"Kaiser Dual Choice PPO-MELANOMA",1457.0,negotiated_dollar,1267.59,reliable
"Northside Hospital Atlanta",json,"Cardiac Stress Test","STRESS TEST PHARM","","",outpatient,Kaiser,"Kaiser Dual Choice PPO-NAPS/CVG/NPCPS/UPS",1457.0,negotiated_dollar,1267.59,reliable
"Northside Hospital Atlanta",json,"Cardiac Stress Test","STRESS TEST PHARM","","",outpatient,Kaiser,"Kaiser Dual Choice PPO-THOR SURG",1457.0,negotiated_dollar,1267.59,reliable
"Northside Hospital Atlanta",json,"Cardiac Stress Test","STRESS TEST PHARM","","",outpatient,Kaiser,"Kaiser Dual Choice PPO-VASC SURG",1457.0,negotiated_dollar,1267.59,reliable
"Northside Hospital Atlanta",json,"Cardiac Stress Test","STRESS TEST PHARM","","",outpatient,Kaiser,Kaiser_HMO,1457.0,negotiated_dollar,947.05,reliable
"Northside Hospital Atlanta",json,"Cardiac Stress Test","STRESS TEST PHARM","","",outpatient,Kaiser,Kaiser_HMO-AGA,1457.0,negotiated_dollar,947.05,reliable
"Northside Hospital Atlanta",json,"Cardiac Stress Test","STRESS TEST PHARM","","",outpatient,Kaiser,Kaiser_HMO-BARIATRIC,1457.0,negotiated_dollar,947.05,reliable
"Northside Hospital Atlanta",json,"Cardiac Stress Test","STRESS TEST PHARM","","",outpatient,Kaiser,Kaiser_HMO-GCS,1457.0,negotiated_dollar,947.05,reliable
"Northside Hospital Atlanta",json,"Cardiac Stress Test","STRESS TEST PHARM","","",outpatient,Kaiser,Kaiser_HMO-GPG/NOAS,1457.0,negotiated_dollar,947.05,reliable
"Northside Hospital Atlanta",json,"Cardiac Stress Test","STRESS TEST PHARM","","",outpatient,Kaiser,Kaiser_HMO-GYNONC,1457.0,negotiated_dollar,947.05,reliable
"Northside Hospital Atlanta",json,"Cardiac Stress Test","STRESS TEST PHARM","","",outpatient,Kaiser,Kaiser_HMO-MELANOMA,1457.0,negotiated_dollar,947.05,reliable
"Northside Hospital Atlanta",json,"Cardiac Stress Test","STRESS TEST PHARM","","",outpatient,Kaiser,Kaiser_HMO-NAPS/CVG/NPCPS/UPS,1457.0,negotiated_dollar,947.05,reliable
"Northside Hospital Atlanta",json,"Cardiac Stress Test","STRESS TEST PHARM","","",outpatient,Centene,"Peach State Medicaid",1457.0,negotiated_dollar,264.73,reliable
"Northside Hospital Atlanta",json,"Cardiac Stress Test","STRESS TEST PHARM","","",outpatient,Centene,"Peach State Medicare",1457.0,negotiated_dollar,298.21,reliable
"Northside Hospital Atlanta",json,"Cardiac Stress Test","STRESS TEST PHARM","","",outpatient,PHCS,PHCS,1457.0,negotiated_dollar,1092.75,reliable
"Northside Hospital Atlanta",json,"Cardiac Stress Test","STRESS TEST PHARM","","",outpatient,"Quick Trip","Quick Trip",1457.0,negotiated_dollar,801.35,reliable
"Northside Hospital Atlanta",json,"Cardiac Stress Test","STRESS TEST PHARM","","",outpatient,"Rabun County BOC","Rabun County BOC",1457.0,negotiated_dollar,1457.0,reliable
"Northside Hospital Atlanta",json,"Cardiac Stress Test","STRESS TEST PHARM","","",outpatient,Spreemo,Spreemo,1457.0,negotiated_dollar,652.57,reliable
"Northside Hospital Atlanta",json,"Cardiac Stress Test","STRESS TEST PHARM","","",outpatient,"Streamline Imaging","Streamline Imaging",1457.0,negotiated_dollar,734.14,reliable
"Northside Hospital Atlanta",json,"Cardiac Stress Test","STRESS TEST PHARM","","",outpatient,Tricare,Tricare,1457.0,negotiated_dollar,219.32,reliable
"Northside Hospital Atlanta",json,"Cardiac Stress Test","STRESS TEST PHARM","","",outpatient,"Truths Community","Truths Community",1457.0,negotiated_dollar,312.0,reliable
"Northside Hospital Atlanta",json,"Cardiac Stress Test","STRESS TEST PHARM","","",outpatient,UHC,"UHC GA Individual Exchange",1457.0,negotiated_dollar,767.84,reliable
"Northside Hospital Atlanta",json,"Cardiac Stress Test","STRESS TEST PHARM","","",outpatient,UHC,"UHC Heritage Select",1457.0,negotiated_dollar,1030.1,reliable
"Northside Hospital Atlanta",json,"Cardiac Stress Test","STRESS TEST PHARM","","",outpatient,UHC,"UHC HMO/POS/PPO",1457.0,negotiated_dollar,904.07,reliable
"Northside Hospital Atlanta",json,"Cardiac Stress Test","STRESS TEST PHARM","","",outpatient,UHC,"UHC HMO/POS/PPO-G",1457.0,negotiated_dollar,904.07,reliable
"Northside Hospital Atlanta",json,"Cardiac Stress Test","STRESS TEST PHARM","","",outpatient,UHC,"UHC HMO/POS/PPO-T",1457.0,negotiated_dollar,904.07,reliable
"Northside Hospital Atlanta",json,"Cardiac Stress Test","STRESS TEST TREADMILL OR PHARM","","",outpatient,UHC,"UHC Medicare",1457.0,negotiated_dollar,215.81,reliable
"Northside Hospital Atlanta",json,"Cardiac Stress Test","STRESS TEST TREADMILL OR PHARM","","",outpatient,"US Dept of Labor WC","US Dept of Labor WC",1457.0,negotiated_dollar,274.15,reliable
"Northside Hospital Atlanta",json,"Cardiac Stress Test","STRESS TEST TREADMILL OR PHARM","","",outpatient,Wellcare,"Wellcare Medicare Advantage",1457.0,negotiated_dollar,222.28,reliable
"Northside Hospital Atlanta",json,"Cardiac Stress Test","STRESS TEST TREADMILL OR PHARM","","",outpatient,Humana,"Humana Medicare Advantage PPO",1457.0,negotiated_dollar,224.44,reliable
"Northside Hospital Atlanta",json,"Cardiac Stress Test","STRESS TEST TREADMILL OR PHARM","","",outpatient,"Institutional 100 Percent of Medicare","Institutional 100 Percent of Medicare",1457.0,negotiated_dollar,215.81,reliable
"Northside Hospital Atlanta",json,"Cardiac Stress Test","STRESS TEST TREADMILL OR PHARM","","",outpatient,"Institutional 110 Percent of Medicare","Institutional 110 Percent of Medicare",1457.0,negotiated_dollar,241.25,reliable
"Northside Hospital Atlanta",json,"Cardiac Stress Test","STRESS TEST TREADMILL OR PHARM","","",outpatient,"Institutional 120 Percent of Medicare","Institutional 120 Percent of Medicare",1457.0,negotiated_dollar,263.18,reliable
"Northside Hospital Atlanta",json,"Cardiac Stress Test","STRESS TEST TREADMILL OR PHARM","","",outpatient,Kaiser,"Kaiser Medicare Advantage",1457.0,negotiated_dollar,222.28,reliable
"Northside Hospital Atlanta",json,"Cardiac Stress Test","STRESS TEST TREADMILL OR PHARM","","",outpatient,Medicare,Medicare,1457.0,negotiated_dollar,215.81,reliable
"Northside Hospital Atlanta",json,"Cardiac Stress Test","STRESS TEST TREADMILL OR PHARM","","",outpatient,"CLEAR SPRINGS EON HEALTH","CLEAR SPRINGS EON HEALTH",1457.0,negotiated_dollar,215.81,reliable
"Northside Hospital Atlanta",json,"Cardiac Stress Test","STRESS TEST TREADMILL OR PHARM","","",outpatient,"VA CCN","VA CCN",1457.0,negotiated_dollar,215.81,reliable
"Northside Hospital Atlanta",json,"Cardiac Stress Test","STRESS TEST TREADMILL OR PHARM","","",outpatient,"Pruitt Health Premier","Pruitt Health Premier",1457.0,negotiated_dollar,226.6,reliable
"Northside Hospital Atlanta",json,"Cardiac Stress Test","STRESS TEST TREADMILL OR PHARM","","",outpatient,Aetna,"Aetna Medicare",1457.0,negotiated_dollar,220.13,reliable
"Northside Hospital Atlanta",json,"Cardiac Stress Test","STRESS TEST TREADMILL OR PHARM","","",outpatient,BCBS,"BCBS Medicare Advantage",1457.0,negotiated_dollar,215.81,reliable
"Northside Hospital Atlanta",json,"Cardiac Stress Test","STRESS TEST TREADMILL OR PHARM","","",outpatient,BCBS,"BCBS Medicare Advantage-P",1457.0,negotiated_dollar,215.81,reliable
"Northside Hospital Atlanta",json,"Cardiac Stress Test","STRESS TEST TREADMILL OR PHARM","","",outpatient,BCCP,BCCP,1457.0,negotiated_dollar,219.32,reliable
"Northside Hospital Atlanta",json,"Cardiac Stress Test","STRESS TEST TREADMILL OR PHARM","","",outpatient,CareSource,"CareSource Medicare Advantage",1457.0,negotiated_dollar,222.28,reliable
"Northside Hospital Atlanta",json,"Cardiac Stress Test","STRESS TEST TREADMILL OR PHARM","","",outpatient,CBWW,CBWW,1457.0,negotiated_dollar,219.32,reliable
"Northside Hospital Atlanta",json,"Cardiac Stress Test","STRESS TEST TREADMILL OR PHARM","","",outpatient,"Clover Health","Clover Health",1457.0,negotiated_dollar,226.56,reliable
"Northside Hospital Atlanta",json,"Cardiac Stress Test","STRESS TEST TREADMILL OR PHARM","","",outpatient,Coventry,"Coventry Medicare",1457.0,negotiated_dollar,220.13,reliable
"Northside Hospital Atlanta",json,"Cardiac Stress Test","STRESS TEST TREADMILL OR PHARM","","",outpatient,"Devoted Medicare Advantage","Devoted Medicare Advantage",1457.0,negotiated_dollar,226.6,reliable
"Northside Hospital Atlanta",json,"Cardiac Stress Test","STRESS TEST TREADMILL OR PHARM","","",outpatient,"Fairly Group","Fairly Group",1457.0,negotiated_dollar,248.05,reliable
"Northside Hospital Atlanta",json,"Cardiac Stress Test","STRESS TEST TREADMILL OR PHARM","","",outpatient,Humana,"Humana Medicare Advantage HMO",1457.0,negotiated_dollar,217.97,reliable
"Northside Hospital Atlanta",json,"Cardiac Stress Test","STRESS TEST TREADMILL OR PHARM","","",inpatient,BCBS,"BCBS PRUDT BUYER",1457.0,negotiated_dollar,1015.53,reliable
"Northside Hospital Atlanta",json,"Cardiac Stress Test","STRESS TEST TREADMILL OR PHARM","","",inpatient,"Beech Steet","Beech Street",1457.0,negotiated_dollar,1238.45,reliable
"Northside Hospital Atlanta",json,"Cardiac Stress Test","STRESS TEST TREADMILL OR PHARM","","",inpatient,CareIQ,CareIQ,1457.0,negotiated_dollar,1457.0,reliable
"Northside Hospital Atlanta",json,"Cardiac Stress Test","STRESS TEST TREADMILL OR PHARM","","",inpatient,CareSource,"CareSource MarketPlace",1457.0,negotiated_dollar,542.0,reliable
"Northside Hospital Atlanta",json,"Cardiac Stress Test","STRESS TEST TREADMILL OR PHARM","","",inpatient,"Dekalb_Department of Health","Dekalb_Department of Health",1457.0,negotiated_dollar,1457.0,reliable
"Northside Hospital Atlanta",json,"Cardiac Stress Test","STRESS TEST TREADMILL OR PHARM","","",inpatient,FIFA,FIFA,1457.0,negotiated_dollar,1457.0,reliable
"Northside Hospital Atlanta",json,"Cardiac Stress Test","STRESS TEST TREADMILL OR PHARM","","",inpatient,Coventry,"First Health and Coventry National",1457.0,negotiated_dollar,990.76,reliable
"Northside Hospital Atlanta",json,"Cardiac Stress Test","STRESS TEST TREADMILL OR PHARM","","",inpatient,"Georgia Reproductive Specialists","Georgia Reproductive Specialists (SGF)",1457.0,negotiated_dollar,582.8,reliable
"Northside Hospital Atlanta",json,"Cardiac Stress Test","STRESS TEST TREADMILL OR PHARM","","",inpatient,Multiplan,"Multiplan PPO",1457.0,negotiated_dollar,1238.45,reliable
"Northside Hospital Atlanta",json,"Cardiac Stress Test","STRESS TEST TREADMILL OR PHARM","","",inpatient,"Multiplan Workers Comp","Multiplan Workers Comp",1457.0,negotiated_dollar,1238.45,reliable
"Northside Hospital Atlanta",json,"Cardiac Stress Test","STRESS TEST TREADMILL OR PHARM","","",inpatient,NovaNet_PPO,NovaNet_PPO,1457.0,negotiated_dollar,1019.9,reliable
"Northside Hospital Atlanta",json,"Cardiac Stress Test","STRESS TEST TREADMILL OR PHARM","","",inpatient,"Quick Trip","Quick Trip",1457.0,negotiated_dollar,801.35,reliable
"Northside Hospital Atlanta",json,"Cardiac Stress Test","STRESS TEST TREADMILL OR PHARM","","",inpatient,"Rabun County BOC","Rabun County BOC",1457.0,negotiated_dollar,1457.0,reliable
"Northside Hospital Atlanta",json,"Cardiac Stress Test","STRESS TEST TREADMILL OR PHARM","","",outpatient,Kaiser,Kaiser_SF-GCS,1457.0,negotiated_dollar,947.05,reliable
"Northside Hospital Atlanta",json,"Cardiac Stress Test","STRESS TEST TREADMILL OR PHARM","","",outpatient,Kaiser,Kaiser_SF-GPG/NOAS,1457.0,negotiated_dollar,947.05,reliable
"Northside Hospital Atlanta",json,"Cardiac Stress Test","STRESS TEST TREADMILL OR PHARM","","",outpatient,Kaiser,Kaiser_SF-GYNONC,1457.0,negotiated_dollar,947.05,reliable
"Northside Hospital Atlanta",json,"Cardiac Stress Test","STRESS TEST TREADMILL OR PHARM","","",outpatient,Kaiser,Kaiser_SF-MELANOMA,1457.0,negotiated_dollar,947.05,reliable
"Northside Hospital Atlanta",json,"Cardiac Stress Test","STRESS TEST TREADMILL OR PHARM","","",outpatient,Kaiser,Kaiser_SF-NAPS/CVG/NPCPS/UPS,1457.0,negotiated_dollar,947.05,reliable
"Northside Hospital Atlanta",json,"Cardiac Stress Test","STRESS TEST TREADMILL OR PHARM","","",outpatient,Kaiser,"Kaiser_SF-THOR SURG",1457.0,negotiated_dollar,947.05,reliable
"Northside Hospital Atlanta",json,"Cardiac Stress Test","STRESS TEST TREADMILL OR PHARM","","",outpatient,Kaiser,"Kaiser_SF-VASC SURG",1457.0,negotiated_dollar,947.05,reliable
"Northside Hospital Atlanta",json,"Cardiac Stress Test","STRESS TEST TREADMILL OR PHARM","","",outpatient,"Med Care Solutions","Med Care Solutions",1457.0,negotiated_dollar,655.65,reliable
"Northside Hospital Atlanta",json,"Cardiac Stress Test","STRESS TEST TREADMILL OR PHARM","","",outpatient,"MedLien Healthcare Services","MedLien Healthcare Services",1457.0,negotiated_dollar,582.8,reliable
"Northside Hospital Atlanta",json,"Cardiac Stress Test","STRESS TEST TREADMILL OR PHARM","","",outpatient,MTI,MTI,1457.0,negotiated_dollar,62.0,reliable
"Northside Hospital Atlanta",json,"Cardiac Stress Test","STRESS TEST TREADMILL OR PHARM","","",outpatient,Multiplan,"Multiplan PPO",1457.0,negotiated_dollar,1238.45,reliable
"Northside Hospital Atlanta",json,"Cardiac Stress Test","STRESS TEST TREADMILL OR PHARM","","",outpatient,"Multiplan Workers Comp","Multiplan Workers Comp",1457.0,negotiated_dollar,1238.45,reliable
"Northside Hospital Atlanta",json,"Cardiac Stress Test","STRESS TEST TREADMILL OR PHARM","","",outpatient,"Northside Health Network","Northside Health Network",1457.0,negotiated_dollar,903.34,reliable
"Northside Hospital Atlanta",json,"Cardiac Stress Test","STRESS TEST TREADMILL OR PHARM","","",outpatient,"Northside Health Network","Northside Health Network-S",1457.0,negotiated_dollar,903.34,reliable
"Northside Hospital Atlanta",json,"Cardiac Stress Test","STRESS TEST TREADMILL OR PHARM","","",outpatient,NovaNet_PPO,NovaNet_PPO,1457.0,negotiated_dollar,1019.9,reliable
"Northside Hospital Atlanta",json,"Cardiac Stress Test","STRESS TEST TREADMILL OR PHARM","","",outpatient,"One Call Diagnostics","One Call Diagnostics",1457.0,negotiated_dollar,62.0,reliable
"Northside Hospital Atlanta",json,"Cardiac Stress Test","STRESS TEST TREADMILL OR PHARM","","",outpatient,Oscar,Oscar,1457.0,negotiated_dollar,684.79,reliable
"Northside Hospital Atlanta",json,"Cardiac Stress Test","STRESS TEST TREADMILL OR PHARM","","",outpatient,Aetna,"Aetna HMO/POS/PPO",1457.0,negotiated_dollar,990.76,reliable
"Northside Hospital Atlanta",json,"Cardiac Stress Test","STRESS TEST TREADMILL OR PHARM","","",outpatient,Aetna,"Aetna HMO/POS/PPO-G",1457.0,negotiated_dollar,990.76,reliable
"Northside Hospital Atlanta",json,"Cardiac Stress Test","STRESS TEST TREADMILL OR PHARM","","",outpatient,Aetna,"Aetna HMO/POS/PPO-Q",1457.0,negotiated_dollar,990.76,reliable
"Northside Hospital Atlanta",json,"Cardiac Stress Test","STRESS TEST TREADMILL OR PHARM","","",outpatient,Aetna,"Aetna Whole Health",1457.0,negotiated_dollar,728.5,reliable
"Northside Hospital Atlanta",json,"Cardiac Stress Test","STRESS TEST TREADMILL OR PHARM","","",outpatient,Aetna,"Aetna Whole Health-G",1457.0,negotiated_dollar,728.5,reliable
"Northside Hospital Atlanta",json,"Cardiac Stress Test","STRESS TEST TREADMILL OR PHARM","","",outpatient,Centene,"Ambetter PAR",1457.0,negotiated_dollar,684.79,reliable
"Northside Hospital Atlanta",json,"Cardiac Stress Test","STRESS TEST TREADMILL OR PHARM","","",outpatient,BCBS,"BCBS PRUDT BUYER",1457.0,negotiated_dollar,1015.53,reliable
"Northside Hospital Atlanta",json,"Cardiac Stress Test","STRESS TEST TREADMILL OR PHARM","","",outpatient,"Employers Choice Network","Employers Choice Network",1457.0,negotiated_dollar,774.92,reliable
"Northside Hospital Atlanta",json,"Cardiac Stress Test","STRESS TEST TREADMILL OR PHARM","","",outpatient,"Fieldale Farms WC","Fieldale Farms WC",1457.0,negotiated_dollar,815.71,reliable
"Northside Hospital Atlanta",json,"Cardiac Stress Test","STRESS TEST TREADMILL OR PHARM","","",outpatient,Amerigroup,"Amerigroup Medicaid",1457.0,negotiated_dollar,264.73,reliable
"Northside Hospital Atlanta",json,"Cardiac Stress Test","STRESS TEST TREADMILL OR PHARM","","",outpatient,Kaiser,"Kaiser Dual Choice PPO",1457.0,negotiated_dollar,1267.59,reliable
"Northside Hospital Atlanta",json,"Cardiac Stress Test","STRESS TEST TREADMILL OR PHARM","","",outpatient,Kaiser,"Kaiser Dual Choice PPO-AGA",1457.0,negotiated_dollar,1267.59,reliable
"Northside Hospital Atlanta",json,"Cardiac Stress Test","STRESS TEST TREADMILL OR PHARM","","",outpatient,Kaiser,"Kaiser Dual Choice PPO-BARIATRIC",1457.0,negotiated_dollar,1267.59,reliable
"Northside Hospital Atlanta",json,"Cardiac Stress Test","STRESS TEST TREADMILL OR PHARM","","",outpatient,Kaiser,"Kaiser Dual Choice PPO-GCS",1457.0,negotiated_dollar,1267.59,reliable
"Northside Hospital Atlanta",json,"Cardiac Stress Test","STRESS TEST TREADMILL OR PHARM","","",outpatient,Kaiser,"Kaiser Dual Choice PPO-GYNONC",1457.0,negotiated_dollar,1267.59,reliable
"Northside Hospital Atlanta",json,"Cardiac Stress Test","STRESS TEST TREADMILL OR PHARM","","",outpatient,Amerigroup,"Amerigroup Medicare Advantage",1457.0,negotiated_dollar,235.58,reliable
"Northside Hospital Atlanta",json,"Cardiac Stress Test","STRESS TEST TREADMILL OR PHARM","","",outpatient,"Authentic 4D","Authentic 4D",1457.0,negotiated_dollar,734.14,reliable
"Northside Hospital Atlanta",json,"Cardiac Stress Test","STRESS TEST TREADMILL OR PHARM","","",outpatient,BCBS,BCBS_HMO,1457.0,negotiated_dollar,814.46,reliable
"Northside Hospital Atlanta",json,"Cardiac Stress Test","STRESS TEST TREADMILL OR PHARM","","",outpatient,BCBS,BCBS_HMO-L,1457.0,negotiated_dollar,814.46,reliable
"Northside Hospital Atlanta",json,"Cardiac Stress Test","STRESS TEST TREADMILL OR PHARM","","",outpatient,BCBS,BCBS_PATHWAY,1457.0,negotiated_dollar,407.09,reliable
"Northside Hospital Atlanta",json,"Cardiac Stress Test","STRESS TEST TREADMILL OR PHARM","","",outpatient,Kaiser,"Kaiser Dual Choice PPO-MELANOMA",1457.0,negotiated_dollar,1267.59,reliable
"Northside Hospital Atlanta",json,"Cardiac Stress Test","STRESS TEST TREADMILL OR PHARM","","",outpatient,Kaiser,"Kaiser Dual Choice PPO-NAPS/CVG/NPCPS/UPS",1457.0,negotiated_dollar,1267.59,reliable
"Northside Hospital Atlanta",json,"Cardiac Stress Test","STRESS TEST TREADMILL OR PHARM","","",outpatient,Kaiser,"Kaiser Dual Choice PPO-THOR SURG",1457.0,negotiated_dollar,1267.59,reliable
"Northside Hospital Atlanta",json,"Cardiac Stress Test","STRESS TEST TREADMILL OR PHARM","","",outpatient,BCBS,BCBS_PATHWAY-L,1457.0,negotiated_dollar,407.09,reliable
"Northside Hospital Atlanta",json,"Cardiac Stress Test","STRESS TEST TREADMILL OR PHARM","","",outpatient,FIFA,FIFA,1457.0,negotiated_dollar,1457.0,reliable
"Northside Hospital Atlanta",json,"Cardiac Stress Test","STRESS TEST TREADMILL OR PHARM","","",outpatient,Coventry,"First Health and Coventry National",1457.0,negotiated_dollar,874.2,reliable
"Northside Hospital Atlanta",json,"Cardiac Stress Test","STRESS TEST TREADMILL OR PHARM","","",outpatient,"Genex/Priority Care Solutions","Genex/Priority Care Solutions",1457.0,negotiated_dollar,652.57,reliable
"Northside Hospital Atlanta",json,"Cardiac Stress Test","STRESS TEST TREADMILL OR PHARM","","",outpatient,BCBS,BCBS_PPO,1457.0,negotiated_dollar,968.91,reliable
"Northside Hospital Atlanta",json,"Cardiac Stress Test","STRESS TEST TREADMILL OR PHARM","","",outpatient,BCBS,BCBS_PPO-L,1457.0,negotiated_dollar,968.91,reliable
"Northside Hospital Atlanta",json,"Cardiac Stress Test","STRESS TEST TREADMILL OR PHARM","","",outpatient,"Beech Steet","Beech Street",1457.0,negotiated_dollar,1238.45,reliable
"Northside Hospital Atlanta",json,"Cardiac Stress Test","STRESS TEST TREADMILL OR PHARM","","",outpatient,BCBS,"Blue HPN",1457.0,negotiated_dollar,629.86,reliable
"Northside Hospital Atlanta",json,"Cardiac Stress Test","STRESS TEST TREADMILL OR PHARM","","",outpatient,Kaiser,"Kaiser Dual Choice PPO-VASC SURG",1457.0,negotiated_dollar,1267.59,reliable
"Northside Hospital Atlanta",json,"Cardiac Stress Test","STRESS TEST TREADMILL OR PHARM","","",outpatient,Kaiser,Kaiser_HMO,1457.0,negotiated_dollar,947.05,reliable
"Northside Hospital Atlanta",json,"Cardiac Stress Test","STRESS TEST TREADMILL OR PHARM","","",outpatient,Kaiser,Kaiser_HMO-AGA,1457.0,negotiated_dollar,947.05,reliable
"Northside Hospital Atlanta",json,"Cardiac Stress Test","STRESS TEST TREADMILL OR PHARM","","",outpatient,Kaiser,Kaiser_HMO-BARIATRIC,1457.0,negotiated_dollar,947.05,reliable
"Northside Hospital Atlanta",json,"Cardiac Stress Test","STRESS TEST TREADMILL OR PHARM","","",outpatient,Kaiser,Kaiser_HMO-GCS,1457.0,negotiated_dollar,947.05,reliable
"Northside Hospital Atlanta",json,"Cardiac Stress Test","STRESS TEST TREADMILL OR PHARM","","",outpatient,Kaiser,Kaiser_HMO-GPG/NOAS,1457.0,negotiated_dollar,947.05,reliable
"Northside Hospital Atlanta",json,"Cardiac Stress Test","STRESS TEST TREADMILL OR PHARM","","",outpatient,BCBS,"Blue HPN-L",1457.0,negotiated_dollar,629.86,reliable
"Northside Hospital Atlanta",json,"Cardiac Stress Test","STRESS TEST TREADMILL OR PHARM","","",outpatient,CareIQ,CareIQ,1457.0,negotiated_dollar,1457.0,reliable
"Northside Hospital Atlanta",json,"Cardiac Stress Test","STRESS TEST TREADMILL OR PHARM","","",outpatient,Kaiser,"Kaiser Dual Choice PPO-GPG/NOAS",1457.0,negotiated_dollar,1267.59,reliable
"Northside Hospital Atlanta",json,"Cardiac Stress Test","STRESS TEST TREADMILL OR PHARM","","",outpatient,CareSource,CareSource,1457.0,negotiated_dollar,272.67,reliable
"Northside Hospital Atlanta",json,"Cardiac Stress Test","STRESS TEST TREADMILL OR PHARM","","",outpatient,CareSource,"CareSource MarketPlace",1457.0,negotiated_dollar,542.0,reliable
"Northside Hospital Atlanta",json,"Cardiac Stress Test","STRESS TEST TREADMILL OR PHARM","","",outpatient,"CHAMPUS VA","CHAMPUS VA",1457.0,negotiated_dollar,37.17,reliable
"Northside Hospital Atlanta",json,"Cardiac Stress Test","STRESS TEST TREADMILL OR PHARM","","",outpatient,Cigna,Cigna,1457.0,negotiated_dollar,917.91,reliable
"Northside Hospital Atlanta",json,"Cardiac Stress Test","STRESS TEST TREADMILL OR PHARM","","",outpatient,Kaiser,Kaiser_HMO-GYNONC,1457.0,negotiated_dollar,947.05,reliable
"Northside Hospital Atlanta",json,"Cardiac Stress Test","STRESS TEST TREADMILL OR PHARM","","",outpatient,Kaiser,Kaiser_HMO-MELANOMA,1457.0,negotiated_dollar,947.05,reliable
"Northside Hospital Atlanta",json,"Cardiac Stress Test","STRESS TEST TREADMILL OR PHARM","","",outpatient,Kaiser,Kaiser_HMO-NAPS/CVG/NPCPS/UPS,1457.0,negotiated_dollar,947.05,reliable
"Northside Hospital Atlanta",json,"Cardiac Stress Test","STRESS TEST TREADMILL OR PHARM","","",outpatient,Kaiser,"Kaiser_HMO-VASC SURG",1457.0,negotiated_dollar,947.05,reliable
"Northside Hospital Atlanta",json,"Cardiac Stress Test","STRESS TEST TREADMILL OR PHARM","","",outpatient,Kaiser,Kaiser_SF,1457.0,negotiated_dollar,947.05,reliable
"Northside Hospital Atlanta",json,"Cardiac Stress Test","STRESS TEST TREADMILL OR PHARM","","",outpatient,Kaiser,Kaiser_SF-AGA,1457.0,negotiated_dollar,947.05,reliable
"Northside Hospital Atlanta",json,"Cardiac Stress Test","STRESS TEST TREADMILL OR PHARM","","",outpatient,Kaiser,Kaiser_SF-BARIATRIC,1457.0,negotiated_dollar,947.05,reliable
"Northside Hospital Atlanta",json,"Cardiac Stress Test","STRESS TEST TREADMILL OR PHARM","","",outpatient,Cigna,Cigna-G,1457.0,negotiated_dollar,917.91,reliable
"Northside Hospital Atlanta",json,"Cardiac Stress Test","STRESS TEST TREADMILL OR PHARM","","",outpatient,Cigna,Cigna-H,1457.0,negotiated_dollar,917.91,reliable
"Northside Hospital Atlanta",json,"Cardiac Stress Test","STRESS TEST TREADMILL OR PHARM","","",outpatient,Cigna,Cigna-L,1457.0,negotiated_dollar,917.91,reliable
"Northside Hospital Atlanta",json,"Cardiac Stress Test","STRESS TEST TREADMILL OR PHARM","","",outpatient,Cigna,"CIGNA HealthSprings Medicare Advantage",1457.0,negotiated_dollar,237.85,reliable
"Northside Hospital Atlanta",json,"Cardiac Stress Test","STRESS TEST TREADMILL OR PHARM","","",outpatient,"Corvel Workers Comp","Corvel Workers Comp",1457.0,negotiated_dollar,774.92,reliable
"Northside Hospital Atlanta",json,"Cardiac Stress Test","STRESS TEST TREADMILL OR PHARM","","",outpatient,"Dekalb_Department of Health","Dekalb_Department of Health",1457.0,negotiated_dollar,1457.0,reliable
"Northside Hospital Atlanta",json,"Cardiac Stress Test","STRESS TEST TREADMILL OR PHARM","","",outpatient,"Georgia Reproductive Specialists","Georgia Reproductive Specialists (SGF)",1457.0,negotiated_dollar,582.8,reliable
"Northside Hospital Atlanta",json,"Cardiac Stress Test","STRESS TEST TREADMILL OR PHARM","","",outpatient,"Georgia Workers Compensation","Georgia Workers Comp",1457.0,negotiated_dollar,815.71,reliable
"Northside Hospital Atlanta",json,"Cardiac Stress Test","STRESS TEST TREADMILL OR PHARM","","",outpatient,"Health One Alliance_PPO","Health One Alliance_PPO",1457.0,negotiated_dollar,801.35,reliable
"Northside Hospital Atlanta",json,"Cardiac Stress Test","STRESS TEST TREADMILL OR PHARM","","",outpatient,HomeLink,HomeLink,1457.0,negotiated_dollar,65.88,reliable
"Northside Hospital Atlanta",json,"Cardiac Stress Test","STRESS TEST TREADMILL OR PHARM","","",outpatient,"Institutional 115 Percent_Georgia Medicaid","Institutional 115 Percent_Georgia Medicaid",1457.0,negotiated_dollar,304.44,reliable
"Northside Hospital Atlanta",json,"Cardiac Stress Test","STRESS TEST TREADMILL OR PHARM","","",outpatient,"Institutional GA Medicaid","Institutional GA Medicaid",1457.0,negotiated_dollar,264.73,reliable
"Northside Hospital Atlanta",json,"Cardiac Stress Test","STRESS TEST TREADMILL OR PHARM","","",outpatient,"Institutional Marietta Surgery Center","Institutional Marietta Surgery Center",1457.0,negotiated_dollar,1457.0,reliable
"Northside Hospital Atlanta",json,"Cardiac Stress Test","STRESS TEST TREADMILL OR PHARM","","",outpatient,"Institutional Veterans Evaluation Services","Institutional Veterans Evaluation Services",1457.0,negotiated_dollar,1457.0,reliable
"Northside Hospital Atlanta",json,"Cardiac Stress Test","STRESS TEST TREADMILL OR PHARM","","",outpatient,Centene,"Peach State Medicaid",1457.0,negotiated_dollar,264.73,reliable
"Northside Hospital Atlanta",json,"Cardiac Stress Test","STRESS TEST TREADMILL OR PHARM","","",outpatient,UHC,"UHC Heritage Select",1457.0,negotiated_dollar,1030.1,reliable
"Northside Hospital Atlanta",json,"Cardiac Stress Test","STRESS TEST TREADMILL OR PHARM","","",outpatient,UHC,"UHC HMO/POS/PPO",1457.0,negotiated_dollar,904.07,reliable
"Northside Hospital Atlanta",json,"Cardiac Stress Test","STRESS TEST TREADMILL OR PHARM","","",outpatient,UHC,"UHC HMO/POS/PPO-G",1457.0,negotiated_dollar,904.07,reliable
"Northside Hospital Atlanta",json,"Cardiac Stress Test","STRESS TEST TREADMILL OR PHARM","","",outpatient,UHC,"UHC HMO/POS/PPO-T",1457.0,negotiated_dollar,904.07,reliable
"Northside Hospital Atlanta",json,"Cardiac Stress Test","STRESS TEST TREADMILL OR PHARM","","",outpatient,Centene,"Peach State Medicare",1457.0,negotiated_dollar,298.21,reliable
"Northside Hospital Atlanta",json,"Cardiac Stress Test","STRESS TEST TREADMILL OR PHARM","","",outpatient,PHCS,PHCS,1457.0,negotiated_dollar,1092.75,reliable
"Northside Hospital Atlanta",json,"Cardiac Stress Test","STRESS TEST TREADMILL OR PHARM","","",outpatient,"Quick Trip","Quick Trip",1457.0,negotiated_dollar,801.35,reliable
"Northside Hospital Atlanta",json,"Cardiac Stress Test","STRESS TEST TREADMILL OR PHARM","","",outpatient,"Rabun County BOC","Rabun County BOC",1457.0,negotiated_dollar,1457.0,reliable
"Northside Hospital Atlanta",json,"Cardiac Stress Test","STRESS TEST TREADMILL OR PHARM","","",outpatient,Spreemo,Spreemo,1457.0,negotiated_dollar,652.57,reliable
"Northside Hospital Atlanta",json,"Cardiac Stress Test","STRESS TEST TREADMILL OR PHARM","","",outpatient,"Streamline Imaging","Streamline Imaging",1457.0,negotiated_dollar,734.14,reliable
"Northside Hospital Atlanta",json,"Cardiac Stress Test","STRESS TEST TREADMILL OR PHARM","","",outpatient,Tricare,Tricare,1457.0,negotiated_dollar,219.32,reliable
"Northside Hospital Atlanta",json,"Cardiac Stress Test","STRESS TEST TREADMILL OR PHARM","","",outpatient,"Truths Community","Truths Community",1457.0,negotiated_dollar,312.0,reliable
"Northside Hospital Atlanta",json,"Cardiac Stress Test","STRESS TEST TREADMILL OR PHARM","","",outpatient,UHC,"UHC GA Individual Exchange",1457.0,negotiated_dollar,767.84,reliable
"Northside Hospital Atlanta",json,"Cardiac Stress Test","STRESS TEST EXERCISE  /OR PHARM","","",outpatient,Wellcare,"Wellcare Medicare Advantage",1457.0,negotiated_dollar,222.28,reliable
"Northside Hospital Atlanta",json,"Cardiac Stress Test","STRESS TEST EXERCISE  /OR PHARM","","",outpatient,Aetna,"Aetna Medicare",1457.0,negotiated_dollar,220.13,reliable
"Northside Hospital Atlanta",json,"Cardiac Stress Test","STRESS TEST EXERCISE  /OR PHARM","","",outpatient,BCBS,"BCBS Medicare Advantage",1457.0,negotiated_dollar,215.81,reliable
"Northside Hospital Atlanta",json,"Cardiac Stress Test","STRESS TEST EXERCISE  /OR PHARM","","",outpatient,Medicare,Medicare,1457.0,negotiated_dollar,215.81,reliable
"Northside Hospital Atlanta",json,"Cardiac Stress Test","STRESS TEST EXERCISE  /OR PHARM","","",outpatient,"CLEAR SPRINGS EON HEALTH","CLEAR SPRINGS EON HEALTH",1457.0,negotiated_dollar,215.81,reliable
"Northside Hospital Atlanta",json,"Cardiac Stress Test","STRESS TEST EXERCISE  /OR PHARM","","",outpatient,"VA CCN","VA CCN",1457.0,negotiated_dollar,215.81,reliable
"Northside Hospital Atlanta",json,"Cardiac Stress Test","STRESS TEST EXERCISE  /OR PHARM","","",outpatient,"Pruitt Health Premier","Pruitt Health Premier",1457.0,negotiated_dollar,226.6,reliable
"Northside Hospital Atlanta",json,"Cardiac Stress Test","STRESS TEST EXERCISE  /OR PHARM","","",outpatient,UHC,"UHC Medicare",1457.0,negotiated_dollar,215.81,reliable
"Northside Hospital Atlanta",json,"Cardiac Stress Test","STRESS TEST EXERCISE  /OR PHARM","","",outpatient,"US Dept of Labor WC","US Dept of Labor WC",1457.0,negotiated_dollar,274.15,reliable
"Northside Hospital Atlanta",json,"Cardiac Stress Test","STRESS TEST EXERCISE  /OR PHARM","","",outpatient,BCBS,"BCBS Medicare Advantage-P",1457.0,negotiated_dollar,215.81,reliable
"Northside Hospital Atlanta",json,"Cardiac Stress Test","STRESS TEST EXERCISE  /OR PHARM","","",outpatient,BCCP,BCCP,1457.0,negotiated_dollar,219.32,reliable
"Northside Hospital Atlanta",json,"Cardiac Stress Test","STRESS TEST EXERCISE  /OR PHARM","","",outpatient,CareSource,"CareSource Medicare Advantage",1457.0,negotiated_dollar,222.28,reliable
"Northside Hospital Atlanta",json,"Cardiac Stress Test","STRESS TEST EXERCISE  /OR PHARM","","",outpatient,CBWW,CBWW,1457.0,negotiated_dollar,219.32,reliable
"Northside Hospital Atlanta",json,"Cardiac Stress Test","STRESS TEST EXERCISE  /OR PHARM","","",outpatient,"Clover Health","Clover Health",1457.0,negotiated_dollar,226.56,reliable
"Northside Hospital Atlanta",json,"Cardiac Stress Test","STRESS TEST EXERCISE  /OR PHARM","","",outpatient,Coventry,"Coventry Medicare",1457.0,negotiated_dollar,220.13,reliable
"Northside Hospital Atlanta",json,"Cardiac Stress Test","STRESS TEST EXERCISE  /OR PHARM","","",outpatient,"Devoted Medicare Advantage","Devoted Medicare Advantage",1457.0,negotiated_dollar,226.6,reliable
"Northside Hospital Atlanta",json,"Cardiac Stress Test","STRESS TEST EXERCISE  /OR PHARM","","",outpatient,"Fairly Group","Fairly Group",1457.0,negotiated_dollar,248.05,reliable
"Northside Hospital Atlanta",json,"Cardiac Stress Test","STRESS TEST EXERCISE  /OR PHARM","","",outpatient,Humana,"Humana Medicare Advantage HMO",1457.0,negotiated_dollar,217.97,reliable
"Northside Hospital Atlanta",json,"Cardiac Stress Test","STRESS TEST EXERCISE  /OR PHARM","","",outpatient,Humana,"Humana Medicare Advantage PPO",1457.0,negotiated_dollar,224.44,reliable
"Northside Hospital Atlanta",json,"Cardiac Stress Test","STRESS TEST EXERCISE  /OR PHARM","","",outpatient,"Institutional 100 Percent of Medicare","Institutional 100 Percent of Medicare",1457.0,negotiated_dollar,215.81,reliable
"Northside Hospital Atlanta",json,"Cardiac Stress Test","STRESS TEST EXERCISE  /OR PHARM","","",outpatient,"Institutional 110 Percent of Medicare","Institutional 110 Percent of Medicare",1457.0,negotiated_dollar,241.25,reliable
"Northside Hospital Atlanta",json,"Cardiac Stress Test","STRESS TEST EXERCISE  /OR PHARM","","",outpatient,"Institutional 120 Percent of Medicare","Institutional 120 Percent of Medicare",1457.0,negotiated_dollar,263.18,reliable
"Northside Hospital Atlanta",json,"Cardiac Stress Test","STRESS TEST EXERCISE  /OR PHARM","","",outpatient,Kaiser,"Kaiser Medicare Advantage",1457.0,negotiated_dollar,222.28,reliable
"Northside Hospital Atlanta",json,"Cardiac Stress Test","STRESS TEST EXERCISE  /OR PHARM","","",inpatient,Coventry,"First Health and Coventry National",1457.0,negotiated_dollar,990.76,reliable
"Northside Hospital Atlanta",json,"Cardiac Stress Test","STRESS TEST EXERCISE  /OR PHARM","","",inpatient,"Georgia Reproductive Specialists","Georgia Reproductive Specialists (SGF)",1457.0,negotiated_dollar,582.8,reliable
"Northside Hospital Atlanta",json,"Cardiac Stress Test","STRESS TEST EXERCISE  /OR PHARM","","",inpatient,Multiplan,"Multiplan PPO",1457.0,negotiated_dollar,1238.45,reliable
"Northside Hospital Atlanta",json,"Cardiac Stress Test","STRESS TEST EXERCISE  /OR PHARM","","",inpatient,"Multiplan Workers Comp","Multiplan Workers Comp",1457.0,negotiated_dollar,1238.45,reliable
"Northside Hospital Atlanta",json,"Cardiac Stress Test","STRESS TEST EXERCISE  /OR PHARM","","",inpatient,NovaNet_PPO,NovaNet_PPO,1457.0,negotiated_dollar,1019.9,reliable
"Northside Hospital Atlanta",json,"Cardiac Stress Test","STRESS TEST EXERCISE  /OR PHARM","","",inpatient,"Quick Trip","Quick Trip",1457.0,negotiated_dollar,801.35,reliable
"Northside Hospital Atlanta",json,"Cardiac Stress Test","STRESS TEST EXERCISE  /OR PHARM","","",inpatient,"Rabun County BOC","Rabun County BOC",1457.0,negotiated_dollar,1457.0,reliable
"Northside Hospital Atlanta",json,"Cardiac Stress Test","STRESS TEST EXERCISE  /OR PHARM","","",inpatient,BCBS,"BCBS PRUDT BUYER",1457.0,negotiated_dollar,1015.53,reliable
"Northside Hospital Atlanta",json,"Cardiac Stress Test","STRESS TEST EXERCISE  /OR PHARM","","",inpatient,"Beech Steet","Beech Street",1457.0,negotiated_dollar,1238.45,reliable
"Northside Hospital Atlanta",json,"Cardiac Stress Test","STRESS TEST EXERCISE  /OR PHARM","","",inpatient,CareIQ,CareIQ,1457.0,negotiated_dollar,1457.0,reliable
"Northside Hospital Atlanta",json,"Cardiac Stress Test","STRESS TEST EXERCISE  /OR PHARM","","",inpatient,CareSource,"CareSource MarketPlace",1457.0,negotiated_dollar,542.0,reliable
"Northside Hospital Atlanta",json,"Cardiac Stress Test","STRESS TEST EXERCISE  /OR PHARM","","",inpatient,"Dekalb_Department of Health","Dekalb_Department of Health",1457.0,negotiated_dollar,1457.0,reliable
"Northside Hospital Atlanta",json,"Cardiac Stress Test","STRESS TEST EXERCISE  /OR PHARM","","",inpatient,FIFA,FIFA,1457.0,negotiated_dollar,1457.0,reliable
"Northside Hospital Atlanta",json,"Cardiac Stress Test","STRESS TEST EXERCISE  /OR PHARM","","",outpatient,Aetna,"Aetna HMO/POS/PPO",1457.0,negotiated_dollar,990.76,reliable
"Northside Hospital Atlanta",json,"Cardiac Stress Test","STRESS TEST EXERCISE  /OR PHARM","","",outpatient,Aetna,"Aetna HMO/POS/PPO-G",1457.0,negotiated_dollar,990.76,reliable
"Northside Hospital Atlanta",json,"Cardiac Stress Test","STRESS TEST EXERCISE  /OR PHARM","","",outpatient,Aetna,"Aetna HMO/POS/PPO-Q",1457.0,negotiated_dollar,990.76,reliable
"Northside Hospital Atlanta",json,"Cardiac Stress Test","STRESS TEST EXERCISE  /OR PHARM","","",outpatient,Aetna,"Aetna Whole Health",1457.0,negotiated_dollar,728.5,reliable
"Northside Hospital Atlanta",json,"Cardiac Stress Test","STRESS TEST EXERCISE  /OR PHARM","","",outpatient,Aetna,"Aetna Whole Health-G",1457.0,negotiated_dollar,728.5,reliable
"Northside Hospital Atlanta",json,"Cardiac Stress Test","STRESS TEST EXERCISE  /OR PHARM","","",outpatient,Centene,"Ambetter PAR",1457.0,negotiated_dollar,684.79,reliable
"Northside Hospital Atlanta",json,"Cardiac Stress Test","STRESS TEST EXERCISE  /OR PHARM","","",outpatient,"Med Care Solutions","Med Care Solutions",1457.0,negotiated_dollar,655.65,reliable
"Northside Hospital Atlanta",json,"Cardiac Stress Test","STRESS TEST EXERCISE  /OR PHARM","","",outpatient,"MedLien Healthcare Services","MedLien Healthcare Services",1457.0,negotiated_dollar,582.8,reliable
"Northside Hospital Atlanta",json,"Cardiac Stress Test","STRESS TEST EXERCISE  /OR PHARM","","",outpatient,MTI,MTI,1457.0,negotiated_dollar,62.0,reliable
"Northside Hospital Atlanta",json,"Cardiac Stress Test","STRESS TEST EXERCISE  /OR PHARM","","",outpatient,Multiplan,"Multiplan PPO",1457.0,negotiated_dollar,1238.45,reliable
"Northside Hospital Atlanta",json,"Cardiac Stress Test","STRESS TEST EXERCISE  /OR PHARM","","",outpatient,"Multiplan Workers Comp","Multiplan Workers Comp",1457.0,negotiated_dollar,1238.45,reliable
"Northside Hospital Atlanta",json,"Cardiac Stress Test","STRESS TEST EXERCISE  /OR PHARM","","",outpatient,"Northside Health Network","Northside Health Network",1457.0,negotiated_dollar,903.34,reliable
"Northside Hospital Atlanta",json,"Cardiac Stress Test","STRESS TEST EXERCISE  /OR PHARM","","",outpatient,"Northside Health Network","Northside Health Network-S",1457.0,negotiated_dollar,903.34,reliable
"Northside Hospital Atlanta",json,"Cardiac Stress Test","STRESS TEST EXERCISE  /OR PHARM","","",outpatient,Amerigroup,"Amerigroup Medicaid",1457.0,negotiated_dollar,264.73,reliable
"Northside Hospital Atlanta",json,"Cardiac Stress Test","STRESS TEST EXERCISE  /OR PHARM","","",outpatient,"Georgia Workers Compensation","Georgia Workers Comp",1457.0,negotiated_dollar,815.71,reliable
"Northside Hospital Atlanta",json,"Cardiac Stress Test","STRESS TEST EXERCISE  /OR PHARM","","",outpatient,"Health One Alliance_PPO","Health One Alliance_PPO",1457.0,negotiated_dollar,801.35,reliable
"Northside Hospital Atlanta",json,"Cardiac Stress Test","STRESS TEST EXERCISE  /OR PHARM","","",outpatient,HomeLink,HomeLink,1457.0,negotiated_dollar,65.88,reliable
"Northside Hospital Atlanta",json,"Cardiac Stress Test","STRESS TEST EXERCISE  /OR PHARM","","",outpatient,Amerigroup,"Amerigroup Medicare Advantage",1457.0,negotiated_dollar,235.58,reliable
"Northside Hospital Atlanta",json,"Cardiac Stress Test","STRESS TEST EXERCISE  /OR PHARM","","",outpatient,"Authentic 4D","Authentic 4D",1457.0,negotiated_dollar,734.14,reliable
"Northside Hospital Atlanta",json,"Cardiac Stress Test","STRESS TEST EXERCISE  /OR PHARM","","",outpatient,BCBS,"BCBS PRUDT BUYER",1457.0,negotiated_dollar,1015.53,reliable
"Northside Hospital Atlanta",json,"Cardiac Stress Test","STRESS TEST EXERCISE  /OR PHARM","","",outpatient,BCBS,BCBS_HMO,1457.0,negotiated_dollar,814.46,reliable
"Northside Hospital Atlanta",json,"Cardiac Stress Test","STRESS TEST EXERCISE  /OR PHARM","","",outpatient,BCBS,BCBS_HMO-L,1457.0,negotiated_dollar,814.46,reliable
"Northside Hospital Atlanta",json,"Cardiac Stress Test","STRESS TEST EXERCISE  /OR PHARM","","",outpatient,Kaiser,"Kaiser Dual Choice PPO-THOR SURG",1457.0,negotiated_dollar,1267.59,reliable
"Northside Hospital Atlanta",json,"Cardiac Stress Test","STRESS TEST EXERCISE  /OR PHARM","","",outpatient,Kaiser,"Kaiser Dual Choice PPO-VASC SURG",1457.0,negotiated_dollar,1267.59,reliable
"Northside Hospital Atlanta",json,"Cardiac Stress Test","STRESS TEST EXERCISE  /OR PHARM","","",outpatient,Kaiser,Kaiser_HMO,1457.0,negotiated_dollar,947.05,reliable
"Northside Hospital Atlanta",json,"Cardiac Stress Test","STRESS TEST EXERCISE  /OR PHARM","","",outpatient,BCBS,BCBS_PATHWAY,1457.0,negotiated_dollar,407.09,reliable
"Northside Hospital Atlanta",json,"Cardiac Stress Test","STRESS TEST EXERCISE  /OR PHARM","","",outpatient,BCBS,BCBS_PATHWAY-L,1457.0,negotiated_dollar,407.09,reliable
"Northside Hospital Atlanta",json,"Cardiac Stress Test","STRESS TEST EXERCISE  /OR PHARM","","",outpatient,NovaNet_PPO,NovaNet_PPO,1457.0,negotiated_dollar,1019.9,reliable
"Northside Hospital Atlanta",json,"Cardiac Stress Test","STRESS TEST EXERCISE  /OR PHARM","","",outpatient,"One Call Diagnostics","One Call Diagnostics",1457.0,negotiated_dollar,62.0,reliable
"Northside Hospital Atlanta",json,"Cardiac Stress Test","STRESS TEST EXERCISE  /OR PHARM","","",outpatient,Oscar,Oscar,1457.0,negotiated_dollar,684.79,reliable
"Northside Hospital Atlanta",json,"Cardiac Stress Test","STRESS TEST EXERCISE  /OR PHARM","","",outpatient,BCBS,BCBS_PPO,1457.0,negotiated_dollar,968.91,reliable
"Northside Hospital Atlanta",json,"Cardiac Stress Test","STRESS TEST EXERCISE  /OR PHARM","","",outpatient,BCBS,BCBS_PPO-L,1457.0,negotiated_dollar,968.91,reliable
"Northside Hospital Atlanta",json,"Cardiac Stress Test","STRESS TEST EXERCISE  /OR PHARM","","",outpatient,"Beech Steet","Beech Street",1457.0,negotiated_dollar,1238.45,reliable
"Northside Hospital Atlanta",json,"Cardiac Stress Test","STRESS TEST EXERCISE  /OR PHARM","","",outpatient,Kaiser,Kaiser_HMO-AGA,1457.0,negotiated_dollar,947.05,reliable
"Northside Hospital Atlanta",json,"Cardiac Stress Test","STRESS TEST EXERCISE  /OR PHARM","","",outpatient,Kaiser,Kaiser_HMO-BARIATRIC,1457.0,negotiated_dollar,947.05,reliable
"Northside Hospital Atlanta",json,"Cardiac Stress Test","STRESS TEST EXERCISE  /OR PHARM","","",outpatient,BCBS,"Blue HPN",1457.0,negotiated_dollar,629.86,reliable
"Northside Hospital Atlanta",json,"Cardiac Stress Test","STRESS TEST EXERCISE  /OR PHARM","","",outpatient,BCBS,"Blue HPN-L",1457.0,negotiated_dollar,629.86,reliable
"Northside Hospital Atlanta",json,"Cardiac Stress Test","STRESS TEST EXERCISE  /OR PHARM","","",outpatient,CareIQ,CareIQ,1457.0,negotiated_dollar,1457.0,reliable
"Northside Hospital Atlanta",json,"Cardiac Stress Test","STRESS TEST EXERCISE  /OR PHARM","","",outpatient,"Fieldale Farms WC","Fieldale Farms WC",1457.0,negotiated_dollar,815.71,reliable
"Northside Hospital Atlanta",json,"Cardiac Stress Test","STRESS TEST EXERCISE  /OR PHARM","","",outpatient,FIFA,FIFA,1457.0,negotiated_dollar,1457.0,reliable
"Northside Hospital Atlanta",json,"Cardiac Stress Test","STRESS TEST EXERCISE  /OR PHARM","","",outpatient,Coventry,"First Health and Coventry National",1457.0,negotiated_dollar,874.2,reliable
"Northside Hospital Atlanta",json,"Cardiac Stress Test","STRESS TEST EXERCISE  /OR PHARM","","",outpatient,"Genex/Priority Care Solutions","Genex/Priority Care Solutions",1457.0,negotiated_dollar,652.57,reliable
"Northside Hospital Atlanta",json,"Cardiac Stress Test","STRESS TEST EXERCISE  /OR PHARM","","",outpatient,"Georgia Reproductive Specialists","Georgia Reproductive Specialists (SGF)",1457.0,negotiated_dollar,582.8,reliable
"Northside Hospital Atlanta",json,"Cardiac Stress Test","STRESS TEST EXERCISE  /OR PHARM","","",outpatient,CareSource,CareSource,1457.0,negotiated_dollar,272.67,reliable
"Northside Hospital Atlanta",json,"Cardiac Stress Test","STRESS TEST EXERCISE  /OR PHARM","","",outpatient,CareSource,"CareSource MarketPlace",1457.0,negotiated_dollar,542.0,reliable
"Northside Hospital Atlanta",json,"Cardiac Stress Test","STRESS TEST EXERCISE  /OR PHARM","","",outpatient,"CHAMPUS VA","CHAMPUS VA",1457.0,negotiated_dollar,37.17,reliable
"Northside Hospital Atlanta",json,"Cardiac Stress Test","STRESS TEST EXERCISE  /OR PHARM","","",outpatient,Kaiser,Kaiser_HMO-GCS,1457.0,negotiated_dollar,947.05,reliable
"Northside Hospital Atlanta",json,"Cardiac Stress Test","STRESS TEST EXERCISE  /OR PHARM","","",outpatient,Kaiser,Kaiser_HMO-GPG/NOAS,1457.0,negotiated_dollar,947.05,reliable
"Northside Hospital Atlanta",json,"Cardiac Stress Test","STRESS TEST EXERCISE  /OR PHARM","","",outpatient,Kaiser,Kaiser_HMO-GYNONC,1457.0,negotiated_dollar,947.05,reliable
"Northside Hospital Atlanta",json,"Cardiac Stress Test","STRESS TEST EXERCISE  /OR PHARM","","",outpatient,Cigna,Cigna,1457.0,negotiated_dollar,917.91,reliable
"Northside Hospital Atlanta",json,"Cardiac Stress Test","STRESS TEST EXERCISE  /OR PHARM","","",outpatient,Cigna,Cigna-G,1457.0,negotiated_dollar,917.91,reliable
"Northside Hospital Atlanta",json,"Cardiac Stress Test","STRESS TEST EXERCISE  /OR PHARM","","",outpatient,Cigna,Cigna-H,1457.0,negotiated_dollar,917.91,reliable
"Northside Hospital Atlanta",json,"Cardiac Stress Test","STRESS TEST EXERCISE  /OR PHARM","","",outpatient,Kaiser,Kaiser_HMO-MELANOMA,1457.0,negotiated_dollar,947.05,reliable
"Northside Hospital Atlanta",json,"Cardiac Stress Test","STRESS TEST EXERCISE  /OR PHARM","","",outpatient,Kaiser,Kaiser_HMO-NAPS/CVG/NPCPS/UPS,1457.0,negotiated_dollar,947.05,reliable
"Northside Hospital Atlanta",json,"Cardiac Stress Test","STRESS TEST EXERCISE  /OR PHARM","","",outpatient,Kaiser,"Kaiser_HMO-VASC SURG",1457.0,negotiated_dollar,947.05,reliable
"Northside Hospital Atlanta",json,"Cardiac Stress Test","STRESS TEST EXERCISE  /OR PHARM","","",outpatient,Cigna,Cigna-L,1457.0,negotiated_dollar,917.91,reliable
"Northside Hospital Atlanta",json,"Cardiac Stress Test","STRESS TEST EXERCISE  /OR PHARM","","",outpatient,Cigna,"CIGNA HealthSprings Medicare Advantage",1457.0,negotiated_dollar,237.85,reliable
"Northside Hospital Atlanta",json,"Cardiac Stress Test","STRESS TEST EXERCISE  /OR PHARM","","",outpatient,"Corvel Workers Comp","Corvel Workers Comp",1457.0,negotiated_dollar,774.92,reliable
"Northside Hospital Atlanta",json,"Cardiac Stress Test","STRESS TEST EXERCISE  /OR PHARM","","",outpatient,"Dekalb_Department of Health","Dekalb_Department of Health",1457.0,negotiated_dollar,1457.0,reliable
"Northside Hospital Atlanta",json,"Cardiac Stress Test","STRESS TEST EXERCISE  /OR PHARM","","",outpatient,"Employers Choice Network","Employers Choice Network",1457.0,negotiated_dollar,774.92,reliable
"Northside Hospital Atlanta",json,"Cardiac Stress Test","STRESS TEST EXERCISE  /OR PHARM","","",outpatient,"Institutional 115 Percent_Georgia Medicaid","Institutional 115 Percent_Georgia Medicaid",1457.0,negotiated_dollar,304.44,reliable
"Northside Hospital Atlanta",json,"Cardiac Stress Test","STRESS TEST EXERCISE  /OR PHARM","","",outpatient,"Institutional GA Medicaid","Institutional GA Medicaid",1457.0,negotiated_dollar,264.73,reliable
"Northside Hospital Atlanta",json,"Cardiac Stress Test","STRESS TEST EXERCISE  /OR PHARM","","",outpatient,"Institutional Marietta Surgery Center","Institutional Marietta Surgery Center",1457.0,negotiated_dollar,1457.0,reliable
"Northside Hospital Atlanta",json,"Cardiac Stress Test","STRESS TEST EXERCISE  /OR PHARM","","",outpatient,"Institutional Veterans Evaluation Services","Institutional Veterans Evaluation Services",1457.0,negotiated_dollar,1457.0,reliable
"Northside Hospital Atlanta",json,"Cardiac Stress Test","STRESS TEST EXERCISE  /OR PHARM","","",outpatient,Kaiser,"Kaiser Dual Choice PPO",1457.0,negotiated_dollar,1267.59,reliable
"Northside Hospital Atlanta",json,"Cardiac Stress Test","STRESS TEST EXERCISE  /OR PHARM","","",outpatient,Kaiser,"Kaiser Dual Choice PPO-AGA",1457.0,negotiated_dollar,1267.59,reliable
"Northside Hospital Atlanta",json,"Cardiac Stress Test","STRESS TEST EXERCISE  /OR PHARM","","",outpatient,Kaiser,"Kaiser Dual Choice PPO-BARIATRIC",1457.0,negotiated_dollar,1267.59,reliable
"Northside Hospital Atlanta",json,"Cardiac Stress Test","STRESS TEST EXERCISE  /OR PHARM","","",outpatient,Kaiser,"Kaiser Dual Choice PPO-GCS",1457.0,negotiated_dollar,1267.59,reliable
"Northside Hospital Atlanta",json,"Cardiac Stress Test","STRESS TEST EXERCISE  /OR PHARM","","",outpatient,Kaiser,"Kaiser Dual Choice PPO-GPG/NOAS",1457.0,negotiated_dollar,1267.59,reliable
"Northside Hospital Atlanta",json,"Cardiac Stress Test","STRESS TEST EXERCISE  /OR PHARM","","",outpatient,Kaiser,"Kaiser Dual Choice PPO-GYNONC",1457.0,negotiated_dollar,1267.59,reliable
"Northside Hospital Atlanta",json,"Cardiac Stress Test","STRESS TEST EXERCISE  /OR PHARM","","",outpatient,Kaiser,"Kaiser Dual Choice PPO-MELANOMA",1457.0,negotiated_dollar,1267.59,reliable
"Northside Hospital Atlanta",json,"Cardiac Stress Test","STRESS TEST EXERCISE  /OR PHARM","","",outpatient,Kaiser,"Kaiser Dual Choice PPO-NAPS/CVG/NPCPS/UPS",1457.0,negotiated_dollar,1267.59,reliable
"Northside Hospital Atlanta",json,"Cardiac Stress Test","STRESS TEST EXERCISE  /OR PHARM","","",outpatient,Kaiser,Kaiser_SF,1457.0,negotiated_dollar,947.05,reliable
"Northside Hospital Atlanta",json,"Cardiac Stress Test","STRESS TEST EXERCISE  /OR PHARM","","",outpatient,Kaiser,Kaiser_SF-AGA,1457.0,negotiated_dollar,947.05,reliable
"Northside Hospital Atlanta",json,"Cardiac Stress Test","STRESS TEST EXERCISE  /OR PHARM","","",outpatient,Kaiser,Kaiser_SF-BARIATRIC,1457.0,negotiated_dollar,947.05,reliable
"Northside Hospital Atlanta",json,"Cardiac Stress Test","STRESS TEST EXERCISE  /OR PHARM","","",outpatient,Kaiser,Kaiser_SF-GCS,1457.0,negotiated_dollar,947.05,reliable
"Northside Hospital Atlanta",json,"Cardiac Stress Test","STRESS TEST EXERCISE  /OR PHARM","","",outpatient,Kaiser,Kaiser_SF-GPG/NOAS,1457.0,negotiated_dollar,947.05,reliable
"Northside Hospital Atlanta",json,"Cardiac Stress Test","STRESS TEST EXERCISE  /OR PHARM","","",outpatient,Kaiser,Kaiser_SF-GYNONC,1457.0,negotiated_dollar,947.05,reliable
"Northside Hospital Atlanta",json,"Cardiac Stress Test","STRESS TEST EXERCISE  /OR PHARM","","",outpatient,Kaiser,Kaiser_SF-MELANOMA,1457.0,negotiated_dollar,947.05,reliable
"Northside Hospital Atlanta",json,"Cardiac Stress Test","STRESS TEST EXERCISE  /OR PHARM","","",outpatient,Kaiser,Kaiser_SF-NAPS/CVG/NPCPS/UPS,1457.0,negotiated_dollar,947.05,reliable
"Northside Hospital Atlanta",json,"Cardiac Stress Test","STRESS TEST EXERCISE  /OR PHARM","","",outpatient,Kaiser,"Kaiser_SF-THOR SURG",1457.0,negotiated_dollar,947.05,reliable
"Northside Hospital Atlanta",json,"Cardiac Stress Test","STRESS TEST EXERCISE  /OR PHARM","","",outpatient,Kaiser,"Kaiser_SF-VASC SURG",1457.0,negotiated_dollar,947.05,reliable
"Northside Hospital Atlanta",json,"Cardiac Stress Test","STRESS TEST EXERCISE  /OR PHARM","","",outpatient,"Truths Community","Truths Community",1457.0,negotiated_dollar,312.0,reliable
"Northside Hospital Atlanta",json,"Cardiac Stress Test","STRESS TEST EXERCISE  /OR PHARM","","",outpatient,UHC,"UHC GA Individual Exchange",1457.0,negotiated_dollar,767.84,reliable
"Northside Hospital Atlanta",json,"Cardiac Stress Test","STRESS TEST EXERCISE  /OR PHARM","","",outpatient,UHC,"UHC Heritage Select",1457.0,negotiated_dollar,1030.1,reliable
"Northside Hospital Atlanta",json,"Cardiac Stress Test","STRESS TEST EXERCISE  /OR PHARM","","",outpatient,UHC,"UHC HMO/POS/PPO",1457.0,negotiated_dollar,904.07,reliable
"Northside Hospital Atlanta",json,"Cardiac Stress Test","STRESS TEST EXERCISE  /OR PHARM","","",outpatient,UHC,"UHC HMO/POS/PPO-G",1457.0,negotiated_dollar,904.07,reliable
"Northside Hospital Atlanta",json,"Cardiac Stress Test","STRESS TEST EXERCISE  /OR PHARM","","",outpatient,UHC,"UHC HMO/POS/PPO-T",1457.0,negotiated_dollar,904.07,reliable
"Northside Hospital Atlanta",json,"Cardiac Stress Test","STRESS TEST EXERCISE  /OR PHARM","","",outpatient,Centene,"Peach State Medicaid",1457.0,negotiated_dollar,264.73,reliable
"Northside Hospital Atlanta",json,"Cardiac Stress Test","STRESS TEST EXERCISE  /OR PHARM","","",outpatient,Centene,"Peach State Medicare",1457.0,negotiated_dollar,298.21,reliable
"Northside Hospital Atlanta",json,"Cardiac Stress Test","STRESS TEST EXERCISE  /OR PHARM","","",outpatient,PHCS,PHCS,1457.0,negotiated_dollar,1092.75,reliable
"Northside Hospital Atlanta",json,"Cardiac Stress Test","STRESS TEST EXERCISE  /OR PHARM","","",outpatient,"Quick Trip","Quick Trip",1457.0,negotiated_dollar,801.35,reliable
"Northside Hospital Atlanta",json,"Cardiac Stress Test","STRESS TEST EXERCISE  /OR PHARM","","",outpatient,"Rabun County BOC","Rabun County BOC",1457.0,negotiated_dollar,1457.0,reliable
"Northside Hospital Atlanta",json,"Cardiac Stress Test","STRESS TEST EXERCISE  /OR PHARM","","",outpatient,Spreemo,Spreemo,1457.0,negotiated_dollar,652.57,reliable
"Northside Hospital Atlanta",json,"Cardiac Stress Test","STRESS TEST EXERCISE  /OR PHARM","","",outpatient,"Streamline Imaging","Streamline Imaging",1457.0,negotiated_dollar,734.14,reliable
"Northside Hospital Atlanta",json,"Cardiac Stress Test","STRESS TEST EXERCISE  /OR PHARM","","",outpatient,Tricare,Tricare,1457.0,negotiated_dollar,219.32,reliable
"Northside Hospital Atlanta",json,"Cardiac Stress Test","STRESS TEST EXERCISE  /OR RX","","",outpatient,"US Dept of Labor WC","US Dept of Labor WC",1457.0,negotiated_dollar,274.15,reliable
"Northside Hospital Atlanta",json,"Cardiac Stress Test","STRESS TEST EXERCISE  /OR RX","","",outpatient,Wellcare,"Wellcare Medicare Advantage",1457.0,negotiated_dollar,222.28,reliable
"Northside Hospital Atlanta",json,"Cardiac Stress Test","STRESS TEST EXERCISE  /OR RX","","",outpatient,"Pruitt Health Premier","Pruitt Health Premier",1457.0,negotiated_dollar,226.6,reliable
"Northside Hospital Atlanta",json,"Cardiac Stress Test","STRESS TEST EXERCISE  /OR RX","","",outpatient,Aetna,"Aetna Medicare",1457.0,negotiated_dollar,220.13,reliable
"Northside Hospital Atlanta",json,"Cardiac Stress Test","STRESS TEST EXERCISE  /OR RX","","",outpatient,BCBS,"BCBS Medicare Advantage",1457.0,negotiated_dollar,215.81,reliable
"Northside Hospital Atlanta",json,"Cardiac Stress Test","STRESS TEST EXERCISE  /OR RX","","",outpatient,BCBS,"BCBS Medicare Advantage-P",1457.0,negotiated_dollar,215.81,reliable
"Northside Hospital Atlanta",json,"Cardiac Stress Test","STRESS TEST EXERCISE  /OR RX","","",outpatient,BCCP,BCCP,1457.0,negotiated_dollar,219.32,reliable
"Northside Hospital Atlanta",json,"Cardiac Stress Test","STRESS TEST EXERCISE  /OR RX","","",outpatient,CareSource,"CareSource Medicare Advantage",1457.0,negotiated_dollar,222.28,reliable
"Northside Hospital Atlanta",json,"Cardiac Stress Test","STRESS TEST EXERCISE  /OR RX","","",outpatient,CBWW,CBWW,1457.0,negotiated_dollar,219.32,reliable
"Northside Hospital Atlanta",json,"Cardiac Stress Test","STRESS TEST EXERCISE  /OR RX","","",outpatient,"Clover Health","Clover Health",1457.0,negotiated_dollar,226.56,reliable
"Northside Hospital Atlanta",json,"Cardiac Stress Test","STRESS TEST EXERCISE  /OR RX","","",outpatient,Coventry,"Coventry Medicare",1457.0,negotiated_dollar,220.13,reliable
"Northside Hospital Atlanta",json,"Cardiac Stress Test","STRESS TEST EXERCISE  /OR RX","","",outpatient,"Devoted Medicare Advantage","Devoted Medicare Advantage",1457.0,negotiated_dollar,226.6,reliable
"Northside Hospital Atlanta",json,"Cardiac Stress Test","STRESS TEST EXERCISE  /OR RX","","",outpatient,"Fairly Group","Fairly Group",1457.0,negotiated_dollar,248.05,reliable
"Northside Hospital Atlanta",json,"Cardiac Stress Test","STRESS TEST EXERCISE  /OR RX","","",outpatient,Humana,"Humana Medicare Advantage HMO",1457.0,negotiated_dollar,217.97,reliable
"Northside Hospital Atlanta",json,"Cardiac Stress Test","STRESS TEST EXERCISE  /OR RX","","",outpatient,Humana,"Humana Medicare Advantage PPO",1457.0,negotiated_dollar,224.44,reliable
"Northside Hospital Atlanta",json,"Cardiac Stress Test","STRESS TEST EXERCISE  /OR RX","","",outpatient,"Institutional 100 Percent of Medicare","Institutional 100 Percent of Medicare",1457.0,negotiated_dollar,215.81,reliable
"Northside Hospital Atlanta",json,"Cardiac Stress Test","STRESS TEST EXERCISE  /OR RX","","",outpatient,"Institutional 110 Percent of Medicare","Institutional 110 Percent of Medicare",1457.0,negotiated_dollar,241.25,reliable
"Northside Hospital Atlanta",json,"Cardiac Stress Test","STRESS TEST EXERCISE  /OR RX","","",outpatient,"Institutional 120 Percent of Medicare","Institutional 120 Percent of Medicare",1457.0,negotiated_dollar,263.18,reliable
"Northside Hospital Atlanta",json,"Cardiac Stress Test","STRESS TEST EXERCISE  /OR RX","","",outpatient,Kaiser,"Kaiser Medicare Advantage",1457.0,negotiated_dollar,222.28,reliable
"Northside Hospital Atlanta",json,"Cardiac Stress Test","STRESS TEST EXERCISE  /OR RX","","",outpatient,Medicare,Medicare,1457.0,negotiated_dollar,215.81,reliable
"Northside Hospital Atlanta",json,"Cardiac Stress Test","STRESS TEST EXERCISE  /OR RX","","",outpatient,"CLEAR SPRINGS EON HEALTH","CLEAR SPRINGS EON HEALTH",1457.0,negotiated_dollar,215.81,reliable
"Northside Hospital Atlanta",json,"Cardiac Stress Test","STRESS TEST EXERCISE  /OR RX","","",outpatient,"VA CCN","VA CCN",1457.0,negotiated_dollar,215.81,reliable
"Northside Hospital Atlanta",json,"Cardiac Stress Test","STRESS TEST EXERCISE  /OR RX","","",outpatient,UHC,"UHC Medicare",1457.0,negotiated_dollar,215.81,reliable
"Northside Hospital Atlanta",json,"Cardiac Stress Test","STRESS TEST EXERCISE  /OR RX","","",inpatient,"Dekalb_Department of Health","Dekalb_Department of Health",1457.0,negotiated_dollar,1457.0,reliable
"Northside Hospital Atlanta",json,"Cardiac Stress Test","STRESS TEST EXERCISE  /OR RX","","",inpatient,FIFA,FIFA,1457.0,negotiated_dollar,1457.0,reliable
"Northside Hospital Atlanta",json,"Cardiac Stress Test","STRESS TEST EXERCISE  /OR RX","","",inpatient,Coventry,"First Health and Coventry National",1457.0,negotiated_dollar,990.76,reliable
"Northside Hospital Atlanta",json,"Cardiac Stress Test","STRESS TEST EXERCISE  /OR RX","","",inpatient,"Georgia Reproductive Specialists","Georgia Reproductive Specialists (SGF)",1457.0,negotiated_dollar,582.8,reliable
"Northside Hospital Atlanta",json,"Cardiac Stress Test","STRESS TEST EXERCISE  /OR RX","","",inpatient,Multiplan,"Multiplan PPO",1457.0,negotiated_dollar,1238.45,reliable
"Northside Hospital Atlanta",json,"Cardiac Stress Test","STRESS TEST EXERCISE  /OR RX","","",inpatient,"Multiplan Workers Comp","Multiplan Workers Comp",1457.0,negotiated_dollar,1238.45,reliable
"Northside Hospital Atlanta",json,"Cardiac Stress Test","STRESS TEST EXERCISE  /OR RX","","",inpatient,NovaNet_PPO,NovaNet_PPO,1457.0,negotiated_dollar,1019.9,reliable
"Northside Hospital Atlanta",json,"Cardiac Stress Test","STRESS TEST EXERCISE  /OR RX","","",inpatient,"Quick Trip","Quick Trip",1457.0,negotiated_dollar,801.35,reliable
"Northside Hospital Atlanta",json,"Cardiac Stress Test","STRESS TEST EXERCISE  /OR RX","","",inpatient,"Rabun County BOC","Rabun County BOC",1457.0,negotiated_dollar,1457.0,reliable
"Northside Hospital Atlanta",json,"Cardiac Stress Test","STRESS TEST EXERCISE  /OR RX","","",inpatient,BCBS,"BCBS PRUDT BUYER",1457.0,negotiated_dollar,1015.53,reliable
"Northside Hospital Atlanta",json,"Cardiac Stress Test","STRESS TEST EXERCISE  /OR RX","","",inpatient,"Beech Steet","Beech Street",1457.0,negotiated_dollar,1238.45,reliable
"Northside Hospital Atlanta",json,"Cardiac Stress Test","STRESS TEST EXERCISE  /OR RX","","",inpatient,CareIQ,CareIQ,1457.0,negotiated_dollar,1457.0,reliable
"Northside Hospital Atlanta",json,"Cardiac Stress Test","STRESS TEST EXERCISE  /OR RX","","",inpatient,CareSource,"CareSource MarketPlace",1457.0,negotiated_dollar,542.0,reliable
"Northside Hospital Atlanta",json,"Cardiac Stress Test","STRESS TEST EXERCISE  /OR RX","","",outpatient,NovaNet_PPO,NovaNet_PPO,1457.0,negotiated_dollar,1019.9,reliable
"Northside Hospital Atlanta",json,"Cardiac Stress Test","STRESS TEST EXERCISE  /OR RX","","",outpatient,"One Call Diagnostics","One Call Diagnostics",1457.0,negotiated_dollar,62.0,reliable
"Northside Hospital Atlanta",json,"Cardiac Stress Test","STRESS TEST EXERCISE  /OR RX","","",outpatient,Oscar,Oscar,1457.0,negotiated_dollar,684.79,reliable
"Northside Hospital Atlanta",json,"Cardiac Stress Test","STRESS TEST EXERCISE  /OR RX","","",outpatient,Aetna,"Aetna HMO/POS/PPO",1457.0,negotiated_dollar,990.76,reliable
"Northside Hospital Atlanta",json,"Cardiac Stress Test","STRESS TEST EXERCISE  /OR RX","","",outpatient,Aetna,"Aetna HMO/POS/PPO-G",1457.0,negotiated_dollar,990.76,reliable
"Northside Hospital Atlanta",json,"Cardiac Stress Test","STRESS TEST EXERCISE  /OR RX","","",outpatient,Aetna,"Aetna HMO/POS/PPO-Q",1457.0,negotiated_dollar,990.76,reliable
"Northside Hospital Atlanta",json,"Cardiac Stress Test","STRESS TEST EXERCISE  /OR RX","","",outpatient,Aetna,"Aetna Whole Health",1457.0,negotiated_dollar,728.5,reliable
"Northside Hospital Atlanta",json,"Cardiac Stress Test","STRESS TEST EXERCISE  /OR RX","","",outpatient,Aetna,"Aetna Whole Health-G",1457.0,negotiated_dollar,728.5,reliable
"Northside Hospital Atlanta",json,"Cardiac Stress Test","STRESS TEST EXERCISE  /OR RX","","",outpatient,Centene,"Ambetter PAR",1457.0,negotiated_dollar,684.79,reliable
"Northside Hospital Atlanta",json,"Cardiac Stress Test","STRESS TEST EXERCISE  /OR RX","","",outpatient,"Employers Choice Network","Employers Choice Network",1457.0,negotiated_dollar,774.92,reliable
"Northside Hospital Atlanta",json,"Cardiac Stress Test","STRESS TEST EXERCISE  /OR RX","","",outpatient,"Fieldale Farms WC","Fieldale Farms WC",1457.0,negotiated_dollar,815.71,reliable
"Northside Hospital Atlanta",json,"Cardiac Stress Test","STRESS TEST EXERCISE  /OR RX","","",outpatient,FIFA,FIFA,1457.0,negotiated_dollar,1457.0,reliable
"Northside Hospital Atlanta",json,"Cardiac Stress Test","STRESS TEST EXERCISE  /OR RX","","",outpatient,Coventry,"First Health and Coventry National",1457.0,negotiated_dollar,874.2,reliable
"Northside Hospital Atlanta",json,"Cardiac Stress Test","STRESS TEST EXERCISE  /OR RX","","",outpatient,"Genex/Priority Care Solutions","Genex/Priority Care Solutions",1457.0,negotiated_dollar,652.57,reliable
"Northside Hospital Atlanta",json,"Cardiac Stress Test","STRESS TEST EXERCISE  /OR RX","","",outpatient,"Georgia Reproductive Specialists","Georgia Reproductive Specialists (SGF)",1457.0,negotiated_dollar,582.8,reliable
"Northside Hospital Atlanta",json,"Cardiac Stress Test","STRESS TEST EXERCISE  /OR RX","","",outpatient,"Georgia Workers Compensation","Georgia Workers Comp",1457.0,negotiated_dollar,815.71,reliable
"Northside Hospital Atlanta",json,"Cardiac Stress Test","STRESS TEST EXERCISE  /OR RX","","",outpatient,Amerigroup,"Amerigroup Medicaid",1457.0,negotiated_dollar,264.73,reliable
"Northside Hospital Atlanta",json,"Cardiac Stress Test","STRESS TEST EXERCISE  /OR RX","","",outpatient,BCBS,BCBS_PATHWAY-L,1457.0,negotiated_dollar,407.09,reliable
"Northside Hospital Atlanta",json,"Cardiac Stress Test","STRESS TEST EXERCISE  /OR RX","","",outpatient,Amerigroup,"Amerigroup Medicare Advantage",1457.0,negotiated_dollar,235.58,reliable
"Northside Hospital Atlanta",json,"Cardiac Stress Test","STRESS TEST EXERCISE  /OR RX","","",outpatient,"Authentic 4D","Authentic 4D",1457.0,negotiated_dollar,734.14,reliable
"Northside Hospital Atlanta",json,"Cardiac Stress Test","STRESS TEST EXERCISE  /OR RX","","",outpatient,BCBS,"BCBS PRUDT BUYER",1457.0,negotiated_dollar,1015.53,reliable
"Northside Hospital Atlanta",json,"Cardiac Stress Test","STRESS TEST EXERCISE  /OR RX","","",outpatient,BCBS,BCBS_HMO,1457.0,negotiated_dollar,814.46,reliable
"Northside Hospital Atlanta",json,"Cardiac Stress Test","STRESS TEST EXERCISE  /OR RX","","",outpatient,BCBS,BCBS_HMO-L,1457.0,negotiated_dollar,814.46,reliable
"Northside Hospital Atlanta",json,"Cardiac Stress Test","STRESS TEST EXERCISE  /OR RX","","",outpatient,BCBS,BCBS_PATHWAY,1457.0,negotiated_dollar,407.09,reliable
"Northside Hospital Atlanta",json,"Cardiac Stress Test","STRESS TEST EXERCISE  /OR RX","","",outpatient,"Health One Alliance_PPO","Health One Alliance_PPO",1457.0,negotiated_dollar,801.35,reliable
"Northside Hospital Atlanta",json,"Cardiac Stress Test","STRESS TEST EXERCISE  /OR RX","","",outpatient,HomeLink,HomeLink,1457.0,negotiated_dollar,65.88,reliable
"Northside Hospital Atlanta",json,"Cardiac Stress Test","STRESS TEST EXERCISE  /OR RX","","",outpatient,Kaiser,"Kaiser Dual Choice PPO-THOR SURG",1457.0,negotiated_dollar,1267.59,reliable
"Northside Hospital Atlanta",json,"Cardiac Stress Test","STRESS TEST EXERCISE  /OR RX","","",outpatient,BCBS,BCBS_PPO,1457.0,negotiated_dollar,968.91,reliable
"Northside Hospital Atlanta",json,"Cardiac Stress Test","STRESS TEST EXERCISE  /OR RX","","",outpatient,BCBS,BCBS_PPO-L,1457.0,negotiated_dollar,968.91,reliable
"Northside Hospital Atlanta",json,"Cardiac Stress Test","STRESS TEST EXERCISE  /OR RX","","",outpatient,"Beech Steet","Beech Street",1457.0,negotiated_dollar,1238.45,reliable
"Northside Hospital Atlanta",json,"Cardiac Stress Test","STRESS TEST EXERCISE  /OR RX","","",outpatient,BCBS,"Blue HPN",1457.0,negotiated_dollar,629.86,reliable
"Northside Hospital Atlanta",json,"Cardiac Stress Test","STRESS TEST EXERCISE  /OR RX","","",outpatient,BCBS,"Blue HPN-L",1457.0,negotiated_dollar,629.86,reliable
"Northside Hospital Atlanta",json,"Cardiac Stress Test","STRESS TEST EXERCISE  /OR RX","","",outpatient,CareIQ,CareIQ,1457.0,negotiated_dollar,1457.0,reliable
"Northside Hospital Atlanta",json,"Cardiac Stress Test","STRESS TEST EXERCISE  /OR RX","","",outpatient,Kaiser,"Kaiser Dual Choice PPO-VASC SURG",1457.0,negotiated_dollar,1267.59,reliable
"Northside Hospital Atlanta",json,"Cardiac Stress Test","STRESS TEST EXERCISE  /OR RX","","",outpatient,Kaiser,Kaiser_HMO,1457.0,negotiated_dollar,947.05,reliable
"Northside Hospital Atlanta",json,"Cardiac Stress Test","STRESS TEST EXERCISE  /OR RX","","",outpatient,Kaiser,Kaiser_SF-GCS,1457.0,negotiated_dollar,947.05,reliable
"Northside Hospital Atlanta",json,"Cardiac Stress Test","STRESS TEST EXERCISE  /OR RX","","",outpatient,Kaiser,Kaiser_SF-GPG/NOAS,1457.0,negotiated_dollar,947.05,reliable
"Northside Hospital Atlanta",json,"Cardiac Stress Test","STRESS TEST EXERCISE  /OR RX","","",outpatient,Kaiser,Kaiser_SF-GYNONC,1457.0,negotiated_dollar,947.05,reliable
"Northside Hospital Atlanta",json,"Cardiac Stress Test","STRESS TEST EXERCISE  /OR RX","","",outpatient,Kaiser,Kaiser_SF-MELANOMA,1457.0,negotiated_dollar,947.05,reliable
"Northside Hospital Atlanta",json,"Cardiac Stress Test","STRESS TEST EXERCISE  /OR RX","","",outpatient,Kaiser,Kaiser_SF-NAPS/CVG/NPCPS/UPS,1457.0,negotiated_dollar,947.05,reliable
"Northside Hospital Atlanta",json,"Cardiac Stress Test","STRESS TEST EXERCISE  /OR RX","","",outpatient,Kaiser,"Kaiser_SF-THOR SURG",1457.0,negotiated_dollar,947.05,reliable
"Northside Hospital Atlanta",json,"Cardiac Stress Test","STRESS TEST EXERCISE  /OR RX","","",outpatient,CareSource,CareSource,1457.0,negotiated_dollar,272.67,reliable
"Northside Hospital Atlanta",json,"Cardiac Stress Test","STRESS TEST EXERCISE  /OR RX","","",outpatient,CareSource,"CareSource MarketPlace",1457.0,negotiated_dollar,542.0,reliable
"Northside Hospital Atlanta",json,"Cardiac Stress Test","STRESS TEST EXERCISE  /OR RX","","",outpatient,"CHAMPUS VA","CHAMPUS VA",1457.0,negotiated_dollar,37.17,reliable
"Northside Hospital Atlanta",json,"Cardiac Stress Test","STRESS TEST EXERCISE  /OR RX","","",outpatient,Cigna,Cigna,1457.0,negotiated_dollar,917.91,reliable
"Northside Hospital Atlanta",json,"Cardiac Stress Test","STRESS TEST EXERCISE  /OR RX","","",outpatient,Cigna,Cigna-G,1457.0,negotiated_dollar,917.91,reliable
"Northside Hospital Atlanta",json,"Cardiac Stress Test","STRESS TEST EXERCISE  /OR RX","","",outpatient,Kaiser,"Kaiser_SF-VASC SURG",1457.0,negotiated_dollar,947.05,reliable
"Northside Hospital Atlanta",json,"Cardiac Stress Test","STRESS TEST EXERCISE  /OR RX","","",outpatient,"Med Care Solutions","Med Care Solutions",1457.0,negotiated_dollar,655.65,reliable
"Northside Hospital Atlanta",json,"Cardiac Stress Test","STRESS TEST EXERCISE  /OR RX","","",outpatient,"MedLien Healthcare Services","MedLien Healthcare Services",1457.0,negotiated_dollar,582.8,reliable
"Northside Hospital Atlanta",json,"Cardiac Stress Test","STRESS TEST EXERCISE  /OR RX","","",outpatient,MTI,MTI,1457.0,negotiated_dollar,62.0,reliable
"Northside Hospital Atlanta",json,"Cardiac Stress Test","STRESS TEST EXERCISE  /OR RX","","",outpatient,Multiplan,"Multiplan PPO",1457.0,negotiated_dollar,1238.45,reliable
"Northside Hospital Atlanta",json,"Cardiac Stress Test","STRESS TEST EXERCISE  /OR RX","","",outpatient,Cigna,Cigna-H,1457.0,negotiated_dollar,917.91,reliable
"Northside Hospital Atlanta",json,"Cardiac Stress Test","STRESS TEST EXERCISE  /OR RX","","",outpatient,Cigna,Cigna-L,1457.0,negotiated_dollar,917.91,reliable
"Northside Hospital Atlanta",json,"Cardiac Stress Test","STRESS TEST EXERCISE  /OR RX","","",outpatient,Cigna,"CIGNA HealthSprings Medicare Advantage",1457.0,negotiated_dollar,237.85,reliable
"Northside Hospital Atlanta",json,"Cardiac Stress Test","STRESS TEST EXERCISE  /OR RX","","",outpatient,"Corvel Workers Comp","Corvel Workers Comp",1457.0,negotiated_dollar,774.92,reliable
"Northside Hospital Atlanta",json,"Cardiac Stress Test","STRESS TEST EXERCISE  /OR RX","","",outpatient,"Dekalb_Department of Health","Dekalb_Department of Health",1457.0,negotiated_dollar,1457.0,reliable
"Northside Hospital Atlanta",json,"Cardiac Stress Test","STRESS TEST EXERCISE  /OR RX","","",outpatient,"Multiplan Workers Comp","Multiplan Workers Comp",1457.0,negotiated_dollar,1238.45,reliable
"Northside Hospital Atlanta",json,"Cardiac Stress Test","STRESS TEST EXERCISE  /OR RX","","",outpatient,"Northside Health Network","Northside Health Network",1457.0,negotiated_dollar,903.34,reliable
"Northside Hospital Atlanta",json,"Cardiac Stress Test","STRESS TEST EXERCISE  /OR RX","","",outpatient,"Northside Health Network","Northside Health Network-S",1457.0,negotiated_dollar,903.34,reliable
"Northside Hospital Atlanta",json,"Cardiac Stress Test","STRESS TEST EXERCISE  /OR RX","","",outpatient,"Institutional 115 Percent_Georgia Medicaid","Institutional 115 Percent_Georgia Medicaid",1457.0,negotiated_dollar,304.44,reliable
"Northside Hospital Atlanta",json,"Cardiac Stress Test","STRESS TEST EXERCISE  /OR RX","","",outpatient,"Institutional GA Medicaid","Institutional GA Medicaid",1457.0,negotiated_dollar,264.73,reliable
"Northside Hospital Atlanta",json,"Cardiac Stress Test","STRESS TEST EXERCISE  /OR RX","","",outpatient,"Institutional Marietta Surgery Center","Institutional Marietta Surgery Center",1457.0,negotiated_dollar,1457.0,reliable
"Northside Hospital Atlanta",json,"Cardiac Stress Test","STRESS TEST EXERCISE  /OR RX","","",outpatient,"Institutional Veterans Evaluation Services","Institutional Veterans Evaluation Services",1457.0,negotiated_dollar,1457.0,reliable
"Northside Hospital Atlanta",json,"Cardiac Stress Test","STRESS TEST EXERCISE  /OR RX","","",outpatient,Kaiser,"Kaiser Dual Choice PPO",1457.0,negotiated_dollar,1267.59,reliable
"Northside Hospital Atlanta",json,"Cardiac Stress Test","STRESS TEST EXERCISE  /OR RX","","",outpatient,Kaiser,"Kaiser Dual Choice PPO-AGA",1457.0,negotiated_dollar,1267.59,reliable
"Northside Hospital Atlanta",json,"Cardiac Stress Test","STRESS TEST EXERCISE  /OR RX","","",outpatient,Kaiser,"Kaiser Dual Choice PPO-BARIATRIC",1457.0,negotiated_dollar,1267.59,reliable
"Northside Hospital Atlanta",json,"Cardiac Stress Test","STRESS TEST EXERCISE  /OR RX","","",outpatient,Kaiser,"Kaiser Dual Choice PPO-GCS",1457.0,negotiated_dollar,1267.59,reliable
"Northside Hospital Atlanta",json,"Cardiac Stress Test","STRESS TEST EXERCISE  /OR RX","","",outpatient,Kaiser,"Kaiser Dual Choice PPO-GPG/NOAS",1457.0,negotiated_dollar,1267.59,reliable
"Northside Hospital Atlanta",json,"Cardiac Stress Test","STRESS TEST EXERCISE  /OR RX","","",outpatient,Kaiser,"Kaiser Dual Choice PPO-GYNONC",1457.0,negotiated_dollar,1267.59,reliable
"Northside Hospital Atlanta",json,"Cardiac Stress Test","STRESS TEST EXERCISE  /OR RX","","",outpatient,Kaiser,"Kaiser Dual Choice PPO-MELANOMA",1457.0,negotiated_dollar,1267.59,reliable
"Northside Hospital Atlanta",json,"Cardiac Stress Test","STRESS TEST EXERCISE  /OR RX","","",outpatient,Kaiser,"Kaiser Dual Choice PPO-NAPS/CVG/NPCPS/UPS",1457.0,negotiated_dollar,1267.59,reliable
"Northside Hospital Atlanta",json,"Cardiac Stress Test","STRESS TEST EXERCISE  /OR RX","","",outpatient,Kaiser,Kaiser_HMO-AGA,1457.0,negotiated_dollar,947.05,reliable
"Northside Hospital Atlanta",json,"Cardiac Stress Test","STRESS TEST EXERCISE  /OR RX","","",outpatient,Kaiser,Kaiser_HMO-BARIATRIC,1457.0,negotiated_dollar,947.05,reliable
"Northside Hospital Atlanta",json,"Cardiac Stress Test","STRESS TEST EXERCISE  /OR RX","","",outpatient,Kaiser,Kaiser_HMO-GCS,1457.0,negotiated_dollar,947.05,reliable
"Northside Hospital Atlanta",json,"Cardiac Stress Test","STRESS TEST EXERCISE  /OR RX","","",outpatient,Kaiser,Kaiser_HMO-GPG/NOAS,1457.0,negotiated_dollar,947.05,reliable
"Northside Hospital Atlanta",json,"Cardiac Stress Test","STRESS TEST EXERCISE  /OR RX","","",outpatient,Kaiser,Kaiser_HMO-GYNONC,1457.0,negotiated_dollar,947.05,reliable
"Northside Hospital Atlanta",json,"Cardiac Stress Test","STRESS TEST EXERCISE  /OR RX","","",outpatient,Kaiser,Kaiser_HMO-MELANOMA,1457.0,negotiated_dollar,947.05,reliable
"Northside Hospital Atlanta",json,"Cardiac Stress Test","STRESS TEST EXERCISE  /OR RX","","",outpatient,Kaiser,Kaiser_HMO-NAPS/CVG/NPCPS/UPS,1457.0,negotiated_dollar,947.05,reliable
"Northside Hospital Atlanta",json,"Cardiac Stress Test","STRESS TEST EXERCISE  /OR RX","","",outpatient,Kaiser,"Kaiser_HMO-VASC SURG",1457.0,negotiated_dollar,947.05,reliable
"Northside Hospital Atlanta",json,"Cardiac Stress Test","STRESS TEST EXERCISE  /OR RX","","",outpatient,Kaiser,Kaiser_SF,1457.0,negotiated_dollar,947.05,reliable
"Northside Hospital Atlanta",json,"Cardiac Stress Test","STRESS TEST EXERCISE  /OR RX","","",outpatient,Kaiser,Kaiser_SF-AGA,1457.0,negotiated_dollar,947.05,reliable
"Northside Hospital Atlanta",json,"Cardiac Stress Test","STRESS TEST EXERCISE  /OR RX","","",outpatient,Kaiser,Kaiser_SF-BARIATRIC,1457.0,negotiated_dollar,947.05,reliable
"Northside Hospital Atlanta",json,"Cardiac Stress Test","STRESS TEST EXERCISE  /OR RX","","",outpatient,Centene,"Peach State Medicaid",1457.0,negotiated_dollar,264.73,reliable
"Northside Hospital Atlanta",json,"Cardiac Stress Test","STRESS TEST EXERCISE  /OR RX","","",outpatient,Centene,"Peach State Medicare",1457.0,negotiated_dollar,298.21,reliable
"Northside Hospital Atlanta",json,"Cardiac Stress Test","STRESS TEST EXERCISE  /OR RX","","",outpatient,PHCS,PHCS,1457.0,negotiated_dollar,1092.75,reliable
"Northside Hospital Atlanta",json,"Cardiac Stress Test","STRESS TEST EXERCISE  /OR RX","","",outpatient,"Quick Trip","Quick Trip",1457.0,negotiated_dollar,801.35,reliable
"Northside Hospital Atlanta",json,"Cardiac Stress Test","STRESS TEST EXERCISE  /OR RX","","",outpatient,"Rabun County BOC","Rabun County BOC",1457.0,negotiated_dollar,1457.0,reliable
"Northside Hospital Atlanta",json,"Cardiac Stress Test","STRESS TEST EXERCISE  /OR RX","","",outpatient,Spreemo,Spreemo,1457.0,negotiated_dollar,652.57,reliable
"Northside Hospital Atlanta",json,"Cardiac Stress Test","STRESS TEST EXERCISE  /OR RX","","",outpatient,"Streamline Imaging","Streamline Imaging",1457.0,negotiated_dollar,734.14,reliable
"Northside Hospital Atlanta",json,"Cardiac Stress Test","STRESS TEST EXERCISE  /OR RX","","",outpatient,Tricare,Tricare,1457.0,negotiated_dollar,219.32,reliable
"Northside Hospital Atlanta",json,"Cardiac Stress Test","STRESS TEST EXERCISE  /OR RX","","",outpatient,"Truths Community","Truths Community",1457.0,negotiated_dollar,312.0,reliable
"Northside Hospital Atlanta",json,"Cardiac Stress Test","STRESS TEST EXERCISE  /OR RX","","",outpatient,UHC,"UHC GA Individual Exchange",1457.0,negotiated_dollar,767.84,reliable
"Northside Hospital Atlanta",json,"Cardiac Stress Test","STRESS TEST EXERCISE  /OR RX","","",outpatient,UHC,"UHC Heritage Select",1457.0,negotiated_dollar,1030.1,reliable
"Northside Hospital Atlanta",json,"Cardiac Stress Test","STRESS TEST EXERCISE  /OR RX","","",outpatient,UHC,"UHC HMO/POS/PPO",1457.0,negotiated_dollar,904.07,reliable
"Northside Hospital Atlanta",json,"Cardiac Stress Test","STRESS TEST EXERCISE  /OR RX","","",outpatient,UHC,"UHC HMO/POS/PPO-G",1457.0,negotiated_dollar,904.07,reliable
"Northside Hospital Atlanta",json,"Cardiac Stress Test","STRESS TEST EXERCISE  /OR RX","","",outpatient,UHC,"UHC HMO/POS/PPO-T",1457.0,negotiated_dollar,904.07,reliable
"Northside Hospital Atlanta",json,"Cardiac Stress Test","STRESS TEST PHARM","","",outpatient,UHC,"UHC Medicare",1457.0,negotiated_dollar,215.81,reliable
"Northside Hospital Atlanta",json,"Cardiac Stress Test","STRESS TEST PHARM","","",outpatient,"US Dept of Labor WC","US Dept of Labor WC",1457.0,negotiated_dollar,274.15,reliable
"Northside Hospital Atlanta",json,"Cardiac Stress Test","STRESS TEST PHARM","","",outpatient,Wellcare,"Wellcare Medicare Advantage",1457.0,negotiated_dollar,222.28,reliable
"Northside Hospital Atlanta",json,"Cardiac Stress Test","STRESS TEST PHARM","","",outpatient,Aetna,"Aetna Medicare",1457.0,negotiated_dollar,220.13,reliable
"Northside Hospital Atlanta",json,"Cardiac Stress Test","STRESS TEST PHARM","","",outpatient,BCBS,"BCBS Medicare Advantage",1457.0,negotiated_dollar,215.81,reliable
"Northside Hospital Atlanta",json,"Cardiac Stress Test","STRESS TEST PHARM","","",outpatient,BCBS,"BCBS Medicare Advantage-P",1457.0,negotiated_dollar,215.81,reliable
"Northside Hospital Atlanta",json,"Cardiac Stress Test","STRESS TEST PHARM","","",outpatient,BCCP,BCCP,1457.0,negotiated_dollar,219.32,reliable
"Northside Hospital Atlanta",json,"Cardiac Stress Test","STRESS TEST PHARM","","",outpatient,CareSource,"CareSource Medicare Advantage",1457.0,negotiated_dollar,222.28,reliable
"Northside Hospital Atlanta",json,"Cardiac Stress Test","STRESS TEST PHARM","","",outpatient,CBWW,CBWW,1457.0,negotiated_dollar,219.32,reliable
"Northside Hospital Atlanta",json,"Cardiac Stress Test","STRESS TEST PHARM","","",outpatient,"Clover Health","Clover Health",1457.0,negotiated_dollar,226.56,reliable
"Northside Hospital Atlanta",json,"Cardiac Stress Test","STRESS TEST PHARM","","",outpatient,Coventry,"Coventry Medicare",1457.0,negotiated_dollar,220.13,reliable
"Northside Hospital Atlanta",json,"Cardiac Stress Test","STRESS TEST PHARM","","",outpatient,"Devoted Medicare Advantage","Devoted Medicare Advantage",1457.0,negotiated_dollar,226.6,reliable
"Northside Hospital Atlanta",json,"Cardiac Stress Test","STRESS TEST PHARM","","",outpatient,"Fairly Group","Fairly Group",1457.0,negotiated_dollar,248.05,reliable
"Northside Hospital Atlanta",json,"Cardiac Stress Test","STRESS TEST PHARM","","",outpatient,Humana,"Humana Medicare Advantage HMO",1457.0,negotiated_dollar,217.97,reliable
"Northside Hospital Atlanta",json,"Cardiac Stress Test","STRESS TEST PHARM","","",outpatient,Humana,"Humana Medicare Advantage PPO",1457.0,negotiated_dollar,224.44,reliable
"Northside Hospital Atlanta",json,"Cardiac Stress Test","STRESS TEST PHARM","","",outpatient,"Institutional 100 Percent of Medicare","Institutional 100 Percent of Medicare",1457.0,negotiated_dollar,215.81,reliable
"Northside Hospital Atlanta",json,"Cardiac Stress Test","STRESS TEST PHARM","","",outpatient,"Institutional 110 Percent of Medicare","Institutional 110 Percent of Medicare",1457.0,negotiated_dollar,241.25,reliable
"Northside Hospital Atlanta",json,"Cardiac Stress Test","STRESS TEST PHARM","","",outpatient,"Institutional 120 Percent of Medicare","Institutional 120 Percent of Medicare",1457.0,negotiated_dollar,263.18,reliable
"Northside Hospital Atlanta",json,"Cardiac Stress Test","STRESS TEST PHARM","","",outpatient,Kaiser,"Kaiser Medicare Advantage",1457.0,negotiated_dollar,222.28,reliable
"Northside Hospital Atlanta",json,"Cardiac Stress Test","STRESS TEST PHARM","","",outpatient,Medicare,Medicare,1457.0,negotiated_dollar,215.81,reliable
"Northside Hospital Atlanta",json,"Cardiac Stress Test","STRESS TEST PHARM","","",outpatient,"CLEAR SPRINGS EON HEALTH","CLEAR SPRINGS EON HEALTH",1457.0,negotiated_dollar,215.81,reliable
"Northside Hospital Atlanta",json,"Cardiac Stress Test","STRESS TEST PHARM","","",outpatient,"VA CCN","VA CCN",1457.0,negotiated_dollar,215.81,reliable
"Northside Hospital Atlanta",json,"Cardiac Stress Test","STRESS TEST PHARM","","",outpatient,"Pruitt Health Premier","Pruitt Health Premier",1457.0,negotiated_dollar,226.6,reliable
"Northside Hospital Atlanta",json,"Cardiac Stress Test","STRESS TEST PHARM","","",inpatient,BCBS,"BCBS PRUDT BUYER",1457.0,negotiated_dollar,1015.53,reliable
"Northside Hospital Atlanta",json,"Cardiac Stress Test","STRESS TEST PHARM","","",inpatient,"Beech Steet","Beech Street",1457.0,negotiated_dollar,1238.45,reliable
"Northside Hospital Atlanta",json,"Cardiac Stress Test","STRESS TEST PHARM","","",inpatient,CareIQ,CareIQ,1457.0,negotiated_dollar,1457.0,reliable
"Northside Hospital Atlanta",json,"Cardiac Stress Test","STRESS TEST PHARM","","",inpatient,CareSource,"CareSource MarketPlace",1457.0,negotiated_dollar,542.0,reliable
"Northside Hospital Atlanta",json,"Cardiac Stress Test","STRESS TEST PHARM","","",inpatient,"Dekalb_Department of Health","Dekalb_Department of Health",1457.0,negotiated_dollar,1457.0,reliable
"Northside Hospital Atlanta",json,"Cardiac Stress Test","STRESS TEST PHARM","","",inpatient,FIFA,FIFA,1457.0,negotiated_dollar,1457.0,reliable
"Northside Hospital Atlanta",json,"Cardiac Stress Test","STRESS TEST PHARM","","",inpatient,Coventry,"First Health and Coventry National",1457.0,negotiated_dollar,990.76,reliable
"Northside Hospital Atlanta",json,"Cardiac Stress Test","STRESS TEST PHARM","","",inpatient,"Georgia Reproductive Specialists","Georgia Reproductive Specialists (SGF)",1457.0,negotiated_dollar,582.8,reliable
"Northside Hospital Atlanta",json,"Cardiac Stress Test","STRESS TEST PHARM","","",inpatient,Multiplan,"Multiplan PPO",1457.0,negotiated_dollar,1238.45,reliable
"Northside Hospital Atlanta",json,"Cardiac Stress Test","STRESS TEST PHARM","","",inpatient,"Multiplan Workers Comp","Multiplan Workers Comp",1457.0,negotiated_dollar,1238.45,reliable
"Northside Hospital Atlanta",json,"Cardiac Stress Test","STRESS TEST PHARM","","",inpatient,NovaNet_PPO,NovaNet_PPO,1457.0,negotiated_dollar,1019.9,reliable
"Northside Hospital Atlanta",json,"Cardiac Stress Test","STRESS TEST PHARM","","",inpatient,"Quick Trip","Quick Trip",1457.0,negotiated_dollar,801.35,reliable
"Northside Hospital Atlanta",json,"Cardiac Stress Test","STRESS TEST PHARM","","",inpatient,"Rabun County BOC","Rabun County BOC",1457.0,negotiated_dollar,1457.0,reliable
"Northside Hospital Atlanta",json,"Cardiac Stress Test","STRESS TEST PHARM","","",outpatient,Aetna,"Aetna HMO/POS/PPO",1457.0,negotiated_dollar,990.76,reliable
"Northside Hospital Atlanta",json,"Cardiac Stress Test","STRESS TEST PHARM","","",outpatient,Aetna,"Aetna HMO/POS/PPO-G",1457.0,negotiated_dollar,990.76,reliable
"Northside Hospital Atlanta",json,"Cardiac Stress Test","STRESS TEST PHARM","","",outpatient,Aetna,"Aetna HMO/POS/PPO-Q",1457.0,negotiated_dollar,990.76,reliable
"Northside Hospital Atlanta",json,"Cardiac Stress Test","STRESS TEST PHARM","","",outpatient,Aetna,"Aetna Whole Health",1457.0,negotiated_dollar,728.5,reliable
"Northside Hospital Atlanta",json,"Cardiac Stress Test","STRESS TEST PHARM","","",outpatient,Aetna,"Aetna Whole Health-G",1457.0,negotiated_dollar,728.5,reliable
"Northside Hospital Atlanta",json,"Cardiac Stress Test","STRESS TEST PHARM","","",outpatient,Centene,"Ambetter PAR",1457.0,negotiated_dollar,684.79,reliable
"Northside Hospital Atlanta",json,"Cardiac Stress Test","STRESS TEST PHARM","","",outpatient,"Employers Choice Network","Employers Choice Network",1457.0,negotiated_dollar,774.92,reliable
"Northside Hospital Atlanta",json,"Cardiac Stress Test","STRESS TEST PHARM","","",outpatient,"Fieldale Farms WC","Fieldale Farms WC",1457.0,negotiated_dollar,815.71,reliable
"Northside Hospital Atlanta",json,"Cardiac Stress Test","STRESS TEST PHARM","","",outpatient,Kaiser,Kaiser_SF-MELANOMA,1457.0,negotiated_dollar,947.05,reliable
"Northside Hospital Atlanta",json,"Cardiac Stress Test","STRESS TEST PHARM","","",outpatient,Kaiser,Kaiser_SF-NAPS/CVG/NPCPS/UPS,1457.0,negotiated_dollar,947.05,reliable
"Northside Hospital Atlanta",json,"Cardiac Stress Test","STRESS TEST PHARM","","",outpatient,Kaiser,"Kaiser_SF-THOR SURG",1457.0,negotiated_dollar,947.05,reliable
"Northside Hospital Atlanta",json,"Cardiac Stress Test","STRESS TEST PHARM","","",outpatient,Kaiser,"Kaiser_SF-VASC SURG",1457.0,negotiated_dollar,947.05,reliable
"Northside Hospital Atlanta",json,"Cardiac Stress Test","STRESS TEST PHARM","","",outpatient,"Med Care Solutions","Med Care Solutions",1457.0,negotiated_dollar,655.65,reliable
"Northside Hospital Atlanta",json,"Cardiac Stress Test","STRESS TEST PHARM","","",outpatient,"MedLien Healthcare Services","MedLien Healthcare Services",1457.0,negotiated_dollar,582.8,reliable
"Northside Hospital Atlanta",json,"Cardiac Stress Test","STRESS TEST PHARM","","",outpatient,MTI,MTI,1457.0,negotiated_dollar,62.0,reliable
"Northside Hospital Atlanta",json,"Cardiac Stress Test","STRESS TEST PHARM","","",outpatient,Multiplan,"Multiplan PPO",1457.0,negotiated_dollar,1238.45,reliable
"Northside Hospital Atlanta",json,"Cardiac Stress Test","STRESS TEST PHARM","","",outpatient,"Multiplan Workers Comp","Multiplan Workers Comp",1457.0,negotiated_dollar,1238.45,reliable
"Northside Hospital Atlanta",json,"Cardiac Stress Test","STRESS TEST PHARM","","",outpatient,"Northside Health Network","Northside Health Network",1457.0,negotiated_dollar,903.34,reliable
"Northside Hospital Atlanta",json,"Cardiac Stress Test","STRESS TEST PHARM","","",outpatient,"Northside Health Network","Northside Health Network-S",1457.0,negotiated_dollar,903.34,reliable
"Northside Hospital Atlanta",json,"Cardiac Stress Test","STRESS TEST PHARM","","",outpatient,Amerigroup,"Amerigroup Medicaid",1457.0,negotiated_dollar,264.73,reliable
"Northside Hospital Atlanta",json,"Cardiac Stress Test","STRESS TEST PHARM","","",outpatient,Amerigroup,"Amerigroup Medicare Advantage",1457.0,negotiated_dollar,235.58,reliable
"Northside Hospital Atlanta",json,"Cardiac Stress Test","STRESS TEST PHARM","","",outpatient,"Authentic 4D","Authentic 4D",1457.0,negotiated_dollar,734.14,reliable
"Northside Hospital Atlanta",json,"Cardiac Stress Test","STRESS TEST PHARM","","",outpatient,BCBS,"BCBS PRUDT BUYER",1457.0,negotiated_dollar,1015.53,reliable
"Northside Hospital Atlanta",json,"Cardiac Stress Test","STRESS TEST PHARM","","",outpatient,Kaiser,"Kaiser_HMO-VASC SURG",1457.0,negotiated_dollar,947.05,reliable
"Northside Hospital Atlanta",json,"Cardiac Stress Test","STRESS TEST PHARM","","",outpatient,Kaiser,Kaiser_SF,1457.0,negotiated_dollar,947.05,reliable
"Northside Hospital Atlanta",json,"Cardiac Stress Test","STRESS TEST PHARM","","",outpatient,Kaiser,Kaiser_SF-AGA,1457.0,negotiated_dollar,947.05,reliable
"Northside Hospital Atlanta",json,"Cardiac Stress Test","STRESS TEST PHARM","","",outpatient,BCBS,BCBS_HMO,1457.0,negotiated_dollar,814.46,reliable
"Northside Hospital Atlanta",json,"Cardiac Stress Test","STRESS TEST PHARM","","",outpatient,BCBS,BCBS_HMO-L,1457.0,negotiated_dollar,814.46,reliable
"Northside Hospital Atlanta",json,"Cardiac Stress Test","STRESS TEST PHARM","","",outpatient,BCBS,BCBS_PATHWAY,1457.0,negotiated_dollar,407.09,reliable
"Northside Hospital Atlanta",json,"Cardiac Stress Test","STRESS TEST PHARM","","",outpatient,BCBS,BCBS_PATHWAY-L,1457.0,negotiated_dollar,407.09,reliable
"Northside Hospital Atlanta",json,"Cardiac Stress Test","STRESS TEST PHARM","","",outpatient,FIFA,FIFA,1457.0,negotiated_dollar,1457.0,reliable
"Northside Hospital Atlanta",json,"Cardiac Stress Test","STRESS TEST PHARM","","",outpatient,Coventry,"First Health and Coventry National",1457.0,negotiated_dollar,874.2,reliable
"Northside Hospital Atlanta",json,"Cardiac Stress Test","STRESS TEST PHARM","","",outpatient,"Genex/Priority Care Solutions","Genex/Priority Care Solutions",1457.0,negotiated_dollar,652.57,reliable
"Northside Hospital Atlanta",json,"Cardiac Stress Test","STRESS TEST PHARM","","",outpatient,"Georgia Reproductive Specialists","Georgia Reproductive Specialists (SGF)",1457.0,negotiated_dollar,582.8,reliable
"Northside Hospital Atlanta",json,"Cardiac Stress Test","STRESS TEST PHARM","","",outpatient,NovaNet_PPO,NovaNet_PPO,1457.0,negotiated_dollar,1019.9,reliable
"Northside Hospital Atlanta",json,"Cardiac Stress Test","STRESS TEST PHARM","","",outpatient,"One Call Diagnostics","One Call Diagnostics",1457.0,negotiated_dollar,62.0,reliable
"Northside Hospital Atlanta",json,"Cardiac Stress Test","STRESS TEST PHARM","","",outpatient,Oscar,Oscar,1457.0,negotiated_dollar,684.79,reliable
"Northside Hospital Atlanta",json,"Cardiac Stress Test","STRESS TEST PHARM","","",outpatient,BCBS,BCBS_PPO,1457.0,negotiated_dollar,968.91,reliable
"Northside Hospital Atlanta",json,"Cardiac Stress Test","STRESS TEST PHARM","","",outpatient,BCBS,BCBS_PPO-L,1457.0,negotiated_dollar,968.91,reliable
"Northside Hospital Atlanta",json,"Cardiac Stress Test","STRESS TEST PHARM","","",outpatient,"Beech Steet","Beech Street",1457.0,negotiated_dollar,1238.45,reliable
"Northside Hospital Atlanta",json,"Cardiac Stress Test","STRESS TEST PHARM","","",outpatient,BCBS,"Blue HPN",1457.0,negotiated_dollar,629.86,reliable
"Northside Hospital Atlanta",json,"Cardiac Stress Test","STRESS TEST PHARM","","",outpatient,BCBS,"Blue HPN-L",1457.0,negotiated_dollar,629.86,reliable
"Northside Hospital Atlanta",json,"Cardiac Stress Test","STRESS TEST PHARM","","",outpatient,CareIQ,CareIQ,1457.0,negotiated_dollar,1457.0,reliable
"Northside Hospital Atlanta",json,"Cardiac Stress Test","STRESS TEST PHARM","","",outpatient,"Georgia Workers Compensation","Georgia Workers Comp",1457.0,negotiated_dollar,815.71,reliable
"Northside Hospital Atlanta",json,"Cardiac Stress Test","STRESS TEST PHARM","","",outpatient,"Health One Alliance_PPO","Health One Alliance_PPO",1457.0,negotiated_dollar,801.35,reliable
"Northside Hospital Atlanta",json,"Cardiac Stress Test","STRESS TEST PHARM","","",outpatient,CareSource,CareSource,1457.0,negotiated_dollar,272.67,reliable
"Northside Hospital Atlanta",json,"Cardiac Stress Test","STRESS TEST PHARM","","",outpatient,CareSource,"CareSource MarketPlace",1457.0,negotiated_dollar,542.0,reliable
"Northside Hospital Atlanta",json,"Cardiac Stress Test","STRESS TEST PHARM","","",outpatient,"CHAMPUS VA","CHAMPUS VA",1457.0,negotiated_dollar,37.17,reliable
"Northside Hospital Atlanta",json,"Cardiac Stress Test","STRESS TEST PHARM","","",outpatient,Cigna,Cigna,1457.0,negotiated_dollar,917.91,reliable
"Northside Hospital Atlanta",json,"Cardiac Stress Test","STRESS TEST PHARM","","",outpatient,Cigna,Cigna-G,1457.0,negotiated_dollar,917.91,reliable
"Northside Hospital Atlanta",json,"Cardiac Stress Test","STRESS TEST PHARM","","",outpatient,HomeLink,HomeLink,1457.0,negotiated_dollar,65.88,reliable
"Northside Hospital Atlanta",json,"Cardiac Stress Test","STRESS TEST PHARM","","",outpatient,Cigna,Cigna-H,1457.0,negotiated_dollar,917.91,reliable
"Northside Hospital Atlanta",json,"Cardiac Stress Test","STRESS TEST PHARM","","",outpatient,Cigna,Cigna-L,1457.0,negotiated_dollar,917.91,reliable
"Northside Hospital Atlanta",json,"Cardiac Stress Test","STRESS TEST PHARM","","",outpatient,Cigna,"CIGNA HealthSprings Medicare Advantage",1457.0,negotiated_dollar,237.85,reliable
"Northside Hospital Atlanta",json,"Cardiac Stress Test","STRESS TEST PHARM","","",outpatient,"Corvel Workers Comp","Corvel Workers Comp",1457.0,negotiated_dollar,774.92,reliable
"Northside Hospital Atlanta",json,"Cardiac Stress Test","STRESS TEST PHARM","","",outpatient,"Dekalb_Department of Health","Dekalb_Department of Health",1457.0,negotiated_dollar,1457.0,reliable
"Northside Hospital Atlanta",json,"Cardiac Stress Test","STRESS TEST PHARM","","",outpatient,Kaiser,Kaiser_SF-BARIATRIC,1457.0,negotiated_dollar,947.05,reliable
"Northside Hospital Atlanta",json,"Cardiac Stress Test","STRESS TEST PHARM","","",outpatient,Kaiser,Kaiser_SF-GCS,1457.0,negotiated_dollar,947.05,reliable
"Northside Hospital Atlanta",json,"Cardiac Stress Test","STRESS TEST PHARM","","",outpatient,Kaiser,Kaiser_SF-GPG/NOAS,1457.0,negotiated_dollar,947.05,reliable
"Northside Hospital Atlanta",json,"Cardiac Stress Test","STRESS TEST PHARM","","",outpatient,Kaiser,Kaiser_SF-GYNONC,1457.0,negotiated_dollar,947.05,reliable
"Northside Hospital Atlanta",json,"Cardiac Stress Test","STRESS TEST PHARM","","",outpatient,"Institutional 115 Percent_Georgia Medicaid","Institutional 115 Percent_Georgia Medicaid",1457.0,negotiated_dollar,304.44,reliable
"Northside Hospital Atlanta",json,"Cardiac Stress Test","STRESS TEST PHARM","","",outpatient,"Institutional GA Medicaid","Institutional GA Medicaid",1457.0,negotiated_dollar,264.73,reliable
"Northside Hospital Atlanta",json,"Cardiac Stress Test","STRESS TEST PHARM","","",outpatient,"Institutional Marietta Surgery Center","Institutional Marietta Surgery Center",1457.0,negotiated_dollar,1457.0,reliable
"Northside Hospital Atlanta",json,"Cardiac Stress Test","STRESS TEST PHARM","","",outpatient,"Institutional Veterans Evaluation Services","Institutional Veterans Evaluation Services",1457.0,negotiated_dollar,1457.0,reliable
"Northside Hospital Atlanta",json,"Cardiac Stress Test","STRESS TEST PHARM","","",outpatient,Kaiser,"Kaiser Dual Choice PPO",1457.0,negotiated_dollar,1267.59,reliable
"Northside Hospital Atlanta",json,"Cardiac Stress Test","STRESS TEST PHARM","","",outpatient,Kaiser,"Kaiser Dual Choice PPO-AGA",1457.0,negotiated_dollar,1267.59,reliable
"Northside Hospital Atlanta",json,"Cardiac Stress Test","STRESS TEST PHARM","","",outpatient,Kaiser,"Kaiser Dual Choice PPO-BARIATRIC",1457.0,negotiated_dollar,1267.59,reliable
"Northside Hospital Atlanta",json,"Cardiac Stress Test","STRESS TEST PHARM","","",outpatient,Kaiser,"Kaiser Dual Choice PPO-GCS",1457.0,negotiated_dollar,1267.59,reliable
"Northside Hospital Atlanta",json,"Cardiac Stress Test","STRESS TEST PHARM","","",outpatient,Kaiser,"Kaiser Dual Choice PPO-GPG/NOAS",1457.0,negotiated_dollar,1267.59,reliable
"Northside Hospital Atlanta",json,"Cardiac Stress Test","STRESS TEST PHARM","","",outpatient,Kaiser,"Kaiser Dual Choice PPO-GYNONC",1457.0,negotiated_dollar,1267.59,reliable
"Northside Hospital Atlanta",json,"Cardiac Stress Test","STRESS TEST PHARM","","",outpatient,Kaiser,"Kaiser Dual Choice PPO-MELANOMA",1457.0,negotiated_dollar,1267.59,reliable
"Northside Hospital Atlanta",json,"Cardiac Stress Test","STRESS TEST PHARM","","",outpatient,Kaiser,"Kaiser Dual Choice PPO-NAPS/CVG/NPCPS/UPS",1457.0,negotiated_dollar,1267.59,reliable
"Northside Hospital Atlanta",json,"Cardiac Stress Test","STRESS TEST PHARM","","",outpatient,Kaiser,"Kaiser Dual Choice PPO-THOR SURG",1457.0,negotiated_dollar,1267.59,reliable
"Northside Hospital Atlanta",json,"Cardiac Stress Test","STRESS TEST PHARM","","",outpatient,Kaiser,"Kaiser Dual Choice PPO-VASC SURG",1457.0,negotiated_dollar,1267.59,reliable
"Northside Hospital Atlanta",json,"Cardiac Stress Test","STRESS TEST PHARM","","",outpatient,Kaiser,Kaiser_HMO,1457.0,negotiated_dollar,947.05,reliable
"Northside Hospital Atlanta",json,"Cardiac Stress Test","STRESS TEST PHARM","","",outpatient,Kaiser,Kaiser_HMO-AGA,1457.0,negotiated_dollar,947.05,reliable
"Northside Hospital Atlanta",json,"Cardiac Stress Test","STRESS TEST PHARM","","",outpatient,Kaiser,Kaiser_HMO-BARIATRIC,1457.0,negotiated_dollar,947.05,reliable
"Northside Hospital Atlanta",json,"Cardiac Stress Test","STRESS TEST PHARM","","",outpatient,Kaiser,Kaiser_HMO-GCS,1457.0,negotiated_dollar,947.05,reliable
"Northside Hospital Atlanta",json,"Cardiac Stress Test","STRESS TEST PHARM","","",outpatient,Kaiser,Kaiser_HMO-GPG/NOAS,1457.0,negotiated_dollar,947.05,reliable
"Northside Hospital Atlanta",json,"Cardiac Stress Test","STRESS TEST PHARM","","",outpatient,Kaiser,Kaiser_HMO-GYNONC,1457.0,negotiated_dollar,947.05,reliable
"Northside Hospital Atlanta",json,"Cardiac Stress Test","STRESS TEST PHARM","","",outpatient,Kaiser,Kaiser_HMO-MELANOMA,1457.0,negotiated_dollar,947.05,reliable
"Northside Hospital Atlanta",json,"Cardiac Stress Test","STRESS TEST PHARM","","",outpatient,Kaiser,Kaiser_HMO-NAPS/CVG/NPCPS/UPS,1457.0,negotiated_dollar,947.05,reliable
"Northside Hospital Atlanta",json,"Cardiac Stress Test","STRESS TEST PHARM","","",outpatient,Centene,"Peach State Medicaid",1457.0,negotiated_dollar,264.73,reliable
"Northside Hospital Atlanta",json,"Cardiac Stress Test","STRESS TEST PHARM","","",outpatient,Centene,"Peach State Medicare",1457.0,negotiated_dollar,298.21,reliable
"Northside Hospital Atlanta",json,"Cardiac Stress Test","STRESS TEST PHARM","","",outpatient,PHCS,PHCS,1457.0,negotiated_dollar,1092.75,reliable
"Northside Hospital Atlanta",json,"Cardiac Stress Test","STRESS TEST PHARM","","",outpatient,"Quick Trip","Quick Trip",1457.0,negotiated_dollar,801.35,reliable
"Northside Hospital Atlanta",json,"Cardiac Stress Test","STRESS TEST PHARM","","",outpatient,"Rabun County BOC","Rabun County BOC",1457.0,negotiated_dollar,1457.0,reliable
"Northside Hospital Atlanta",json,"Cardiac Stress Test","STRESS TEST PHARM","","",outpatient,Spreemo,Spreemo,1457.0,negotiated_dollar,652.57,reliable
"Northside Hospital Atlanta",json,"Cardiac Stress Test","STRESS TEST PHARM","","",outpatient,"Streamline Imaging","Streamline Imaging",1457.0,negotiated_dollar,734.14,reliable
"Northside Hospital Atlanta",json,"Cardiac Stress Test","STRESS TEST PHARM","","",outpatient,Tricare,Tricare,1457.0,negotiated_dollar,219.32,reliable
"Northside Hospital Atlanta",json,"Cardiac Stress Test","STRESS TEST PHARM","","",outpatient,"Truths Community","Truths Community",1457.0,negotiated_dollar,312.0,reliable
"Northside Hospital Atlanta",json,"Cardiac Stress Test","STRESS TEST PHARM","","",outpatient,UHC,"UHC GA Individual Exchange",1457.0,negotiated_dollar,767.84,reliable
"Northside Hospital Atlanta",json,"Cardiac Stress Test","STRESS TEST PHARM","","",outpatient,UHC,"UHC Heritage Select",1457.0,negotiated_dollar,1030.1,reliable
"Northside Hospital Atlanta",json,"Cardiac Stress Test","STRESS TEST PHARM","","",outpatient,UHC,"UHC HMO/POS/PPO",1457.0,negotiated_dollar,904.07,reliable
"Northside Hospital Atlanta",json,"Cardiac Stress Test","STRESS TEST PHARM","","",outpatient,UHC,"UHC HMO/POS/PPO-G",1457.0,negotiated_dollar,904.07,reliable
"Northside Hospital Atlanta",json,"Cardiac Stress Test","STRESS TEST PHARM","","",outpatient,UHC,"UHC HMO/POS/PPO-T",1457.0,negotiated_dollar,904.07,reliable
"Northside Hospital Atlanta",json,"Cardiac Stress Test","STRESS TEST TREADMILL OR PHARM","","",outpatient,UHC,"UHC Medicare",1457.0,negotiated_dollar,215.81,reliable
"Northside Hospital Atlanta",json,"Cardiac Stress Test","STRESS TEST TREADMILL OR PHARM","","",outpatient,"US Dept of Labor WC","US Dept of Labor WC",1457.0,negotiated_dollar,274.15,reliable
"Northside Hospital Atlanta",json,"Cardiac Stress Test","STRESS TEST TREADMILL OR PHARM","","",outpatient,Wellcare,"Wellcare Medicare Advantage",1457.0,negotiated_dollar,222.28,reliable
"Northside Hospital Atlanta",json,"Cardiac Stress Test","STRESS TEST TREADMILL OR PHARM","","",outpatient,Humana,"Humana Medicare Advantage PPO",1457.0,negotiated_dollar,224.44,reliable
"Northside Hospital Atlanta",json,"Cardiac Stress Test","STRESS TEST TREADMILL OR PHARM","","",outpatient,"Institutional 100 Percent of Medicare","Institutional 100 Percent of Medicare",1457.0,negotiated_dollar,215.81,reliable
"Northside Hospital Atlanta",json,"Cardiac Stress Test","STRESS TEST TREADMILL OR PHARM","","",outpatient,"Institutional 110 Percent of Medicare","Institutional 110 Percent of Medicare",1457.0,negotiated_dollar,241.25,reliable
"Northside Hospital Atlanta",json,"Cardiac Stress Test","STRESS TEST TREADMILL OR PHARM","","",outpatient,"Institutional 120 Percent of Medicare","Institutional 120 Percent of Medicare",1457.0,negotiated_dollar,263.18,reliable
"Northside Hospital Atlanta",json,"Cardiac Stress Test","STRESS TEST TREADMILL OR PHARM","","",outpatient,Kaiser,"Kaiser Medicare Advantage",1457.0,negotiated_dollar,222.28,reliable
"Northside Hospital Atlanta",json,"Cardiac Stress Test","STRESS TEST TREADMILL OR PHARM","","",outpatient,Medicare,Medicare,1457.0,negotiated_dollar,215.81,reliable
"Northside Hospital Atlanta",json,"Cardiac Stress Test","STRESS TEST TREADMILL OR PHARM","","",outpatient,"CLEAR SPRINGS EON HEALTH","CLEAR SPRINGS EON HEALTH",1457.0,negotiated_dollar,215.81,reliable
"Northside Hospital Atlanta",json,"Cardiac Stress Test","STRESS TEST TREADMILL OR PHARM","","",outpatient,"VA CCN","VA CCN",1457.0,negotiated_dollar,215.81,reliable
"Northside Hospital Atlanta",json,"Cardiac Stress Test","STRESS TEST TREADMILL OR PHARM","","",outpatient,"Pruitt Health Premier","Pruitt Health Premier",1457.0,negotiated_dollar,226.6,reliable
"Northside Hospital Atlanta",json,"Cardiac Stress Test","STRESS TEST TREADMILL OR PHARM","","",outpatient,Aetna,"Aetna Medicare",1457.0,negotiated_dollar,220.13,reliable
"Northside Hospital Atlanta",json,"Cardiac Stress Test","STRESS TEST TREADMILL OR PHARM","","",outpatient,BCBS,"BCBS Medicare Advantage",1457.0,negotiated_dollar,215.81,reliable
"Northside Hospital Atlanta",json,"Cardiac Stress Test","STRESS TEST TREADMILL OR PHARM","","",outpatient,BCBS,"BCBS Medicare Advantage-P",1457.0,negotiated_dollar,215.81,reliable
"Northside Hospital Atlanta",json,"Cardiac Stress Test","STRESS TEST TREADMILL OR PHARM","","",outpatient,BCCP,BCCP,1457.0,negotiated_dollar,219.32,reliable
"Northside Hospital Atlanta",json,"Cardiac Stress Test","STRESS TEST TREADMILL OR PHARM","","",outpatient,CareSource,"CareSource Medicare Advantage",1457.0,negotiated_dollar,222.28,reliable
"Northside Hospital Atlanta",json,"Cardiac Stress Test","STRESS TEST TREADMILL OR PHARM","","",outpatient,CBWW,CBWW,1457.0,negotiated_dollar,219.32,reliable
"Northside Hospital Atlanta",json,"Cardiac Stress Test","STRESS TEST TREADMILL OR PHARM","","",outpatient,"Clover Health","Clover Health",1457.0,negotiated_dollar,226.56,reliable
"Northside Hospital Atlanta",json,"Cardiac Stress Test","STRESS TEST TREADMILL OR PHARM","","",outpatient,Coventry,"Coventry Medicare",1457.0,negotiated_dollar,220.13,reliable
"Northside Hospital Atlanta",json,"Cardiac Stress Test","STRESS TEST TREADMILL OR PHARM","","",outpatient,"Devoted Medicare Advantage","Devoted Medicare Advantage",1457.0,negotiated_dollar,226.6,reliable
"Northside Hospital Atlanta",json,"Cardiac Stress Test","STRESS TEST TREADMILL OR PHARM","","",outpatient,"Fairly Group","Fairly Group",1457.0,negotiated_dollar,248.05,reliable
"Northside Hospital Atlanta",json,"Cardiac Stress Test","STRESS TEST TREADMILL OR PHARM","","",outpatient,Humana,"Humana Medicare Advantage HMO",1457.0,negotiated_dollar,217.97,reliable
"Northside Hospital Atlanta",json,"Cardiac Stress Test","STRESS TEST TREADMILL OR PHARM","","",inpatient,BCBS,"BCBS PRUDT BUYER",1457.0,negotiated_dollar,1015.53,reliable
"Northside Hospital Atlanta",json,"Cardiac Stress Test","STRESS TEST TREADMILL OR PHARM","","",inpatient,"Beech Steet","Beech Street",1457.0,negotiated_dollar,1238.45,reliable
"Northside Hospital Atlanta",json,"Cardiac Stress Test","STRESS TEST TREADMILL OR PHARM","","",inpatient,CareIQ,CareIQ,1457.0,negotiated_dollar,1457.0,reliable
"Northside Hospital Atlanta",json,"Cardiac Stress Test","STRESS TEST TREADMILL OR PHARM","","",inpatient,CareSource,"CareSource MarketPlace",1457.0,negotiated_dollar,542.0,reliable
"Northside Hospital Atlanta",json,"Cardiac Stress Test","STRESS TEST TREADMILL OR PHARM","","",inpatient,"Dekalb_Department of Health","Dekalb_Department of Health",1457.0,negotiated_dollar,1457.0,reliable
"Northside Hospital Atlanta",json,"Cardiac Stress Test","STRESS TEST TREADMILL OR PHARM","","",inpatient,FIFA,FIFA,1457.0,negotiated_dollar,1457.0,reliable
"Northside Hospital Atlanta",json,"Cardiac Stress Test","STRESS TEST TREADMILL OR PHARM","","",inpatient,Coventry,"First Health and Coventry National",1457.0,negotiated_dollar,990.76,reliable
"Northside Hospital Atlanta",json,"Cardiac Stress Test","STRESS TEST TREADMILL OR PHARM","","",inpatient,"Georgia Reproductive Specialists","Georgia Reproductive Specialists (SGF)",1457.0,negotiated_dollar,582.8,reliable
"Northside Hospital Atlanta",json,"Cardiac Stress Test","STRESS TEST TREADMILL OR PHARM","","",inpatient,Multiplan,"Multiplan PPO",1457.0,negotiated_dollar,1238.45,reliable
"Northside Hospital Atlanta",json,"Cardiac Stress Test","STRESS TEST TREADMILL OR PHARM","","",inpatient,"Multiplan Workers Comp","Multiplan Workers Comp",1457.0,negotiated_dollar,1238.45,reliable
"Northside Hospital Atlanta",json,"Cardiac Stress Test","STRESS TEST TREADMILL OR PHARM","","",inpatient,NovaNet_PPO,NovaNet_PPO,1457.0,negotiated_dollar,1019.9,reliable
"Northside Hospital Atlanta",json,"Cardiac Stress Test","STRESS TEST TREADMILL OR PHARM","","",inpatient,"Quick Trip","Quick Trip",1457.0,negotiated_dollar,801.35,reliable
"Northside Hospital Atlanta",json,"Cardiac Stress Test","STRESS TEST TREADMILL OR PHARM","","",inpatient,"Rabun County BOC","Rabun County BOC",1457.0,negotiated_dollar,1457.0,reliable
"Northside Hospital Atlanta",json,"Cardiac Stress Test","STRESS TEST TREADMILL OR PHARM","","",outpatient,Kaiser,Kaiser_SF-GCS,1457.0,negotiated_dollar,947.05,reliable
"Northside Hospital Atlanta",json,"Cardiac Stress Test","STRESS TEST TREADMILL OR PHARM","","",outpatient,Kaiser,Kaiser_SF-GPG/NOAS,1457.0,negotiated_dollar,947.05,reliable
"Northside Hospital Atlanta",json,"Cardiac Stress Test","STRESS TEST TREADMILL OR PHARM","","",outpatient,Kaiser,Kaiser_SF-GYNONC,1457.0,negotiated_dollar,947.05,reliable
"Northside Hospital Atlanta",json,"Cardiac Stress Test","STRESS TEST TREADMILL OR PHARM","","",outpatient,Kaiser,Kaiser_SF-MELANOMA,1457.0,negotiated_dollar,947.05,reliable
"Northside Hospital Atlanta",json,"Cardiac Stress Test","STRESS TEST TREADMILL OR PHARM","","",outpatient,Kaiser,Kaiser_SF-NAPS/CVG/NPCPS/UPS,1457.0,negotiated_dollar,947.05,reliable
"Northside Hospital Atlanta",json,"Cardiac Stress Test","STRESS TEST TREADMILL OR PHARM","","",outpatient,Kaiser,"Kaiser_SF-THOR SURG",1457.0,negotiated_dollar,947.05,reliable
"Northside Hospital Atlanta",json,"Cardiac Stress Test","STRESS TEST TREADMILL OR PHARM","","",outpatient,Kaiser,"Kaiser_SF-VASC SURG",1457.0,negotiated_dollar,947.05,reliable
"Northside Hospital Atlanta",json,"Cardiac Stress Test","STRESS TEST TREADMILL OR PHARM","","",outpatient,"Med Care Solutions","Med Care Solutions",1457.0,negotiated_dollar,655.65,reliable
"Northside Hospital Atlanta",json,"Cardiac Stress Test","STRESS TEST TREADMILL OR PHARM","","",outpatient,"MedLien Healthcare Services","MedLien Healthcare Services",1457.0,negotiated_dollar,582.8,reliable
"Northside Hospital Atlanta",json,"Cardiac Stress Test","STRESS TEST TREADMILL OR PHARM","","",outpatient,MTI,MTI,1457.0,negotiated_dollar,62.0,reliable
"Northside Hospital Atlanta",json,"Cardiac Stress Test","STRESS TEST TREADMILL OR PHARM","","",outpatient,Multiplan,"Multiplan PPO",1457.0,negotiated_dollar,1238.45,reliable
"Northside Hospital Atlanta",json,"Cardiac Stress Test","STRESS TEST TREADMILL OR PHARM","","",outpatient,"Multiplan Workers Comp","Multiplan Workers Comp",1457.0,negotiated_dollar,1238.45,reliable
"Northside Hospital Atlanta",json,"Cardiac Stress Test","STRESS TEST TREADMILL OR PHARM","","",outpatient,"Northside Health Network","Northside Health Network",1457.0,negotiated_dollar,903.34,reliable
"Northside Hospital Atlanta",json,"Cardiac Stress Test","STRESS TEST TREADMILL OR PHARM","","",outpatient,"Northside Health Network","Northside Health Network-S",1457.0,negotiated_dollar,903.34,reliable
"Northside Hospital Atlanta",json,"Cardiac Stress Test","STRESS TEST TREADMILL OR PHARM","","",outpatient,NovaNet_PPO,NovaNet_PPO,1457.0,negotiated_dollar,1019.9,reliable
"Northside Hospital Atlanta",json,"Cardiac Stress Test","STRESS TEST TREADMILL OR PHARM","","",outpatient,"One Call Diagnostics","One Call Diagnostics",1457.0,negotiated_dollar,62.0,reliable
"Northside Hospital Atlanta",json,"Cardiac Stress Test","STRESS TEST TREADMILL OR PHARM","","",outpatient,Oscar,Oscar,1457.0,negotiated_dollar,684.79,reliable
"Northside Hospital Atlanta",json,"Cardiac Stress Test","STRESS TEST TREADMILL OR PHARM","","",outpatient,Aetna,"Aetna HMO/POS/PPO",1457.0,negotiated_dollar,990.76,reliable
"Northside Hospital Atlanta",json,"Cardiac Stress Test","STRESS TEST TREADMILL OR PHARM","","",outpatient,Aetna,"Aetna HMO/POS/PPO-G",1457.0,negotiated_dollar,990.76,reliable
"Northside Hospital Atlanta",json,"Cardiac Stress Test","STRESS TEST TREADMILL OR PHARM","","",outpatient,Aetna,"Aetna HMO/POS/PPO-Q",1457.0,negotiated_dollar,990.76,reliable
"Northside Hospital Atlanta",json,"Cardiac Stress Test","STRESS TEST TREADMILL OR PHARM","","",outpatient,Aetna,"Aetna Whole Health",1457.0,negotiated_dollar,728.5,reliable
"Northside Hospital Atlanta",json,"Cardiac Stress Test","STRESS TEST TREADMILL OR PHARM","","",outpatient,Aetna,"Aetna Whole Health-G",1457.0,negotiated_dollar,728.5,reliable
"Northside Hospital Atlanta",json,"Cardiac Stress Test","STRESS TEST TREADMILL OR PHARM","","",outpatient,Centene,"Ambetter PAR",1457.0,negotiated_dollar,684.79,reliable
"Northside Hospital Atlanta",json,"Cardiac Stress Test","STRESS TEST TREADMILL OR PHARM","","",outpatient,BCBS,"BCBS PRUDT BUYER",1457.0,negotiated_dollar,1015.53,reliable
"Northside Hospital Atlanta",json,"Cardiac Stress Test","STRESS TEST TREADMILL OR PHARM","","",outpatient,"Employers Choice Network","Employers Choice Network",1457.0,negotiated_dollar,774.92,reliable
"Northside Hospital Atlanta",json,"Cardiac Stress Test","STRESS TEST TREADMILL OR PHARM","","",outpatient,"Fieldale Farms WC","Fieldale Farms WC",1457.0,negotiated_dollar,815.71,reliable
"Northside Hospital Atlanta",json,"Cardiac Stress Test","STRESS TEST TREADMILL OR PHARM","","",outpatient,Amerigroup,"Amerigroup Medicaid",1457.0,negotiated_dollar,264.73,reliable
"Northside Hospital Atlanta",json,"Cardiac Stress Test","STRESS TEST TREADMILL OR PHARM","","",outpatient,Kaiser,"Kaiser Dual Choice PPO",1457.0,negotiated_dollar,1267.59,reliable
"Northside Hospital Atlanta",json,"Cardiac Stress Test","STRESS TEST TREADMILL OR PHARM","","",outpatient,Kaiser,"Kaiser Dual Choice PPO-AGA",1457.0,negotiated_dollar,1267.59,reliable
"Northside Hospital Atlanta",json,"Cardiac Stress Test","STRESS TEST TREADMILL OR PHARM","","",outpatient,Kaiser,"Kaiser Dual Choice PPO-BARIATRIC",1457.0,negotiated_dollar,1267.59,reliable
"Northside Hospital Atlanta",json,"Cardiac Stress Test","STRESS TEST TREADMILL OR PHARM","","",outpatient,Kaiser,"Kaiser Dual Choice PPO-GCS",1457.0,negotiated_dollar,1267.59,reliable
"Northside Hospital Atlanta",json,"Cardiac Stress Test","STRESS TEST TREADMILL OR PHARM","","",outpatient,Kaiser,"Kaiser Dual Choice PPO-GYNONC",1457.0,negotiated_dollar,1267.59,reliable
"Northside Hospital Atlanta",json,"Cardiac Stress Test","STRESS TEST TREADMILL OR PHARM","","",outpatient,Amerigroup,"Amerigroup Medicare Advantage",1457.0,negotiated_dollar,235.58,reliable
"Northside Hospital Atlanta",json,"Cardiac Stress Test","STRESS TEST TREADMILL OR PHARM","","",outpatient,"Authentic 4D","Authentic 4D",1457.0,negotiated_dollar,734.14,reliable
"Northside Hospital Atlanta",json,"Cardiac Stress Test","STRESS TEST TREADMILL OR PHARM","","",outpatient,BCBS,BCBS_HMO,1457.0,negotiated_dollar,814.46,reliable
"Northside Hospital Atlanta",json,"Cardiac Stress Test","STRESS TEST TREADMILL OR PHARM","","",outpatient,BCBS,BCBS_HMO-L,1457.0,negotiated_dollar,814.46,reliable
"Northside Hospital Atlanta",json,"Cardiac Stress Test","STRESS TEST TREADMILL OR PHARM","","",outpatient,BCBS,BCBS_PATHWAY,1457.0,negotiated_dollar,407.09,reliable
"Northside Hospital Atlanta",json,"Cardiac Stress Test","STRESS TEST TREADMILL OR PHARM","","",outpatient,Kaiser,"Kaiser Dual Choice PPO-MELANOMA",1457.0,negotiated_dollar,1267.59,reliable
"Northside Hospital Atlanta",json,"Cardiac Stress Test","STRESS TEST TREADMILL OR PHARM","","",outpatient,Kaiser,"Kaiser Dual Choice PPO-NAPS/CVG/NPCPS/UPS",1457.0,negotiated_dollar,1267.59,reliable
"Northside Hospital Atlanta",json,"Cardiac Stress Test","STRESS TEST TREADMILL OR PHARM","","",outpatient,Kaiser,"Kaiser Dual Choice PPO-THOR SURG",1457.0,negotiated_dollar,1267.59,reliable
"Northside Hospital Atlanta",json,"Cardiac Stress Test","STRESS TEST TREADMILL OR PHARM","","",outpatient,BCBS,BCBS_PATHWAY-L,1457.0,negotiated_dollar,407.09,reliable
"Northside Hospital Atlanta",json,"Cardiac Stress Test","STRESS TEST TREADMILL OR PHARM","","",outpatient,FIFA,FIFA,1457.0,negotiated_dollar,1457.0,reliable
"Northside Hospital Atlanta",json,"Cardiac Stress Test","STRESS TEST TREADMILL OR PHARM","","",outpatient,Coventry,"First Health and Coventry National",1457.0,negotiated_dollar,874.2,reliable
"Northside Hospital Atlanta",json,"Cardiac Stress Test","STRESS TEST TREADMILL OR PHARM","","",outpatient,"Genex/Priority Care Solutions","Genex/Priority Care Solutions",1457.0,negotiated_dollar,652.57,reliable
"Northside Hospital Atlanta",json,"Cardiac Stress Test","STRESS TEST TREADMILL OR PHARM","","",outpatient,BCBS,BCBS_PPO,1457.0,negotiated_dollar,968.91,reliable
"Northside Hospital Atlanta",json,"Cardiac Stress Test","STRESS TEST TREADMILL OR PHARM","","",outpatient,BCBS,BCBS_PPO-L,1457.0,negotiated_dollar,968.91,reliable
"Northside Hospital Atlanta",json,"Cardiac Stress Test","STRESS TEST TREADMILL OR PHARM","","",outpatient,"Beech Steet","Beech Street",1457.0,negotiated_dollar,1238.45,reliable
"Northside Hospital Atlanta",json,"Cardiac Stress Test","STRESS TEST TREADMILL OR PHARM","","",outpatient,BCBS,"Blue HPN",1457.0,negotiated_dollar,629.86,reliable
"Northside Hospital Atlanta",json,"Cardiac Stress Test","STRESS TEST TREADMILL OR PHARM","","",outpatient,Kaiser,"Kaiser Dual Choice PPO-VASC SURG",1457.0,negotiated_dollar,1267.59,reliable
"Northside Hospital Atlanta",json,"Cardiac Stress Test","STRESS TEST TREADMILL OR PHARM","","",outpatient,Kaiser,Kaiser_HMO,1457.0,negotiated_dollar,947.05,reliable
"Northside Hospital Atlanta",json,"Cardiac Stress Test","STRESS TEST TREADMILL OR PHARM","","",outpatient,Kaiser,Kaiser_HMO-AGA,1457.0,negotiated_dollar,947.05,reliable
"Northside Hospital Atlanta",json,"Cardiac Stress Test","STRESS TEST TREADMILL OR PHARM","","",outpatient,Kaiser,Kaiser_HMO-BARIATRIC,1457.0,negotiated_dollar,947.05,reliable
"Northside Hospital Atlanta",json,"Cardiac Stress Test","STRESS TEST TREADMILL OR PHARM","","",outpatient,Kaiser,Kaiser_HMO-GCS,1457.0,negotiated_dollar,947.05,reliable
"Northside Hospital Atlanta",json,"Cardiac Stress Test","STRESS TEST TREADMILL OR PHARM","","",outpatient,Kaiser,Kaiser_HMO-GPG/NOAS,1457.0,negotiated_dollar,947.05,reliable
"Northside Hospital Atlanta",json,"Cardiac Stress Test","STRESS TEST TREADMILL OR PHARM","","",outpatient,BCBS,"Blue HPN-L",1457.0,negotiated_dollar,629.86,reliable
"Northside Hospital Atlanta",json,"Cardiac Stress Test","STRESS TEST TREADMILL OR PHARM","","",outpatient,CareIQ,CareIQ,1457.0,negotiated_dollar,1457.0,reliable
"Northside Hospital Atlanta",json,"Cardiac Stress Test","STRESS TEST TREADMILL OR PHARM","","",outpatient,Kaiser,"Kaiser Dual Choice PPO-GPG/NOAS",1457.0,negotiated_dollar,1267.59,reliable
"Northside Hospital Atlanta",json,"Cardiac Stress Test","STRESS TEST TREADMILL OR PHARM","","",outpatient,CareSource,CareSource,1457.0,negotiated_dollar,272.67,reliable
"Northside Hospital Atlanta",json,"Cardiac Stress Test","STRESS TEST TREADMILL OR PHARM","","",outpatient,CareSource,"CareSource MarketPlace",1457.0,negotiated_dollar,542.0,reliable
"Northside Hospital Atlanta",json,"Cardiac Stress Test","STRESS TEST TREADMILL OR PHARM","","",outpatient,"CHAMPUS VA","CHAMPUS VA",1457.0,negotiated_dollar,37.17,reliable
"Northside Hospital Atlanta",json,"Cardiac Stress Test","STRESS TEST TREADMILL OR PHARM","","",outpatient,Cigna,Cigna,1457.0,negotiated_dollar,917.91,reliable
"Northside Hospital Atlanta",json,"Cardiac Stress Test","STRESS TEST TREADMILL OR PHARM","","",outpatient,Kaiser,Kaiser_HMO-GYNONC,1457.0,negotiated_dollar,947.05,reliable
"Northside Hospital Atlanta",json,"Cardiac Stress Test","STRESS TEST TREADMILL OR PHARM","","",outpatient,Kaiser,Kaiser_HMO-MELANOMA,1457.0,negotiated_dollar,947.05,reliable
"Northside Hospital Atlanta",json,"Cardiac Stress Test","STRESS TEST TREADMILL OR PHARM","","",outpatient,Kaiser,Kaiser_HMO-NAPS/CVG/NPCPS/UPS,1457.0,negotiated_dollar,947.05,reliable
"Northside Hospital Atlanta",json,"Cardiac Stress Test","STRESS TEST TREADMILL OR PHARM","","",outpatient,Kaiser,"Kaiser_HMO-VASC SURG",1457.0,negotiated_dollar,947.05,reliable
"Northside Hospital Atlanta",json,"Cardiac Stress Test","STRESS TEST TREADMILL OR PHARM","","",outpatient,Kaiser,Kaiser_SF,1457.0,negotiated_dollar,947.05,reliable
"Northside Hospital Atlanta",json,"Cardiac Stress Test","STRESS TEST TREADMILL OR PHARM","","",outpatient,Kaiser,Kaiser_SF-AGA,1457.0,negotiated_dollar,947.05,reliable
"Northside Hospital Atlanta",json,"Cardiac Stress Test","STRESS TEST TREADMILL OR PHARM","","",outpatient,Kaiser,Kaiser_SF-BARIATRIC,1457.0,negotiated_dollar,947.05,reliable
"Northside Hospital Atlanta",json,"Cardiac Stress Test","STRESS TEST TREADMILL OR PHARM","","",outpatient,Cigna,Cigna-G,1457.0,negotiated_dollar,917.91,reliable
"Northside Hospital Atlanta",json,"Cardiac Stress Test","STRESS TEST TREADMILL OR PHARM","","",outpatient,Cigna,Cigna-H,1457.0,negotiated_dollar,917.91,reliable
"Northside Hospital Atlanta",json,"Cardiac Stress Test","STRESS TEST TREADMILL OR PHARM","","",outpatient,Cigna,Cigna-L,1457.0,negotiated_dollar,917.91,reliable
"Northside Hospital Atlanta",json,"Cardiac Stress Test","STRESS TEST TREADMILL OR PHARM","","",outpatient,Cigna,"CIGNA HealthSprings Medicare Advantage",1457.0,negotiated_dollar,237.85,reliable
"Northside Hospital Atlanta",json,"Cardiac Stress Test","STRESS TEST TREADMILL OR PHARM","","",outpatient,"Corvel Workers Comp","Corvel Workers Comp",1457.0,negotiated_dollar,774.92,reliable
"Northside Hospital Atlanta",json,"Cardiac Stress Test","STRESS TEST TREADMILL OR PHARM","","",outpatient,"Dekalb_Department of Health","Dekalb_Department of Health",1457.0,negotiated_dollar,1457.0,reliable
"Northside Hospital Atlanta",json,"Cardiac Stress Test","STRESS TEST TREADMILL OR PHARM","","",outpatient,"Georgia Reproductive Specialists","Georgia Reproductive Specialists (SGF)",1457.0,negotiated_dollar,582.8,reliable
"Northside Hospital Atlanta",json,"Cardiac Stress Test","STRESS TEST TREADMILL OR PHARM","","",outpatient,"Georgia Workers Compensation","Georgia Workers Comp",1457.0,negotiated_dollar,815.71,reliable
"Northside Hospital Atlanta",json,"Cardiac Stress Test","STRESS TEST TREADMILL OR PHARM","","",outpatient,"Health One Alliance_PPO","Health One Alliance_PPO",1457.0,negotiated_dollar,801.35,reliable
"Northside Hospital Atlanta",json,"Cardiac Stress Test","STRESS TEST TREADMILL OR PHARM","","",outpatient,HomeLink,HomeLink,1457.0,negotiated_dollar,65.88,reliable
"Northside Hospital Atlanta",json,"Cardiac Stress Test","STRESS TEST TREADMILL OR PHARM","","",outpatient,"Institutional 115 Percent_Georgia Medicaid","Institutional 115 Percent_Georgia Medicaid",1457.0,negotiated_dollar,304.44,reliable
"Northside Hospital Atlanta",json,"Cardiac Stress Test","STRESS TEST TREADMILL OR PHARM","","",outpatient,"Institutional GA Medicaid","Institutional GA Medicaid",1457.0,negotiated_dollar,264.73,reliable
"Northside Hospital Atlanta",json,"Cardiac Stress Test","STRESS TEST TREADMILL OR PHARM","","",outpatient,"Institutional Marietta Surgery Center","Institutional Marietta Surgery Center",1457.0,negotiated_dollar,1457.0,reliable
"Northside Hospital Atlanta",json,"Cardiac Stress Test","STRESS TEST TREADMILL OR PHARM","","",outpatient,"Institutional Veterans Evaluation Services","Institutional Veterans Evaluation Services",1457.0,negotiated_dollar,1457.0,reliable
"Northside Hospital Atlanta",json,"Cardiac Stress Test","STRESS TEST TREADMILL OR PHARM","","",outpatient,Centene,"Peach State Medicaid",1457.0,negotiated_dollar,264.73,reliable
"Northside Hospital Atlanta",json,"Cardiac Stress Test","STRESS TEST TREADMILL OR PHARM","","",outpatient,UHC,"UHC Heritage Select",1457.0,negotiated_dollar,1030.1,reliable
"Northside Hospital Atlanta",json,"Cardiac Stress Test","STRESS TEST TREADMILL OR PHARM","","",outpatient,UHC,"UHC HMO/POS/PPO",1457.0,negotiated_dollar,904.07,reliable
"Northside Hospital Atlanta",json,"Cardiac Stress Test","STRESS TEST TREADMILL OR PHARM","","",outpatient,UHC,"UHC HMO/POS/PPO-G",1457.0,negotiated_dollar,904.07,reliable
"Northside Hospital Atlanta",json,"Cardiac Stress Test","STRESS TEST TREADMILL OR PHARM","","",outpatient,UHC,"UHC HMO/POS/PPO-T",1457.0,negotiated_dollar,904.07,reliable
"Northside Hospital Atlanta",json,"Cardiac Stress Test","STRESS TEST TREADMILL OR PHARM","","",outpatient,Centene,"Peach State Medicare",1457.0,negotiated_dollar,298.21,reliable
"Northside Hospital Atlanta",json,"Cardiac Stress Test","STRESS TEST TREADMILL OR PHARM","","",outpatient,PHCS,PHCS,1457.0,negotiated_dollar,1092.75,reliable
"Northside Hospital Atlanta",json,"Cardiac Stress Test","STRESS TEST TREADMILL OR PHARM","","",outpatient,"Quick Trip","Quick Trip",1457.0,negotiated_dollar,801.35,reliable
"Northside Hospital Atlanta",json,"Cardiac Stress Test","STRESS TEST TREADMILL OR PHARM","","",outpatient,"Rabun County BOC","Rabun County BOC",1457.0,negotiated_dollar,1457.0,reliable
"Northside Hospital Atlanta",json,"Cardiac Stress Test","STRESS TEST TREADMILL OR PHARM","","",outpatient,Spreemo,Spreemo,1457.0,negotiated_dollar,652.57,reliable
"Northside Hospital Atlanta",json,"Cardiac Stress Test","STRESS TEST TREADMILL OR PHARM","","",outpatient,"Streamline Imaging","Streamline Imaging",1457.0,negotiated_dollar,734.14,reliable
"Northside Hospital Atlanta",json,"Cardiac Stress Test","STRESS TEST TREADMILL OR PHARM","","",outpatient,Tricare,Tricare,1457.0,negotiated_dollar,219.32,reliable
"Northside Hospital Atlanta",json,"Cardiac Stress Test","STRESS TEST TREADMILL OR PHARM","","",outpatient,"Truths Community","Truths Community",1457.0,negotiated_dollar,312.0,reliable
"Northside Hospital Atlanta",json,"Cardiac Stress Test","STRESS TEST TREADMILL OR PHARM","","",outpatient,UHC,"UHC GA Individual Exchange",1457.0,negotiated_dollar,767.84,reliable
"Northside Hospital Atlanta",json,"Cardiac Stress Test","STRESS TEST EXERCISE  /OR PHARM","","",outpatient,Wellcare,"Wellcare Medicare Advantage",1457.0,negotiated_dollar,222.28,reliable
"Northside Hospital Atlanta",json,"Cardiac Stress Test","STRESS TEST EXERCISE  /OR PHARM","","",outpatient,Aetna,"Aetna Medicare",1457.0,negotiated_dollar,220.13,reliable
"Northside Hospital Atlanta",json,"Cardiac Stress Test","STRESS TEST EXERCISE  /OR PHARM","","",outpatient,BCBS,"BCBS Medicare Advantage",1457.0,negotiated_dollar,215.81,reliable
"Northside Hospital Atlanta",json,"Cardiac Stress Test","STRESS TEST EXERCISE  /OR PHARM","","",outpatient,Medicare,Medicare,1457.0,negotiated_dollar,215.81,reliable
"Northside Hospital Atlanta",json,"Cardiac Stress Test","STRESS TEST EXERCISE  /OR PHARM","","",outpatient,"CLEAR SPRINGS EON HEALTH","CLEAR SPRINGS EON HEALTH",1457.0,negotiated_dollar,215.81,reliable
"Northside Hospital Atlanta",json,"Cardiac Stress Test","STRESS TEST EXERCISE  /OR PHARM","","",outpatient,"VA CCN","VA CCN",1457.0,negotiated_dollar,215.81,reliable
"Northside Hospital Atlanta",json,"Cardiac Stress Test","STRESS TEST EXERCISE  /OR PHARM","","",outpatient,"Pruitt Health Premier","Pruitt Health Premier",1457.0,negotiated_dollar,226.6,reliable
"Northside Hospital Atlanta",json,"Cardiac Stress Test","STRESS TEST EXERCISE  /OR PHARM","","",outpatient,UHC,"UHC Medicare",1457.0,negotiated_dollar,215.81,reliable
"Northside Hospital Atlanta",json,"Cardiac Stress Test","STRESS TEST EXERCISE  /OR PHARM","","",outpatient,"US Dept of Labor WC","US Dept of Labor WC",1457.0,negotiated_dollar,274.15,reliable
"Northside Hospital Atlanta",json,"Cardiac Stress Test","STRESS TEST EXERCISE  /OR PHARM","","",outpatient,BCBS,"BCBS Medicare Advantage-P",1457.0,negotiated_dollar,215.81,reliable
"Northside Hospital Atlanta",json,"Cardiac Stress Test","STRESS TEST EXERCISE  /OR PHARM","","",outpatient,BCCP,BCCP,1457.0,negotiated_dollar,219.32,reliable
"Northside Hospital Atlanta",json,"Cardiac Stress Test","STRESS TEST EXERCISE  /OR PHARM","","",outpatient,CareSource,"CareSource Medicare Advantage",1457.0,negotiated_dollar,222.28,reliable
"Northside Hospital Atlanta",json,"Cardiac Stress Test","STRESS TEST EXERCISE  /OR PHARM","","",outpatient,CBWW,CBWW,1457.0,negotiated_dollar,219.32,reliable
"Northside Hospital Atlanta",json,"Cardiac Stress Test","STRESS TEST EXERCISE  /OR PHARM","","",outpatient,"Clover Health","Clover Health",1457.0,negotiated_dollar,226.56,reliable
"Northside Hospital Atlanta",json,"Cardiac Stress Test","STRESS TEST EXERCISE  /OR PHARM","","",outpatient,Coventry,"Coventry Medicare",1457.0,negotiated_dollar,220.13,reliable
"Northside Hospital Atlanta",json,"Cardiac Stress Test","STRESS TEST EXERCISE  /OR PHARM","","",outpatient,"Devoted Medicare Advantage","Devoted Medicare Advantage",1457.0,negotiated_dollar,226.6,reliable
"Northside Hospital Atlanta",json,"Cardiac Stress Test","STRESS TEST EXERCISE  /OR PHARM","","",outpatient,"Fairly Group","Fairly Group",1457.0,negotiated_dollar,248.05,reliable
"Northside Hospital Atlanta",json,"Cardiac Stress Test","STRESS TEST EXERCISE  /OR PHARM","","",outpatient,Humana,"Humana Medicare Advantage HMO",1457.0,negotiated_dollar,217.97,reliable
"Northside Hospital Atlanta",json,"Cardiac Stress Test","STRESS TEST EXERCISE  /OR PHARM","","",outpatient,Humana,"Humana Medicare Advantage PPO",1457.0,negotiated_dollar,224.44,reliable
"Northside Hospital Atlanta",json,"Cardiac Stress Test","STRESS TEST EXERCISE  /OR PHARM","","",outpatient,"Institutional 100 Percent of Medicare","Institutional 100 Percent of Medicare",1457.0,negotiated_dollar,215.81,reliable
"Northside Hospital Atlanta",json,"Cardiac Stress Test","STRESS TEST EXERCISE  /OR PHARM","","",outpatient,"Institutional 110 Percent of Medicare","Institutional 110 Percent of Medicare",1457.0,negotiated_dollar,241.25,reliable
"Northside Hospital Atlanta",json,"Cardiac Stress Test","STRESS TEST EXERCISE  /OR PHARM","","",outpatient,"Institutional 120 Percent of Medicare","Institutional 120 Percent of Medicare",1457.0,negotiated_dollar,263.18,reliable
"Northside Hospital Atlanta",json,"Cardiac Stress Test","STRESS TEST EXERCISE  /OR PHARM","","",outpatient,Kaiser,"Kaiser Medicare Advantage",1457.0,negotiated_dollar,222.28,reliable
"Northside Hospital Atlanta",json,"Cardiac Stress Test","STRESS TEST EXERCISE  /OR PHARM","","",inpatient,Coventry,"First Health and Coventry National",1457.0,negotiated_dollar,990.76,reliable
"Northside Hospital Atlanta",json,"Cardiac Stress Test","STRESS TEST EXERCISE  /OR PHARM","","",inpatient,"Georgia Reproductive Specialists","Georgia Reproductive Specialists (SGF)",1457.0,negotiated_dollar,582.8,reliable
"Northside Hospital Atlanta",json,"Cardiac Stress Test","STRESS TEST EXERCISE  /OR PHARM","","",inpatient,Multiplan,"Multiplan PPO",1457.0,negotiated_dollar,1238.45,reliable
"Northside Hospital Atlanta",json,"Cardiac Stress Test","STRESS TEST EXERCISE  /OR PHARM","","",inpatient,"Multiplan Workers Comp","Multiplan Workers Comp",1457.0,negotiated_dollar,1238.45,reliable
"Northside Hospital Atlanta",json,"Cardiac Stress Test","STRESS TEST EXERCISE  /OR PHARM","","",inpatient,NovaNet_PPO,NovaNet_PPO,1457.0,negotiated_dollar,1019.9,reliable
"Northside Hospital Atlanta",json,"Cardiac Stress Test","STRESS TEST EXERCISE  /OR PHARM","","",inpatient,"Quick Trip","Quick Trip",1457.0,negotiated_dollar,801.35,reliable
"Northside Hospital Atlanta",json,"Cardiac Stress Test","STRESS TEST EXERCISE  /OR PHARM","","",inpatient,"Rabun County BOC","Rabun County BOC",1457.0,negotiated_dollar,1457.0,reliable
"Northside Hospital Atlanta",json,"Cardiac Stress Test","STRESS TEST EXERCISE  /OR PHARM","","",inpatient,BCBS,"BCBS PRUDT BUYER",1457.0,negotiated_dollar,1015.53,reliable
"Northside Hospital Atlanta",json,"Cardiac Stress Test","STRESS TEST EXERCISE  /OR PHARM","","",inpatient,"Beech Steet","Beech Street",1457.0,negotiated_dollar,1238.45,reliable
"Northside Hospital Atlanta",json,"Cardiac Stress Test","STRESS TEST EXERCISE  /OR PHARM","","",inpatient,CareIQ,CareIQ,1457.0,negotiated_dollar,1457.0,reliable
"Northside Hospital Atlanta",json,"Cardiac Stress Test","STRESS TEST EXERCISE  /OR PHARM","","",inpatient,CareSource,"CareSource MarketPlace",1457.0,negotiated_dollar,542.0,reliable
"Northside Hospital Atlanta",json,"Cardiac Stress Test","STRESS TEST EXERCISE  /OR PHARM","","",inpatient,"Dekalb_Department of Health","Dekalb_Department of Health",1457.0,negotiated_dollar,1457.0,reliable
"Northside Hospital Atlanta",json,"Cardiac Stress Test","STRESS TEST EXERCISE  /OR PHARM","","",inpatient,FIFA,FIFA,1457.0,negotiated_dollar,1457.0,reliable
"Northside Hospital Atlanta",json,"Cardiac Stress Test","STRESS TEST EXERCISE  /OR PHARM","","",outpatient,Aetna,"Aetna HMO/POS/PPO",1457.0,negotiated_dollar,990.76,reliable
"Northside Hospital Atlanta",json,"Cardiac Stress Test","STRESS TEST EXERCISE  /OR PHARM","","",outpatient,Aetna,"Aetna HMO/POS/PPO-G",1457.0,negotiated_dollar,990.76,reliable
"Northside Hospital Atlanta",json,"Cardiac Stress Test","STRESS TEST EXERCISE  /OR PHARM","","",outpatient,Aetna,"Aetna HMO/POS/PPO-Q",1457.0,negotiated_dollar,990.76,reliable
"Northside Hospital Atlanta",json,"Cardiac Stress Test","STRESS TEST EXERCISE  /OR PHARM","","",outpatient,Aetna,"Aetna Whole Health",1457.0,negotiated_dollar,728.5,reliable
"Northside Hospital Atlanta",json,"Cardiac Stress Test","STRESS TEST EXERCISE  /OR PHARM","","",outpatient,Aetna,"Aetna Whole Health-G",1457.0,negotiated_dollar,728.5,reliable
"Northside Hospital Atlanta",json,"Cardiac Stress Test","STRESS TEST EXERCISE  /OR PHARM","","",outpatient,Centene,"Ambetter PAR",1457.0,negotiated_dollar,684.79,reliable
"Northside Hospital Atlanta",json,"Cardiac Stress Test","STRESS TEST EXERCISE  /OR PHARM","","",outpatient,"Med Care Solutions","Med Care Solutions",1457.0,negotiated_dollar,655.65,reliable
"Northside Hospital Atlanta",json,"Cardiac Stress Test","STRESS TEST EXERCISE  /OR PHARM","","",outpatient,"MedLien Healthcare Services","MedLien Healthcare Services",1457.0,negotiated_dollar,582.8,reliable
"Northside Hospital Atlanta",json,"Cardiac Stress Test","STRESS TEST EXERCISE  /OR PHARM","","",outpatient,MTI,MTI,1457.0,negotiated_dollar,62.0,reliable
"Northside Hospital Atlanta",json,"Cardiac Stress Test","STRESS TEST EXERCISE  /OR PHARM","","",outpatient,Multiplan,"Multiplan PPO",1457.0,negotiated_dollar,1238.45,reliable
"Northside Hospital Atlanta",json,"Cardiac Stress Test","STRESS TEST EXERCISE  /OR PHARM","","",outpatient,"Multiplan Workers Comp","Multiplan Workers Comp",1457.0,negotiated_dollar,1238.45,reliable
"Northside Hospital Atlanta",json,"Cardiac Stress Test","STRESS TEST EXERCISE  /OR PHARM","","",outpatient,"Northside Health Network","Northside Health Network",1457.0,negotiated_dollar,903.34,reliable
"Northside Hospital Atlanta",json,"Cardiac Stress Test","STRESS TEST EXERCISE  /OR PHARM","","",outpatient,"Northside Health Network","Northside Health Network-S",1457.0,negotiated_dollar,903.34,reliable
"Northside Hospital Atlanta",json,"Cardiac Stress Test","STRESS TEST EXERCISE  /OR PHARM","","",outpatient,Amerigroup,"Amerigroup Medicaid",1457.0,negotiated_dollar,264.73,reliable
"Northside Hospital Atlanta",json,"Cardiac Stress Test","STRESS TEST EXERCISE  /OR PHARM","","",outpatient,"Georgia Workers Compensation","Georgia Workers Comp",1457.0,negotiated_dollar,815.71,reliable
"Northside Hospital Atlanta",json,"Cardiac Stress Test","STRESS TEST EXERCISE  /OR PHARM","","",outpatient,"Health One Alliance_PPO","Health One Alliance_PPO",1457.0,negotiated_dollar,801.35,reliable
"Northside Hospital Atlanta",json,"Cardiac Stress Test","STRESS TEST EXERCISE  /OR PHARM","","",outpatient,HomeLink,HomeLink,1457.0,negotiated_dollar,65.88,reliable
"Northside Hospital Atlanta",json,"Cardiac Stress Test","STRESS TEST EXERCISE  /OR PHARM","","",outpatient,Amerigroup,"Amerigroup Medicare Advantage",1457.0,negotiated_dollar,235.58,reliable
"Northside Hospital Atlanta",json,"Cardiac Stress Test","STRESS TEST EXERCISE  /OR PHARM","","",outpatient,"Authentic 4D","Authentic 4D",1457.0,negotiated_dollar,734.14,reliable
"Northside Hospital Atlanta",json,"Cardiac Stress Test","STRESS TEST EXERCISE  /OR PHARM","","",outpatient,BCBS,"BCBS PRUDT BUYER",1457.0,negotiated_dollar,1015.53,reliable
"Northside Hospital Atlanta",json,"Cardiac Stress Test","STRESS TEST EXERCISE  /OR PHARM","","",outpatient,BCBS,BCBS_HMO,1457.0,negotiated_dollar,814.46,reliable
"Northside Hospital Atlanta",json,"Cardiac Stress Test","STRESS TEST EXERCISE  /OR PHARM","","",outpatient,BCBS,BCBS_HMO-L,1457.0,negotiated_dollar,814.46,reliable
"Northside Hospital Atlanta",json,"Cardiac Stress Test","STRESS TEST EXERCISE  /OR PHARM","","",outpatient,Kaiser,"Kaiser Dual Choice PPO-THOR SURG",1457.0,negotiated_dollar,1267.59,reliable
"Northside Hospital Atlanta",json,"Cardiac Stress Test","STRESS TEST EXERCISE  /OR PHARM","","",outpatient,Kaiser,"Kaiser Dual Choice PPO-VASC SURG",1457.0,negotiated_dollar,1267.59,reliable
"Northside Hospital Atlanta",json,"Cardiac Stress Test","STRESS TEST EXERCISE  /OR PHARM","","",outpatient,Kaiser,Kaiser_HMO,1457.0,negotiated_dollar,947.05,reliable
"Northside Hospital Atlanta",json,"Cardiac Stress Test","STRESS TEST EXERCISE  /OR PHARM","","",outpatient,BCBS,BCBS_PATHWAY,1457.0,negotiated_dollar,407.09,reliable
"Northside Hospital Atlanta",json,"Cardiac Stress Test","STRESS TEST EXERCISE  /OR PHARM","","",outpatient,BCBS,BCBS_PATHWAY-L,1457.0,negotiated_dollar,407.09,reliable
"Northside Hospital Atlanta",json,"Cardiac Stress Test","STRESS TEST EXERCISE  /OR PHARM","","",outpatient,NovaNet_PPO,NovaNet_PPO,1457.0,negotiated_dollar,1019.9,reliable
"Northside Hospital Atlanta",json,"Cardiac Stress Test","STRESS TEST EXERCISE  /OR PHARM","","",outpatient,"One Call Diagnostics","One Call Diagnostics",1457.0,negotiated_dollar,62.0,reliable
"Northside Hospital Atlanta",json,"Cardiac Stress Test","STRESS TEST EXERCISE  /OR PHARM","","",outpatient,Oscar,Oscar,1457.0,negotiated_dollar,684.79,reliable
"Northside Hospital Atlanta",json,"Cardiac Stress Test","STRESS TEST EXERCISE  /OR PHARM","","",outpatient,BCBS,BCBS_PPO,1457.0,negotiated_dollar,968.91,reliable
"Northside Hospital Atlanta",json,"Cardiac Stress Test","STRESS TEST EXERCISE  /OR PHARM","","",outpatient,BCBS,BCBS_PPO-L,1457.0,negotiated_dollar,968.91,reliable
"Northside Hospital Atlanta",json,"Cardiac Stress Test","STRESS TEST EXERCISE  /OR PHARM","","",outpatient,"Beech Steet","Beech Street",1457.0,negotiated_dollar,1238.45,reliable
"Northside Hospital Atlanta",json,"Cardiac Stress Test","STRESS TEST EXERCISE  /OR PHARM","","",outpatient,Kaiser,Kaiser_HMO-AGA,1457.0,negotiated_dollar,947.05,reliable
"Northside Hospital Atlanta",json,"Cardiac Stress Test","STRESS TEST EXERCISE  /OR PHARM","","",outpatient,Kaiser,Kaiser_HMO-BARIATRIC,1457.0,negotiated_dollar,947.05,reliable
"Northside Hospital Atlanta",json,"Cardiac Stress Test","STRESS TEST EXERCISE  /OR PHARM","","",outpatient,BCBS,"Blue HPN",1457.0,negotiated_dollar,629.86,reliable
"Northside Hospital Atlanta",json,"Cardiac Stress Test","STRESS TEST EXERCISE  /OR PHARM","","",outpatient,BCBS,"Blue HPN-L",1457.0,negotiated_dollar,629.86,reliable
"Northside Hospital Atlanta",json,"Cardiac Stress Test","STRESS TEST EXERCISE  /OR PHARM","","",outpatient,CareIQ,CareIQ,1457.0,negotiated_dollar,1457.0,reliable
"Northside Hospital Atlanta",json,"Cardiac Stress Test","STRESS TEST EXERCISE  /OR PHARM","","",outpatient,"Fieldale Farms WC","Fieldale Farms WC",1457.0,negotiated_dollar,815.71,reliable
"Northside Hospital Atlanta",json,"Cardiac Stress Test","STRESS TEST EXERCISE  /OR PHARM","","",outpatient,FIFA,FIFA,1457.0,negotiated_dollar,1457.0,reliable
"Northside Hospital Atlanta",json,"Cardiac Stress Test","STRESS TEST EXERCISE  /OR PHARM","","",outpatient,Coventry,"First Health and Coventry National",1457.0,negotiated_dollar,874.2,reliable
"Northside Hospital Atlanta",json,"Cardiac Stress Test","STRESS TEST EXERCISE  /OR PHARM","","",outpatient,"Genex/Priority Care Solutions","Genex/Priority Care Solutions",1457.0,negotiated_dollar,652.57,reliable
"Northside Hospital Atlanta",json,"Cardiac Stress Test","STRESS TEST EXERCISE  /OR PHARM","","",outpatient,"Georgia Reproductive Specialists","Georgia Reproductive Specialists (SGF)",1457.0,negotiated_dollar,582.8,reliable
"Northside Hospital Atlanta",json,"Cardiac Stress Test","STRESS TEST EXERCISE  /OR PHARM","","",outpatient,CareSource,CareSource,1457.0,negotiated_dollar,272.67,reliable
"Northside Hospital Atlanta",json,"Cardiac Stress Test","STRESS TEST EXERCISE  /OR PHARM","","",outpatient,CareSource,"CareSource MarketPlace",1457.0,negotiated_dollar,542.0,reliable
"Northside Hospital Atlanta",json,"Cardiac Stress Test","STRESS TEST EXERCISE  /OR PHARM","","",outpatient,"CHAMPUS VA","CHAMPUS VA",1457.0,negotiated_dollar,37.17,reliable
"Northside Hospital Atlanta",json,"Cardiac Stress Test","STRESS TEST EXERCISE  /OR PHARM","","",outpatient,Kaiser,Kaiser_HMO-GCS,1457.0,negotiated_dollar,947.05,reliable
"Northside Hospital Atlanta",json,"Cardiac Stress Test","STRESS TEST EXERCISE  /OR PHARM","","",outpatient,Kaiser,Kaiser_HMO-GPG/NOAS,1457.0,negotiated_dollar,947.05,reliable
"Northside Hospital Atlanta",json,"Cardiac Stress Test","STRESS TEST EXERCISE  /OR PHARM","","",outpatient,Kaiser,Kaiser_HMO-GYNONC,1457.0,negotiated_dollar,947.05,reliable
"Northside Hospital Atlanta",json,"Cardiac Stress Test","STRESS TEST EXERCISE  /OR PHARM","","",outpatient,Cigna,Cigna,1457.0,negotiated_dollar,917.91,reliable
"Northside Hospital Atlanta",json,"Cardiac Stress Test","STRESS TEST EXERCISE  /OR PHARM","","",outpatient,Cigna,Cigna-G,1457.0,negotiated_dollar,917.91,reliable
"Northside Hospital Atlanta",json,"Cardiac Stress Test","STRESS TEST EXERCISE  /OR PHARM","","",outpatient,Cigna,Cigna-H,1457.0,negotiated_dollar,917.91,reliable
"Northside Hospital Atlanta",json,"Cardiac Stress Test","STRESS TEST EXERCISE  /OR PHARM","","",outpatient,Kaiser,Kaiser_HMO-MELANOMA,1457.0,negotiated_dollar,947.05,reliable
"Northside Hospital Atlanta",json,"Cardiac Stress Test","STRESS TEST EXERCISE  /OR PHARM","","",outpatient,Kaiser,Kaiser_HMO-NAPS/CVG/NPCPS/UPS,1457.0,negotiated_dollar,947.05,reliable
"Northside Hospital Atlanta",json,"Cardiac Stress Test","STRESS TEST EXERCISE  /OR PHARM","","",outpatient,Kaiser,"Kaiser_HMO-VASC SURG",1457.0,negotiated_dollar,947.05,reliable
"Northside Hospital Atlanta",json,"Cardiac Stress Test","STRESS TEST EXERCISE  /OR PHARM","","",outpatient,Cigna,Cigna-L,1457.0,negotiated_dollar,917.91,reliable
"Northside Hospital Atlanta",json,"Cardiac Stress Test","STRESS TEST EXERCISE  /OR PHARM","","",outpatient,Cigna,"CIGNA HealthSprings Medicare Advantage",1457.0,negotiated_dollar,237.85,reliable
"Northside Hospital Atlanta",json,"Cardiac Stress Test","STRESS TEST EXERCISE  /OR PHARM","","",outpatient,"Corvel Workers Comp","Corvel Workers Comp",1457.0,negotiated_dollar,774.92,reliable
"Northside Hospital Atlanta",json,"Cardiac Stress Test","STRESS TEST EXERCISE  /OR PHARM","","",outpatient,"Dekalb_Department of Health","Dekalb_Department of Health",1457.0,negotiated_dollar,1457.0,reliable
"Northside Hospital Atlanta",json,"Cardiac Stress Test","STRESS TEST EXERCISE  /OR PHARM","","",outpatient,"Employers Choice Network","Employers Choice Network",1457.0,negotiated_dollar,774.92,reliable
"Northside Hospital Atlanta",json,"Cardiac Stress Test","STRESS TEST EXERCISE  /OR PHARM","","",outpatient,"Institutional 115 Percent_Georgia Medicaid","Institutional 115 Percent_Georgia Medicaid",1457.0,negotiated_dollar,304.44,reliable
"Northside Hospital Atlanta",json,"Cardiac Stress Test","STRESS TEST EXERCISE  /OR PHARM","","",outpatient,"Institutional GA Medicaid","Institutional GA Medicaid",1457.0,negotiated_dollar,264.73,reliable
"Northside Hospital Atlanta",json,"Cardiac Stress Test","STRESS TEST EXERCISE  /OR PHARM","","",outpatient,"Institutional Marietta Surgery Center","Institutional Marietta Surgery Center",1457.0,negotiated_dollar,1457.0,reliable
"Northside Hospital Atlanta",json,"Cardiac Stress Test","STRESS TEST EXERCISE  /OR PHARM","","",outpatient,"Institutional Veterans Evaluation Services","Institutional Veterans Evaluation Services",1457.0,negotiated_dollar,1457.0,reliable
"Northside Hospital Atlanta",json,"Cardiac Stress Test","STRESS TEST EXERCISE  /OR PHARM","","",outpatient,Kaiser,"Kaiser Dual Choice PPO",1457.0,negotiated_dollar,1267.59,reliable
"Northside Hospital Atlanta",json,"Cardiac Stress Test","STRESS TEST EXERCISE  /OR PHARM","","",outpatient,Kaiser,"Kaiser Dual Choice PPO-AGA",1457.0,negotiated_dollar,1267.59,reliable
"Northside Hospital Atlanta",json,"Cardiac Stress Test","STRESS TEST EXERCISE  /OR PHARM","","",outpatient,Kaiser,"Kaiser Dual Choice PPO-BARIATRIC",1457.0,negotiated_dollar,1267.59,reliable
"Northside Hospital Atlanta",json,"Cardiac Stress Test","STRESS TEST EXERCISE  /OR PHARM","","",outpatient,Kaiser,"Kaiser Dual Choice PPO-GCS",1457.0,negotiated_dollar,1267.59,reliable
"Northside Hospital Atlanta",json,"Cardiac Stress Test","STRESS TEST EXERCISE  /OR PHARM","","",outpatient,Kaiser,"Kaiser Dual Choice PPO-GPG/NOAS",1457.0,negotiated_dollar,1267.59,reliable
"Northside Hospital Atlanta",json,"Cardiac Stress Test","STRESS TEST EXERCISE  /OR PHARM","","",outpatient,Kaiser,"Kaiser Dual Choice PPO-GYNONC",1457.0,negotiated_dollar,1267.59,reliable
"Northside Hospital Atlanta",json,"Cardiac Stress Test","STRESS TEST EXERCISE  /OR PHARM","","",outpatient,Kaiser,"Kaiser Dual Choice PPO-MELANOMA",1457.0,negotiated_dollar,1267.59,reliable
"Northside Hospital Atlanta",json,"Cardiac Stress Test","STRESS TEST EXERCISE  /OR PHARM","","",outpatient,Kaiser,"Kaiser Dual Choice PPO-NAPS/CVG/NPCPS/UPS",1457.0,negotiated_dollar,1267.59,reliable
"Northside Hospital Atlanta",json,"Cardiac Stress Test","STRESS TEST EXERCISE  /OR PHARM","","",outpatient,Kaiser,Kaiser_SF,1457.0,negotiated_dollar,947.05,reliable
"Northside Hospital Atlanta",json,"Cardiac Stress Test","STRESS TEST EXERCISE  /OR PHARM","","",outpatient,Kaiser,Kaiser_SF-AGA,1457.0,negotiated_dollar,947.05,reliable
"Northside Hospital Atlanta",json,"Cardiac Stress Test","STRESS TEST EXERCISE  /OR PHARM","","",outpatient,Kaiser,Kaiser_SF-BARIATRIC,1457.0,negotiated_dollar,947.05,reliable
"Northside Hospital Atlanta",json,"Cardiac Stress Test","STRESS TEST EXERCISE  /OR PHARM","","",outpatient,Kaiser,Kaiser_SF-GCS,1457.0,negotiated_dollar,947.05,reliable
"Northside Hospital Atlanta",json,"Cardiac Stress Test","STRESS TEST EXERCISE  /OR PHARM","","",outpatient,Kaiser,Kaiser_SF-GPG/NOAS,1457.0,negotiated_dollar,947.05,reliable
"Northside Hospital Atlanta",json,"Cardiac Stress Test","STRESS TEST EXERCISE  /OR PHARM","","",outpatient,Kaiser,Kaiser_SF-GYNONC,1457.0,negotiated_dollar,947.05,reliable
"Northside Hospital Atlanta",json,"Cardiac Stress Test","STRESS TEST EXERCISE  /OR PHARM","","",outpatient,Kaiser,Kaiser_SF-MELANOMA,1457.0,negotiated_dollar,947.05,reliable
"Northside Hospital Atlanta",json,"Cardiac Stress Test","STRESS TEST EXERCISE  /OR PHARM","","",outpatient,Kaiser,Kaiser_SF-NAPS/CVG/NPCPS/UPS,1457.0,negotiated_dollar,947.05,reliable
"Northside Hospital Atlanta",json,"Cardiac Stress Test","STRESS TEST EXERCISE  /OR PHARM","","",outpatient,Kaiser,"Kaiser_SF-THOR SURG",1457.0,negotiated_dollar,947.05,reliable
"Northside Hospital Atlanta",json,"Cardiac Stress Test","STRESS TEST EXERCISE  /OR PHARM","","",outpatient,Kaiser,"Kaiser_SF-VASC SURG",1457.0,negotiated_dollar,947.05,reliable
"Northside Hospital Atlanta",json,"Cardiac Stress Test","STRESS TEST EXERCISE  /OR PHARM","","",outpatient,"Truths Community","Truths Community",1457.0,negotiated_dollar,312.0,reliable
"Northside Hospital Atlanta",json,"Cardiac Stress Test","STRESS TEST EXERCISE  /OR PHARM","","",outpatient,UHC,"UHC GA Individual Exchange",1457.0,negotiated_dollar,767.84,reliable
"Northside Hospital Atlanta",json,"Cardiac Stress Test","STRESS TEST EXERCISE  /OR PHARM","","",outpatient,UHC,"UHC Heritage Select",1457.0,negotiated_dollar,1030.1,reliable
"Northside Hospital Atlanta",json,"Cardiac Stress Test","STRESS TEST EXERCISE  /OR PHARM","","",outpatient,UHC,"UHC HMO/POS/PPO",1457.0,negotiated_dollar,904.07,reliable
"Northside Hospital Atlanta",json,"Cardiac Stress Test","STRESS TEST EXERCISE  /OR PHARM","","",outpatient,UHC,"UHC HMO/POS/PPO-G",1457.0,negotiated_dollar,904.07,reliable
"Northside Hospital Atlanta",json,"Cardiac Stress Test","STRESS TEST EXERCISE  /OR PHARM","","",outpatient,UHC,"UHC HMO/POS/PPO-T",1457.0,negotiated_dollar,904.07,reliable
"Northside Hospital Atlanta",json,"Cardiac Stress Test","STRESS TEST EXERCISE  /OR PHARM","","",outpatient,Centene,"Peach State Medicaid",1457.0,negotiated_dollar,264.73,reliable
"Northside Hospital Atlanta",json,"Cardiac Stress Test","STRESS TEST EXERCISE  /OR PHARM","","",outpatient,Centene,"Peach State Medicare",1457.0,negotiated_dollar,298.21,reliable
"Northside Hospital Atlanta",json,"Cardiac Stress Test","STRESS TEST EXERCISE  /OR PHARM","","",outpatient,PHCS,PHCS,1457.0,negotiated_dollar,1092.75,reliable
"Northside Hospital Atlanta",json,"Cardiac Stress Test","STRESS TEST EXERCISE  /OR PHARM","","",outpatient,"Quick Trip","Quick Trip",1457.0,negotiated_dollar,801.35,reliable
"Northside Hospital Atlanta",json,"Cardiac Stress Test","STRESS TEST EXERCISE  /OR PHARM","","",outpatient,"Rabun County BOC","Rabun County BOC",1457.0,negotiated_dollar,1457.0,reliable
"Northside Hospital Atlanta",json,"Cardiac Stress Test","STRESS TEST EXERCISE  /OR PHARM","","",outpatient,Spreemo,Spreemo,1457.0,negotiated_dollar,652.57,reliable
"Northside Hospital Atlanta",json,"Cardiac Stress Test","STRESS TEST EXERCISE  /OR PHARM","","",outpatient,"Streamline Imaging","Streamline Imaging",1457.0,negotiated_dollar,734.14,reliable
"Northside Hospital Atlanta",json,"Cardiac Stress Test","STRESS TEST EXERCISE  /OR PHARM","","",outpatient,Tricare,Tricare,1457.0,negotiated_dollar,219.32,reliable
"Northside Hospital Atlanta",json,"Cardiac Stress Test","STRESS TEST EXERCISE  /OR RX","","",outpatient,"US Dept of Labor WC","US Dept of Labor WC",1457.0,negotiated_dollar,274.15,reliable
"Northside Hospital Atlanta",json,"Cardiac Stress Test","STRESS TEST EXERCISE  /OR RX","","",outpatient,Wellcare,"Wellcare Medicare Advantage",1457.0,negotiated_dollar,222.28,reliable
"Northside Hospital Atlanta",json,"Cardiac Stress Test","STRESS TEST EXERCISE  /OR RX","","",outpatient,"Pruitt Health Premier","Pruitt Health Premier",1457.0,negotiated_dollar,226.6,reliable
"Northside Hospital Atlanta",json,"Cardiac Stress Test","STRESS TEST EXERCISE  /OR RX","","",outpatient,Aetna,"Aetna Medicare",1457.0,negotiated_dollar,220.13,reliable
"Northside Hospital Atlanta",json,"Cardiac Stress Test","STRESS TEST EXERCISE  /OR RX","","",outpatient,BCBS,"BCBS Medicare Advantage",1457.0,negotiated_dollar,215.81,reliable
"Northside Hospital Atlanta",json,"Cardiac Stress Test","STRESS TEST EXERCISE  /OR RX","","",outpatient,BCBS,"BCBS Medicare Advantage-P",1457.0,negotiated_dollar,215.81,reliable
"Northside Hospital Atlanta",json,"Cardiac Stress Test","STRESS TEST EXERCISE  /OR RX","","",outpatient,BCCP,BCCP,1457.0,negotiated_dollar,219.32,reliable
"Northside Hospital Atlanta",json,"Cardiac Stress Test","STRESS TEST EXERCISE  /OR RX","","",outpatient,CareSource,"CareSource Medicare Advantage",1457.0,negotiated_dollar,222.28,reliable
"Northside Hospital Atlanta",json,"Cardiac Stress Test","STRESS TEST EXERCISE  /OR RX","","",outpatient,CBWW,CBWW,1457.0,negotiated_dollar,219.32,reliable
"Northside Hospital Atlanta",json,"Cardiac Stress Test","STRESS TEST EXERCISE  /OR RX","","",outpatient,"Clover Health","Clover Health",1457.0,negotiated_dollar,226.56,reliable
"Northside Hospital Atlanta",json,"Cardiac Stress Test","STRESS TEST EXERCISE  /OR RX","","",outpatient,Coventry,"Coventry Medicare",1457.0,negotiated_dollar,220.13,reliable
"Northside Hospital Atlanta",json,"Cardiac Stress Test","STRESS TEST EXERCISE  /OR RX","","",outpatient,"Devoted Medicare Advantage","Devoted Medicare Advantage",1457.0,negotiated_dollar,226.6,reliable
"Northside Hospital Atlanta",json,"Cardiac Stress Test","STRESS TEST EXERCISE  /OR RX","","",outpatient,"Fairly Group","Fairly Group",1457.0,negotiated_dollar,248.05,reliable
"Northside Hospital Atlanta",json,"Cardiac Stress Test","STRESS TEST EXERCISE  /OR RX","","",outpatient,Humana,"Humana Medicare Advantage HMO",1457.0,negotiated_dollar,217.97,reliable
"Northside Hospital Atlanta",json,"Cardiac Stress Test","STRESS TEST EXERCISE  /OR RX","","",outpatient,Humana,"Humana Medicare Advantage PPO",1457.0,negotiated_dollar,224.44,reliable
"Northside Hospital Atlanta",json,"Cardiac Stress Test","STRESS TEST EXERCISE  /OR RX","","",outpatient,"Institutional 100 Percent of Medicare","Institutional 100 Percent of Medicare",1457.0,negotiated_dollar,215.81,reliable
"Northside Hospital Atlanta",json,"Cardiac Stress Test","STRESS TEST EXERCISE  /OR RX","","",outpatient,"Institutional 110 Percent of Medicare","Institutional 110 Percent of Medicare",1457.0,negotiated_dollar,241.25,reliable
"Northside Hospital Atlanta",json,"Cardiac Stress Test","STRESS TEST EXERCISE  /OR RX","","",outpatient,"Institutional 120 Percent of Medicare","Institutional 120 Percent of Medicare",1457.0,negotiated_dollar,263.18,reliable
"Northside Hospital Atlanta",json,"Cardiac Stress Test","STRESS TEST EXERCISE  /OR RX","","",outpatient,Kaiser,"Kaiser Medicare Advantage",1457.0,negotiated_dollar,222.28,reliable
"Northside Hospital Atlanta",json,"Cardiac Stress Test","STRESS TEST EXERCISE  /OR RX","","",outpatient,Medicare,Medicare,1457.0,negotiated_dollar,215.81,reliable
"Northside Hospital Atlanta",json,"Cardiac Stress Test","STRESS TEST EXERCISE  /OR RX","","",outpatient,"CLEAR SPRINGS EON HEALTH","CLEAR SPRINGS EON HEALTH",1457.0,negotiated_dollar,215.81,reliable
"Northside Hospital Atlanta",json,"Cardiac Stress Test","STRESS TEST EXERCISE  /OR RX","","",outpatient,"VA CCN","VA CCN",1457.0,negotiated_dollar,215.81,reliable
"Northside Hospital Atlanta",json,"Cardiac Stress Test","STRESS TEST EXERCISE  /OR RX","","",outpatient,UHC,"UHC Medicare",1457.0,negotiated_dollar,215.81,reliable
"Northside Hospital Atlanta",json,"Cardiac Stress Test","STRESS TEST EXERCISE  /OR RX","","",inpatient,"Dekalb_Department of Health","Dekalb_Department of Health",1457.0,negotiated_dollar,1457.0,reliable
"Northside Hospital Atlanta",json,"Cardiac Stress Test","STRESS TEST EXERCISE  /OR RX","","",inpatient,FIFA,FIFA,1457.0,negotiated_dollar,1457.0,reliable
"Northside Hospital Atlanta",json,"Cardiac Stress Test","STRESS TEST EXERCISE  /OR RX","","",inpatient,Coventry,"First Health and Coventry National",1457.0,negotiated_dollar,990.76,reliable
"Northside Hospital Atlanta",json,"Cardiac Stress Test","STRESS TEST EXERCISE  /OR RX","","",inpatient,"Georgia Reproductive Specialists","Georgia Reproductive Specialists (SGF)",1457.0,negotiated_dollar,582.8,reliable
"Northside Hospital Atlanta",json,"Cardiac Stress Test","STRESS TEST EXERCISE  /OR RX","","",inpatient,Multiplan,"Multiplan PPO",1457.0,negotiated_dollar,1238.45,reliable
"Northside Hospital Atlanta",json,"Cardiac Stress Test","STRESS TEST EXERCISE  /OR RX","","",inpatient,"Multiplan Workers Comp","Multiplan Workers Comp",1457.0,negotiated_dollar,1238.45,reliable
"Northside Hospital Atlanta",json,"Cardiac Stress Test","STRESS TEST EXERCISE  /OR RX","","",inpatient,NovaNet_PPO,NovaNet_PPO,1457.0,negotiated_dollar,1019.9,reliable
"Northside Hospital Atlanta",json,"Cardiac Stress Test","STRESS TEST EXERCISE  /OR RX","","",inpatient,"Quick Trip","Quick Trip",1457.0,negotiated_dollar,801.35,reliable
"Northside Hospital Atlanta",json,"Cardiac Stress Test","STRESS TEST EXERCISE  /OR RX","","",inpatient,"Rabun County BOC","Rabun County BOC",1457.0,negotiated_dollar,1457.0,reliable
"Northside Hospital Atlanta",json,"Cardiac Stress Test","STRESS TEST EXERCISE  /OR RX","","",inpatient,BCBS,"BCBS PRUDT BUYER",1457.0,negotiated_dollar,1015.53,reliable
"Northside Hospital Atlanta",json,"Cardiac Stress Test","STRESS TEST EXERCISE  /OR RX","","",inpatient,"Beech Steet","Beech Street",1457.0,negotiated_dollar,1238.45,reliable
"Northside Hospital Atlanta",json,"Cardiac Stress Test","STRESS TEST EXERCISE  /OR RX","","",inpatient,CareIQ,CareIQ,1457.0,negotiated_dollar,1457.0,reliable
"Northside Hospital Atlanta",json,"Cardiac Stress Test","STRESS TEST EXERCISE  /OR RX","","",inpatient,CareSource,"CareSource MarketPlace",1457.0,negotiated_dollar,542.0,reliable
"Northside Hospital Atlanta",json,"Cardiac Stress Test","STRESS TEST EXERCISE  /OR RX","","",outpatient,NovaNet_PPO,NovaNet_PPO,1457.0,negotiated_dollar,1019.9,reliable
"Northside Hospital Atlanta",json,"Cardiac Stress Test","STRESS TEST EXERCISE  /OR RX","","",outpatient,"One Call Diagnostics","One Call Diagnostics",1457.0,negotiated_dollar,62.0,reliable
"Northside Hospital Atlanta",json,"Cardiac Stress Test","STRESS TEST EXERCISE  /OR RX","","",outpatient,Oscar,Oscar,1457.0,negotiated_dollar,684.79,reliable
"Northside Hospital Atlanta",json,"Cardiac Stress Test","STRESS TEST EXERCISE  /OR RX","","",outpatient,Aetna,"Aetna HMO/POS/PPO",1457.0,negotiated_dollar,990.76,reliable
"Northside Hospital Atlanta",json,"Cardiac Stress Test","STRESS TEST EXERCISE  /OR RX","","",outpatient,Aetna,"Aetna HMO/POS/PPO-G",1457.0,negotiated_dollar,990.76,reliable
"Northside Hospital Atlanta",json,"Cardiac Stress Test","STRESS TEST EXERCISE  /OR RX","","",outpatient,Aetna,"Aetna HMO/POS/PPO-Q",1457.0,negotiated_dollar,990.76,reliable
"Northside Hospital Atlanta",json,"Cardiac Stress Test","STRESS TEST EXERCISE  /OR RX","","",outpatient,Aetna,"Aetna Whole Health",1457.0,negotiated_dollar,728.5,reliable
"Northside Hospital Atlanta",json,"Cardiac Stress Test","STRESS TEST EXERCISE  /OR RX","","",outpatient,Aetna,"Aetna Whole Health-G",1457.0,negotiated_dollar,728.5,reliable
"Northside Hospital Atlanta",json,"Cardiac Stress Test","STRESS TEST EXERCISE  /OR RX","","",outpatient,Centene,"Ambetter PAR",1457.0,negotiated_dollar,684.79,reliable
"Northside Hospital Atlanta",json,"Cardiac Stress Test","STRESS TEST EXERCISE  /OR RX","","",outpatient,"Employers Choice Network","Employers Choice Network",1457.0,negotiated_dollar,774.92,reliable
"Northside Hospital Atlanta",json,"Cardiac Stress Test","STRESS TEST EXERCISE  /OR RX","","",outpatient,"Fieldale Farms WC","Fieldale Farms WC",1457.0,negotiated_dollar,815.71,reliable
"Northside Hospital Atlanta",json,"Cardiac Stress Test","STRESS TEST EXERCISE  /OR RX","","",outpatient,FIFA,FIFA,1457.0,negotiated_dollar,1457.0,reliable
"Northside Hospital Atlanta",json,"Cardiac Stress Test","STRESS TEST EXERCISE  /OR RX","","",outpatient,Coventry,"First Health and Coventry National",1457.0,negotiated_dollar,874.2,reliable
"Northside Hospital Atlanta",json,"Cardiac Stress Test","STRESS TEST EXERCISE  /OR RX","","",outpatient,"Genex/Priority Care Solutions","Genex/Priority Care Solutions",1457.0,negotiated_dollar,652.57,reliable
"Northside Hospital Atlanta",json,"Cardiac Stress Test","STRESS TEST EXERCISE  /OR RX","","",outpatient,"Georgia Reproductive Specialists","Georgia Reproductive Specialists (SGF)",1457.0,negotiated_dollar,582.8,reliable
"Northside Hospital Atlanta",json,"Cardiac Stress Test","STRESS TEST EXERCISE  /OR RX","","",outpatient,"Georgia Workers Compensation","Georgia Workers Comp",1457.0,negotiated_dollar,815.71,reliable
"Northside Hospital Atlanta",json,"Cardiac Stress Test","STRESS TEST EXERCISE  /OR RX","","",outpatient,Amerigroup,"Amerigroup Medicaid",1457.0,negotiated_dollar,264.73,reliable
"Northside Hospital Atlanta",json,"Cardiac Stress Test","STRESS TEST EXERCISE  /OR RX","","",outpatient,BCBS,BCBS_PATHWAY-L,1457.0,negotiated_dollar,407.09,reliable
"Northside Hospital Atlanta",json,"Cardiac Stress Test","STRESS TEST EXERCISE  /OR RX","","",outpatient,Amerigroup,"Amerigroup Medicare Advantage",1457.0,negotiated_dollar,235.58,reliable
"Northside Hospital Atlanta",json,"Cardiac Stress Test","STRESS TEST EXERCISE  /OR RX","","",outpatient,"Authentic 4D","Authentic 4D",1457.0,negotiated_dollar,734.14,reliable
"Northside Hospital Atlanta",json,"Cardiac Stress Test","STRESS TEST EXERCISE  /OR RX","","",outpatient,BCBS,"BCBS PRUDT BUYER",1457.0,negotiated_dollar,1015.53,reliable
"Northside Hospital Atlanta",json,"Cardiac Stress Test","STRESS TEST EXERCISE  /OR RX","","",outpatient,BCBS,BCBS_HMO,1457.0,negotiated_dollar,814.46,reliable
"Northside Hospital Atlanta",json,"Cardiac Stress Test","STRESS TEST EXERCISE  /OR RX","","",outpatient,BCBS,BCBS_HMO-L,1457.0,negotiated_dollar,814.46,reliable
"Northside Hospital Atlanta",json,"Cardiac Stress Test","STRESS TEST EXERCISE  /OR RX","","",outpatient,BCBS,BCBS_PATHWAY,1457.0,negotiated_dollar,407.09,reliable
"Northside Hospital Atlanta",json,"Cardiac Stress Test","STRESS TEST EXERCISE  /OR RX","","",outpatient,"Health One Alliance_PPO","Health One Alliance_PPO",1457.0,negotiated_dollar,801.35,reliable
"Northside Hospital Atlanta",json,"Cardiac Stress Test","STRESS TEST EXERCISE  /OR RX","","",outpatient,HomeLink,HomeLink,1457.0,negotiated_dollar,65.88,reliable
"Northside Hospital Atlanta",json,"Cardiac Stress Test","STRESS TEST EXERCISE  /OR RX","","",outpatient,Kaiser,"Kaiser Dual Choice PPO-THOR SURG",1457.0,negotiated_dollar,1267.59,reliable
"Northside Hospital Atlanta",json,"Cardiac Stress Test","STRESS TEST EXERCISE  /OR RX","","",outpatient,BCBS,BCBS_PPO,1457.0,negotiated_dollar,968.91,reliable
"Northside Hospital Atlanta",json,"Cardiac Stress Test","STRESS TEST EXERCISE  /OR RX","","",outpatient,BCBS,BCBS_PPO-L,1457.0,negotiated_dollar,968.91,reliable
"Northside Hospital Atlanta",json,"Cardiac Stress Test","STRESS TEST EXERCISE  /OR RX","","",outpatient,"Beech Steet","Beech Street",1457.0,negotiated_dollar,1238.45,reliable
"Northside Hospital Atlanta",json,"Cardiac Stress Test","STRESS TEST EXERCISE  /OR RX","","",outpatient,BCBS,"Blue HPN",1457.0,negotiated_dollar,629.86,reliable
"Northside Hospital Atlanta",json,"Cardiac Stress Test","STRESS TEST EXERCISE  /OR RX","","",outpatient,BCBS,"Blue HPN-L",1457.0,negotiated_dollar,629.86,reliable
"Northside Hospital Atlanta",json,"Cardiac Stress Test","STRESS TEST EXERCISE  /OR RX","","",outpatient,CareIQ,CareIQ,1457.0,negotiated_dollar,1457.0,reliable
"Northside Hospital Atlanta",json,"Cardiac Stress Test","STRESS TEST EXERCISE  /OR RX","","",outpatient,Kaiser,"Kaiser Dual Choice PPO-VASC SURG",1457.0,negotiated_dollar,1267.59,reliable
"Northside Hospital Atlanta",json,"Cardiac Stress Test","STRESS TEST EXERCISE  /OR RX","","",outpatient,Kaiser,Kaiser_HMO,1457.0,negotiated_dollar,947.05,reliable
"Northside Hospital Atlanta",json,"Cardiac Stress Test","STRESS TEST EXERCISE  /OR RX","","",outpatient,Kaiser,Kaiser_SF-GCS,1457.0,negotiated_dollar,947.05,reliable
"Northside Hospital Atlanta",json,"Cardiac Stress Test","STRESS TEST EXERCISE  /OR RX","","",outpatient,Kaiser,Kaiser_SF-GPG/NOAS,1457.0,negotiated_dollar,947.05,reliable
"Northside Hospital Atlanta",json,"Cardiac Stress Test","STRESS TEST EXERCISE  /OR RX","","",outpatient,Kaiser,Kaiser_SF-GYNONC,1457.0,negotiated_dollar,947.05,reliable
"Northside Hospital Atlanta",json,"Cardiac Stress Test","STRESS TEST EXERCISE  /OR RX","","",outpatient,Kaiser,Kaiser_SF-MELANOMA,1457.0,negotiated_dollar,947.05,reliable
"Northside Hospital Atlanta",json,"Cardiac Stress Test","STRESS TEST EXERCISE  /OR RX","","",outpatient,Kaiser,Kaiser_SF-NAPS/CVG/NPCPS/UPS,1457.0,negotiated_dollar,947.05,reliable
"Northside Hospital Atlanta",json,"Cardiac Stress Test","STRESS TEST EXERCISE  /OR RX","","",outpatient,Kaiser,"Kaiser_SF-THOR SURG",1457.0,negotiated_dollar,947.05,reliable
"Northside Hospital Atlanta",json,"Cardiac Stress Test","STRESS TEST EXERCISE  /OR RX","","",outpatient,CareSource,CareSource,1457.0,negotiated_dollar,272.67,reliable
"Northside Hospital Atlanta",json,"Cardiac Stress Test","STRESS TEST EXERCISE  /OR RX","","",outpatient,CareSource,"CareSource MarketPlace",1457.0,negotiated_dollar,542.0,reliable
"Northside Hospital Atlanta",json,"Cardiac Stress Test","STRESS TEST EXERCISE  /OR RX","","",outpatient,"CHAMPUS VA","CHAMPUS VA",1457.0,negotiated_dollar,37.17,reliable
"Northside Hospital Atlanta",json,"Cardiac Stress Test","STRESS TEST EXERCISE  /OR RX","","",outpatient,Cigna,Cigna,1457.0,negotiated_dollar,917.91,reliable
"Northside Hospital Atlanta",json,"Cardiac Stress Test","STRESS TEST EXERCISE  /OR RX","","",outpatient,Cigna,Cigna-G,1457.0,negotiated_dollar,917.91,reliable
"Northside Hospital Atlanta",json,"Cardiac Stress Test","STRESS TEST EXERCISE  /OR RX","","",outpatient,Kaiser,"Kaiser_SF-VASC SURG",1457.0,negotiated_dollar,947.05,reliable
"Northside Hospital Atlanta",json,"Cardiac Stress Test","STRESS TEST EXERCISE  /OR RX","","",outpatient,"Med Care Solutions","Med Care Solutions",1457.0,negotiated_dollar,655.65,reliable
"Northside Hospital Atlanta",json,"Cardiac Stress Test","STRESS TEST EXERCISE  /OR RX","","",outpatient,"MedLien Healthcare Services","MedLien Healthcare Services",1457.0,negotiated_dollar,582.8,reliable
"Northside Hospital Atlanta",json,"Cardiac Stress Test","STRESS TEST EXERCISE  /OR RX","","",outpatient,MTI,MTI,1457.0,negotiated_dollar,62.0,reliable
"Northside Hospital Atlanta",json,"Cardiac Stress Test","STRESS TEST EXERCISE  /OR RX","","",outpatient,Multiplan,"Multiplan PPO",1457.0,negotiated_dollar,1238.45,reliable
"Northside Hospital Atlanta",json,"Cardiac Stress Test","STRESS TEST EXERCISE  /OR RX","","",outpatient,Cigna,Cigna-H,1457.0,negotiated_dollar,917.91,reliable
"Northside Hospital Atlanta",json,"Cardiac Stress Test","STRESS TEST EXERCISE  /OR RX","","",outpatient,Cigna,Cigna-L,1457.0,negotiated_dollar,917.91,reliable
"Northside Hospital Atlanta",json,"Cardiac Stress Test","STRESS TEST EXERCISE  /OR RX","","",outpatient,Cigna,"CIGNA HealthSprings Medicare Advantage",1457.0,negotiated_dollar,237.85,reliable
"Northside Hospital Atlanta",json,"Cardiac Stress Test","STRESS TEST EXERCISE  /OR RX","","",outpatient,"Corvel Workers Comp","Corvel Workers Comp",1457.0,negotiated_dollar,774.92,reliable
"Northside Hospital Atlanta",json,"Cardiac Stress Test","STRESS TEST EXERCISE  /OR RX","","",outpatient,"Dekalb_Department of Health","Dekalb_Department of Health",1457.0,negotiated_dollar,1457.0,reliable
"Northside Hospital Atlanta",json,"Cardiac Stress Test","STRESS TEST EXERCISE  /OR RX","","",outpatient,"Multiplan Workers Comp","Multiplan Workers Comp",1457.0,negotiated_dollar,1238.45,reliable
"Northside Hospital Atlanta",json,"Cardiac Stress Test","STRESS TEST EXERCISE  /OR RX","","",outpatient,"Northside Health Network","Northside Health Network",1457.0,negotiated_dollar,903.34,reliable
"Northside Hospital Atlanta",json,"Cardiac Stress Test","STRESS TEST EXERCISE  /OR RX","","",outpatient,"Northside Health Network","Northside Health Network-S",1457.0,negotiated_dollar,903.34,reliable
"Northside Hospital Atlanta",json,"Cardiac Stress Test","STRESS TEST EXERCISE  /OR RX","","",outpatient,"Institutional 115 Percent_Georgia Medicaid","Institutional 115 Percent_Georgia Medicaid",1457.0,negotiated_dollar,304.44,reliable
"Northside Hospital Atlanta",json,"Cardiac Stress Test","STRESS TEST EXERCISE  /OR RX","","",outpatient,"Institutional GA Medicaid","Institutional GA Medicaid",1457.0,negotiated_dollar,264.73,reliable
"Northside Hospital Atlanta",json,"Cardiac Stress Test","STRESS TEST EXERCISE  /OR RX","","",outpatient,"Institutional Marietta Surgery Center","Institutional Marietta Surgery Center",1457.0,negotiated_dollar,1457.0,reliable
"Northside Hospital Atlanta",json,"Cardiac Stress Test","STRESS TEST EXERCISE  /OR RX","","",outpatient,"Institutional Veterans Evaluation Services","Institutional Veterans Evaluation Services",1457.0,negotiated_dollar,1457.0,reliable
"Northside Hospital Atlanta",json,"Cardiac Stress Test","STRESS TEST EXERCISE  /OR RX","","",outpatient,Kaiser,"Kaiser Dual Choice PPO",1457.0,negotiated_dollar,1267.59,reliable
"Northside Hospital Atlanta",json,"Cardiac Stress Test","STRESS TEST EXERCISE  /OR RX","","",outpatient,Kaiser,"Kaiser Dual Choice PPO-AGA",1457.0,negotiated_dollar,1267.59,reliable
"Northside Hospital Atlanta",json,"Cardiac Stress Test","STRESS TEST EXERCISE  /OR RX","","",outpatient,Kaiser,"Kaiser Dual Choice PPO-BARIATRIC",1457.0,negotiated_dollar,1267.59,reliable
"Northside Hospital Atlanta",json,"Cardiac Stress Test","STRESS TEST EXERCISE  /OR RX","","",outpatient,Kaiser,"Kaiser Dual Choice PPO-GCS",1457.0,negotiated_dollar,1267.59,reliable
"Northside Hospital Atlanta",json,"Cardiac Stress Test","STRESS TEST EXERCISE  /OR RX","","",outpatient,Kaiser,"Kaiser Dual Choice PPO-GPG/NOAS",1457.0,negotiated_dollar,1267.59,reliable
"Northside Hospital Atlanta",json,"Cardiac Stress Test","STRESS TEST EXERCISE  /OR RX","","",outpatient,Kaiser,"Kaiser Dual Choice PPO-GYNONC",1457.0,negotiated_dollar,1267.59,reliable
"Northside Hospital Atlanta",json,"Cardiac Stress Test","STRESS TEST EXERCISE  /OR RX","","",outpatient,Kaiser,"Kaiser Dual Choice PPO-MELANOMA",1457.0,negotiated_dollar,1267.59,reliable
"Northside Hospital Atlanta",json,"Cardiac Stress Test","STRESS TEST EXERCISE  /OR RX","","",outpatient,Kaiser,"Kaiser Dual Choice PPO-NAPS/CVG/NPCPS/UPS",1457.0,negotiated_dollar,1267.59,reliable
"Northside Hospital Atlanta",json,"Cardiac Stress Test","STRESS TEST EXERCISE  /OR RX","","",outpatient,Kaiser,Kaiser_HMO-AGA,1457.0,negotiated_dollar,947.05,reliable
"Northside Hospital Atlanta",json,"Cardiac Stress Test","STRESS TEST EXERCISE  /OR RX","","",outpatient,Kaiser,Kaiser_HMO-BARIATRIC,1457.0,negotiated_dollar,947.05,reliable
"Northside Hospital Atlanta",json,"Cardiac Stress Test","STRESS TEST EXERCISE  /OR RX","","",outpatient,Kaiser,Kaiser_HMO-GCS,1457.0,negotiated_dollar,947.05,reliable
"Northside Hospital Atlanta",json,"Cardiac Stress Test","STRESS TEST EXERCISE  /OR RX","","",outpatient,Kaiser,Kaiser_HMO-GPG/NOAS,1457.0,negotiated_dollar,947.05,reliable
"Northside Hospital Atlanta",json,"Cardiac Stress Test","STRESS TEST EXERCISE  /OR RX","","",outpatient,Kaiser,Kaiser_HMO-GYNONC,1457.0,negotiated_dollar,947.05,reliable
"Northside Hospital Atlanta",json,"Cardiac Stress Test","STRESS TEST EXERCISE  /OR RX","","",outpatient,Kaiser,Kaiser_HMO-MELANOMA,1457.0,negotiated_dollar,947.05,reliable
"Northside Hospital Atlanta",json,"Cardiac Stress Test","STRESS TEST EXERCISE  /OR RX","","",outpatient,Kaiser,Kaiser_HMO-NAPS/CVG/NPCPS/UPS,1457.0,negotiated_dollar,947.05,reliable
"Northside Hospital Atlanta",json,"Cardiac Stress Test","STRESS TEST EXERCISE  /OR RX","","",outpatient,Kaiser,"Kaiser_HMO-VASC SURG",1457.0,negotiated_dollar,947.05,reliable
"Northside Hospital Atlanta",json,"Cardiac Stress Test","STRESS TEST EXERCISE  /OR RX","","",outpatient,Kaiser,Kaiser_SF,1457.0,negotiated_dollar,947.05,reliable
"Northside Hospital Atlanta",json,"Cardiac Stress Test","STRESS TEST EXERCISE  /OR RX","","",outpatient,Kaiser,Kaiser_SF-AGA,1457.0,negotiated_dollar,947.05,reliable
"Northside Hospital Atlanta",json,"Cardiac Stress Test","STRESS TEST EXERCISE  /OR RX","","",outpatient,Kaiser,Kaiser_SF-BARIATRIC,1457.0,negotiated_dollar,947.05,reliable
"Northside Hospital Atlanta",json,"Cardiac Stress Test","STRESS TEST EXERCISE  /OR RX","","",outpatient,Centene,"Peach State Medicaid",1457.0,negotiated_dollar,264.73,reliable
"Northside Hospital Atlanta",json,"Cardiac Stress Test","STRESS TEST EXERCISE  /OR RX","","",outpatient,Centene,"Peach State Medicare",1457.0,negotiated_dollar,298.21,reliable
"Northside Hospital Atlanta",json,"Cardiac Stress Test","STRESS TEST EXERCISE  /OR RX","","",outpatient,PHCS,PHCS,1457.0,negotiated_dollar,1092.75,reliable
"Northside Hospital Atlanta",json,"Cardiac Stress Test","STRESS TEST EXERCISE  /OR RX","","",outpatient,"Quick Trip","Quick Trip",1457.0,negotiated_dollar,801.35,reliable
"Northside Hospital Atlanta",json,"Cardiac Stress Test","STRESS TEST EXERCISE  /OR RX","","",outpatient,"Rabun County BOC","Rabun County BOC",1457.0,negotiated_dollar,1457.0,reliable
"Northside Hospital Atlanta",json,"Cardiac Stress Test","STRESS TEST EXERCISE  /OR RX","","",outpatient,Spreemo,Spreemo,1457.0,negotiated_dollar,652.57,reliable
"Northside Hospital Atlanta",json,"Cardiac Stress Test","STRESS TEST EXERCISE  /OR RX","","",outpatient,"Streamline Imaging","Streamline Imaging",1457.0,negotiated_dollar,734.14,reliable
"Northside Hospital Atlanta",json,"Cardiac Stress Test","STRESS TEST EXERCISE  /OR RX","","",outpatient,Tricare,Tricare,1457.0,negotiated_dollar,219.32,reliable
"Northside Hospital Atlanta",json,"Cardiac Stress Test","STRESS TEST EXERCISE  /OR RX","","",outpatient,"Truths Community","Truths Community",1457.0,negotiated_dollar,312.0,reliable
"Northside Hospital Atlanta",json,"Cardiac Stress Test","STRESS TEST EXERCISE  /OR RX","","",outpatient,UHC,"UHC GA Individual Exchange",1457.0,negotiated_dollar,767.84,reliable
"Northside Hospital Atlanta",json,"Cardiac Stress Test","STRESS TEST EXERCISE  /OR RX","","",outpatient,UHC,"UHC Heritage Select",1457.0,negotiated_dollar,1030.1,reliable
"Northside Hospital Atlanta",json,"Cardiac Stress Test","STRESS TEST EXERCISE  /OR RX","","",outpatient,UHC,"UHC HMO/POS/PPO",1457.0,negotiated_dollar,904.07,reliable
"Northside Hospital Atlanta",json,"Cardiac Stress Test","STRESS TEST EXERCISE  /OR RX","","",outpatient,UHC,"UHC HMO/POS/PPO-G",1457.0,negotiated_dollar,904.07,reliable
"Northside Hospital Atlanta",json,"Cardiac Stress Test","STRESS TEST EXERCISE  /OR RX","","",outpatient,UHC,"UHC HMO/POS/PPO-T",1457.0,negotiated_dollar,904.07,reliable
"Northside Hospital Atlanta",json,"Cardiac Stress Test","STRESS TEST PHARM","","",outpatient,UHC,"UHC Medicare",1457.0,negotiated_dollar,215.81,reliable
"Northside Hospital Atlanta",json,"Cardiac Stress Test","STRESS TEST PHARM","","",outpatient,"US Dept of Labor WC","US Dept of Labor WC",1457.0,negotiated_dollar,274.15,reliable
"Northside Hospital Atlanta",json,"Cardiac Stress Test","STRESS TEST PHARM","","",outpatient,Wellcare,"Wellcare Medicare Advantage",1457.0,negotiated_dollar,222.28,reliable
"Northside Hospital Atlanta",json,"Cardiac Stress Test","STRESS TEST PHARM","","",outpatient,Aetna,"Aetna Medicare",1457.0,negotiated_dollar,220.13,reliable
"Northside Hospital Atlanta",json,"Cardiac Stress Test","STRESS TEST PHARM","","",outpatient,BCBS,"BCBS Medicare Advantage",1457.0,negotiated_dollar,215.81,reliable
"Northside Hospital Atlanta",json,"Cardiac Stress Test","STRESS TEST PHARM","","",outpatient,BCBS,"BCBS Medicare Advantage-P",1457.0,negotiated_dollar,215.81,reliable
"Northside Hospital Atlanta",json,"Cardiac Stress Test","STRESS TEST PHARM","","",outpatient,BCCP,BCCP,1457.0,negotiated_dollar,219.32,reliable
"Northside Hospital Atlanta",json,"Cardiac Stress Test","STRESS TEST PHARM","","",outpatient,CareSource,"CareSource Medicare Advantage",1457.0,negotiated_dollar,222.28,reliable
"Northside Hospital Atlanta",json,"Cardiac Stress Test","STRESS TEST PHARM","","",outpatient,CBWW,CBWW,1457.0,negotiated_dollar,219.32,reliable
"Northside Hospital Atlanta",json,"Cardiac Stress Test","STRESS TEST PHARM","","",outpatient,"Clover Health","Clover Health",1457.0,negotiated_dollar,226.56,reliable
"Northside Hospital Atlanta",json,"Cardiac Stress Test","STRESS TEST PHARM","","",outpatient,Coventry,"Coventry Medicare",1457.0,negotiated_dollar,220.13,reliable
"Northside Hospital Atlanta",json,"Cardiac Stress Test","STRESS TEST PHARM","","",outpatient,"Devoted Medicare Advantage","Devoted Medicare Advantage",1457.0,negotiated_dollar,226.6,reliable
"Northside Hospital Atlanta",json,"Cardiac Stress Test","STRESS TEST PHARM","","",outpatient,"Fairly Group","Fairly Group",1457.0,negotiated_dollar,248.05,reliable
"Northside Hospital Atlanta",json,"Cardiac Stress Test","STRESS TEST PHARM","","",outpatient,Humana,"Humana Medicare Advantage HMO",1457.0,negotiated_dollar,217.97,reliable
"Northside Hospital Atlanta",json,"Cardiac Stress Test","STRESS TEST PHARM","","",outpatient,Humana,"Humana Medicare Advantage PPO",1457.0,negotiated_dollar,224.44,reliable
"Northside Hospital Atlanta",json,"Cardiac Stress Test","STRESS TEST PHARM","","",outpatient,"Institutional 100 Percent of Medicare","Institutional 100 Percent of Medicare",1457.0,negotiated_dollar,215.81,reliable
"Northside Hospital Atlanta",json,"Cardiac Stress Test","STRESS TEST PHARM","","",outpatient,"Institutional 110 Percent of Medicare","Institutional 110 Percent of Medicare",1457.0,negotiated_dollar,241.25,reliable
"Northside Hospital Atlanta",json,"Cardiac Stress Test","STRESS TEST PHARM","","",outpatient,"Institutional 120 Percent of Medicare","Institutional 120 Percent of Medicare",1457.0,negotiated_dollar,263.18,reliable
"Northside Hospital Atlanta",json,"Cardiac Stress Test","STRESS TEST PHARM","","",outpatient,Kaiser,"Kaiser Medicare Advantage",1457.0,negotiated_dollar,222.28,reliable
"Northside Hospital Atlanta",json,"Cardiac Stress Test","STRESS TEST PHARM","","",outpatient,Medicare,Medicare,1457.0,negotiated_dollar,215.81,reliable
"Northside Hospital Atlanta",json,"Cardiac Stress Test","STRESS TEST PHARM","","",outpatient,"CLEAR SPRINGS EON HEALTH","CLEAR SPRINGS EON HEALTH",1457.0,negotiated_dollar,215.81,reliable
"Northside Hospital Atlanta",json,"Cardiac Stress Test","STRESS TEST PHARM","","",outpatient,"VA CCN","VA CCN",1457.0,negotiated_dollar,215.81,reliable
"Northside Hospital Atlanta",json,"Cardiac Stress Test","STRESS TEST PHARM","","",outpatient,"Pruitt Health Premier","Pruitt Health Premier",1457.0,negotiated_dollar,226.6,reliable
"Northside Hospital Atlanta",json,"Cardiac Stress Test","STRESS TEST PHARM","","",inpatient,BCBS,"BCBS PRUDT BUYER",1457.0,negotiated_dollar,1015.53,reliable
"Northside Hospital Atlanta",json,"Cardiac Stress Test","STRESS TEST PHARM","","",inpatient,"Beech Steet","Beech Street",1457.0,negotiated_dollar,1238.45,reliable
"Northside Hospital Atlanta",json,"Cardiac Stress Test","STRESS TEST PHARM","","",inpatient,CareIQ,CareIQ,1457.0,negotiated_dollar,1457.0,reliable
"Northside Hospital Atlanta",json,"Cardiac Stress Test","STRESS TEST PHARM","","",inpatient,CareSource,"CareSource MarketPlace",1457.0,negotiated_dollar,542.0,reliable
"Northside Hospital Atlanta",json,"Cardiac Stress Test","STRESS TEST PHARM","","",inpatient,"Dekalb_Department of Health","Dekalb_Department of Health",1457.0,negotiated_dollar,1457.0,reliable
"Northside Hospital Atlanta",json,"Cardiac Stress Test","STRESS TEST PHARM","","",inpatient,FIFA,FIFA,1457.0,negotiated_dollar,1457.0,reliable
"Northside Hospital Atlanta",json,"Cardiac Stress Test","STRESS TEST PHARM","","",inpatient,Coventry,"First Health and Coventry National",1457.0,negotiated_dollar,990.76,reliable
"Northside Hospital Atlanta",json,"Cardiac Stress Test","STRESS TEST PHARM","","",inpatient,"Georgia Reproductive Specialists","Georgia Reproductive Specialists (SGF)",1457.0,negotiated_dollar,582.8,reliable
"Northside Hospital Atlanta",json,"Cardiac Stress Test","STRESS TEST PHARM","","",inpatient,Multiplan,"Multiplan PPO",1457.0,negotiated_dollar,1238.45,reliable
"Northside Hospital Atlanta",json,"Cardiac Stress Test","STRESS TEST PHARM","","",inpatient,"Multiplan Workers Comp","Multiplan Workers Comp",1457.0,negotiated_dollar,1238.45,reliable
"Northside Hospital Atlanta",json,"Cardiac Stress Test","STRESS TEST PHARM","","",inpatient,NovaNet_PPO,NovaNet_PPO,1457.0,negotiated_dollar,1019.9,reliable
"Northside Hospital Atlanta",json,"Cardiac Stress Test","STRESS TEST PHARM","","",inpatient,"Quick Trip","Quick Trip",1457.0,negotiated_dollar,801.35,reliable
"Northside Hospital Atlanta",json,"Cardiac Stress Test","STRESS TEST PHARM","","",inpatient,"Rabun County BOC","Rabun County BOC",1457.0,negotiated_dollar,1457.0,reliable
"Northside Hospital Atlanta",json,"Cardiac Stress Test","STRESS TEST PHARM","","",outpatient,Aetna,"Aetna HMO/POS/PPO",1457.0,negotiated_dollar,990.76,reliable
"Northside Hospital Atlanta",json,"Cardiac Stress Test","STRESS TEST PHARM","","",outpatient,Aetna,"Aetna HMO/POS/PPO-G",1457.0,negotiated_dollar,990.76,reliable
"Northside Hospital Atlanta",json,"Cardiac Stress Test","STRESS TEST PHARM","","",outpatient,Aetna,"Aetna HMO/POS/PPO-Q",1457.0,negotiated_dollar,990.76,reliable
"Northside Hospital Atlanta",json,"Cardiac Stress Test","STRESS TEST PHARM","","",outpatient,Aetna,"Aetna Whole Health",1457.0,negotiated_dollar,728.5,reliable
"Northside Hospital Atlanta",json,"Cardiac Stress Test","STRESS TEST PHARM","","",outpatient,Aetna,"Aetna Whole Health-G",1457.0,negotiated_dollar,728.5,reliable
"Northside Hospital Atlanta",json,"Cardiac Stress Test","STRESS TEST PHARM","","",outpatient,Centene,"Ambetter PAR",1457.0,negotiated_dollar,684.79,reliable
"Northside Hospital Atlanta",json,"Cardiac Stress Test","STRESS TEST PHARM","","",outpatient,"Employers Choice Network","Employers Choice Network",1457.0,negotiated_dollar,774.92,reliable
"Northside Hospital Atlanta",json,"Cardiac Stress Test","STRESS TEST PHARM","","",outpatient,"Fieldale Farms WC","Fieldale Farms WC",1457.0,negotiated_dollar,815.71,reliable
"Northside Hospital Atlanta",json,"Cardiac Stress Test","STRESS TEST PHARM","","",outpatient,Kaiser,Kaiser_SF-MELANOMA,1457.0,negotiated_dollar,947.05,reliable
"Northside Hospital Atlanta",json,"Cardiac Stress Test","STRESS TEST PHARM","","",outpatient,Kaiser,Kaiser_SF-NAPS/CVG/NPCPS/UPS,1457.0,negotiated_dollar,947.05,reliable
"Northside Hospital Atlanta",json,"Cardiac Stress Test","STRESS TEST PHARM","","",outpatient,Kaiser,"Kaiser_SF-THOR SURG",1457.0,negotiated_dollar,947.05,reliable
"Northside Hospital Atlanta",json,"Cardiac Stress Test","STRESS TEST PHARM","","",outpatient,Kaiser,"Kaiser_SF-VASC SURG",1457.0,negotiated_dollar,947.05,reliable
"Northside Hospital Atlanta",json,"Cardiac Stress Test","STRESS TEST PHARM","","",outpatient,"Med Care Solutions","Med Care Solutions",1457.0,negotiated_dollar,655.65,reliable
"Northside Hospital Atlanta",json,"Cardiac Stress Test","STRESS TEST PHARM","","",outpatient,"MedLien Healthcare Services","MedLien Healthcare Services",1457.0,negotiated_dollar,582.8,reliable
"Northside Hospital Atlanta",json,"Cardiac Stress Test","STRESS TEST PHARM","","",outpatient,MTI,MTI,1457.0,negotiated_dollar,62.0,reliable
"Northside Hospital Atlanta",json,"Cardiac Stress Test","STRESS TEST PHARM","","",outpatient,Multiplan,"Multiplan PPO",1457.0,negotiated_dollar,1238.45,reliable
"Northside Hospital Atlanta",json,"Cardiac Stress Test","STRESS TEST PHARM","","",outpatient,"Multiplan Workers Comp","Multiplan Workers Comp",1457.0,negotiated_dollar,1238.45,reliable
"Northside Hospital Atlanta",json,"Cardiac Stress Test","STRESS TEST PHARM","","",outpatient,"Northside Health Network","Northside Health Network",1457.0,negotiated_dollar,903.34,reliable
"Northside Hospital Atlanta",json,"Cardiac Stress Test","STRESS TEST PHARM","","",outpatient,"Northside Health Network","Northside Health Network-S",1457.0,negotiated_dollar,903.34,reliable
"Northside Hospital Atlanta",json,"Cardiac Stress Test","STRESS TEST PHARM","","",outpatient,Amerigroup,"Amerigroup Medicaid",1457.0,negotiated_dollar,264.73,reliable
"Northside Hospital Atlanta",json,"Cardiac Stress Test","STRESS TEST PHARM","","",outpatient,Amerigroup,"Amerigroup Medicare Advantage",1457.0,negotiated_dollar,235.58,reliable
"Northside Hospital Atlanta",json,"Cardiac Stress Test","STRESS TEST PHARM","","",outpatient,"Authentic 4D","Authentic 4D",1457.0,negotiated_dollar,734.14,reliable
"Northside Hospital Atlanta",json,"Cardiac Stress Test","STRESS TEST PHARM","","",outpatient,BCBS,"BCBS PRUDT BUYER",1457.0,negotiated_dollar,1015.53,reliable
"Northside Hospital Atlanta",json,"Cardiac Stress Test","STRESS TEST PHARM","","",outpatient,Kaiser,"Kaiser_HMO-VASC SURG",1457.0,negotiated_dollar,947.05,reliable
"Northside Hospital Atlanta",json,"Cardiac Stress Test","STRESS TEST PHARM","","",outpatient,Kaiser,Kaiser_SF,1457.0,negotiated_dollar,947.05,reliable
"Northside Hospital Atlanta",json,"Cardiac Stress Test","STRESS TEST PHARM","","",outpatient,Kaiser,Kaiser_SF-AGA,1457.0,negotiated_dollar,947.05,reliable
"Northside Hospital Atlanta",json,"Cardiac Stress Test","STRESS TEST PHARM","","",outpatient,BCBS,BCBS_HMO,1457.0,negotiated_dollar,814.46,reliable
"Northside Hospital Atlanta",json,"Cardiac Stress Test","STRESS TEST PHARM","","",outpatient,BCBS,BCBS_HMO-L,1457.0,negotiated_dollar,814.46,reliable
"Northside Hospital Atlanta",json,"Cardiac Stress Test","STRESS TEST PHARM","","",outpatient,BCBS,BCBS_PATHWAY,1457.0,negotiated_dollar,407.09,reliable
"Northside Hospital Atlanta",json,"Cardiac Stress Test","STRESS TEST PHARM","","",outpatient,BCBS,BCBS_PATHWAY-L,1457.0,negotiated_dollar,407.09,reliable
"Northside Hospital Atlanta",json,"Cardiac Stress Test","STRESS TEST PHARM","","",outpatient,FIFA,FIFA,1457.0,negotiated_dollar,1457.0,reliable
"Northside Hospital Atlanta",json,"Cardiac Stress Test","STRESS TEST PHARM","","",outpatient,Coventry,"First Health and Coventry National",1457.0,negotiated_dollar,874.2,reliable
"Northside Hospital Atlanta",json,"Cardiac Stress Test","STRESS TEST PHARM","","",outpatient,"Genex/Priority Care Solutions","Genex/Priority Care Solutions",1457.0,negotiated_dollar,652.57,reliable
"Northside Hospital Atlanta",json,"Cardiac Stress Test","STRESS TEST PHARM","","",outpatient,"Georgia Reproductive Specialists","Georgia Reproductive Specialists (SGF)",1457.0,negotiated_dollar,582.8,reliable
"Northside Hospital Atlanta",json,"Cardiac Stress Test","STRESS TEST PHARM","","",outpatient,NovaNet_PPO,NovaNet_PPO,1457.0,negotiated_dollar,1019.9,reliable
"Northside Hospital Atlanta",json,"Cardiac Stress Test","STRESS TEST PHARM","","",outpatient,"One Call Diagnostics","One Call Diagnostics",1457.0,negotiated_dollar,62.0,reliable
"Northside Hospital Atlanta",json,"Cardiac Stress Test","STRESS TEST PHARM","","",outpatient,Oscar,Oscar,1457.0,negotiated_dollar,684.79,reliable
"Northside Hospital Atlanta",json,"Cardiac Stress Test","STRESS TEST PHARM","","",outpatient,BCBS,BCBS_PPO,1457.0,negotiated_dollar,968.91,reliable
"Northside Hospital Atlanta",json,"Cardiac Stress Test","STRESS TEST PHARM","","",outpatient,BCBS,BCBS_PPO-L,1457.0,negotiated_dollar,968.91,reliable
"Northside Hospital Atlanta",json,"Cardiac Stress Test","STRESS TEST PHARM","","",outpatient,"Beech Steet","Beech Street",1457.0,negotiated_dollar,1238.45,reliable
"Northside Hospital Atlanta",json,"Cardiac Stress Test","STRESS TEST PHARM","","",outpatient,BCBS,"Blue HPN",1457.0,negotiated_dollar,629.86,reliable
"Northside Hospital Atlanta",json,"Cardiac Stress Test","STRESS TEST PHARM","","",outpatient,BCBS,"Blue HPN-L",1457.0,negotiated_dollar,629.86,reliable
"Northside Hospital Atlanta",json,"Cardiac Stress Test","STRESS TEST PHARM","","",outpatient,CareIQ,CareIQ,1457.0,negotiated_dollar,1457.0,reliable
"Northside Hospital Atlanta",json,"Cardiac Stress Test","STRESS TEST PHARM","","",outpatient,"Georgia Workers Compensation","Georgia Workers Comp",1457.0,negotiated_dollar,815.71,reliable
"Northside Hospital Atlanta",json,"Cardiac Stress Test","STRESS TEST PHARM","","",outpatient,"Health One Alliance_PPO","Health One Alliance_PPO",1457.0,negotiated_dollar,801.35,reliable
"Northside Hospital Atlanta",json,"Cardiac Stress Test","STRESS TEST PHARM","","",outpatient,CareSource,CareSource,1457.0,negotiated_dollar,272.67,reliable
"Northside Hospital Atlanta",json,"Cardiac Stress Test","STRESS TEST PHARM","","",outpatient,CareSource,"CareSource MarketPlace",1457.0,negotiated_dollar,542.0,reliable
"Northside Hospital Atlanta",json,"Cardiac Stress Test","STRESS TEST PHARM","","",outpatient,"CHAMPUS VA","CHAMPUS VA",1457.0,negotiated_dollar,37.17,reliable
"Northside Hospital Atlanta",json,"Cardiac Stress Test","STRESS TEST PHARM","","",outpatient,Cigna,Cigna,1457.0,negotiated_dollar,917.91,reliable
"Northside Hospital Atlanta",json,"Cardiac Stress Test","STRESS TEST PHARM","","",outpatient,Cigna,Cigna-G,1457.0,negotiated_dollar,917.91,reliable
"Northside Hospital Atlanta",json,"Cardiac Stress Test","STRESS TEST PHARM","","",outpatient,HomeLink,HomeLink,1457.0,negotiated_dollar,65.88,reliable
"Northside Hospital Atlanta",json,"Cardiac Stress Test","STRESS TEST PHARM","","",outpatient,Cigna,Cigna-H,1457.0,negotiated_dollar,917.91,reliable
"Northside Hospital Atlanta",json,"Cardiac Stress Test","STRESS TEST PHARM","","",outpatient,Cigna,Cigna-L,1457.0,negotiated_dollar,917.91,reliable
"Northside Hospital Atlanta",json,"Cardiac Stress Test","STRESS TEST PHARM","","",outpatient,Cigna,"CIGNA HealthSprings Medicare Advantage",1457.0,negotiated_dollar,237.85,reliable
"Northside Hospital Atlanta",json,"Cardiac Stress Test","STRESS TEST PHARM","","",outpatient,"Corvel Workers Comp","Corvel Workers Comp",1457.0,negotiated_dollar,774.92,reliable
"Northside Hospital Atlanta",json,"Cardiac Stress Test","STRESS TEST PHARM","","",outpatient,"Dekalb_Department of Health","Dekalb_Department of Health",1457.0,negotiated_dollar,1457.0,reliable
"Northside Hospital Atlanta",json,"Cardiac Stress Test","STRESS TEST PHARM","","",outpatient,Kaiser,Kaiser_SF-BARIATRIC,1457.0,negotiated_dollar,947.05,reliable
"Northside Hospital Atlanta",json,"Cardiac Stress Test","STRESS TEST PHARM","","",outpatient,Kaiser,Kaiser_SF-GCS,1457.0,negotiated_dollar,947.05,reliable
"Northside Hospital Atlanta",json,"Cardiac Stress Test","STRESS TEST PHARM","","",outpatient,Kaiser,Kaiser_SF-GPG/NOAS,1457.0,negotiated_dollar,947.05,reliable
"Northside Hospital Atlanta",json,"Cardiac Stress Test","STRESS TEST PHARM","","",outpatient,Kaiser,Kaiser_SF-GYNONC,1457.0,negotiated_dollar,947.05,reliable
"Northside Hospital Atlanta",json,"Cardiac Stress Test","STRESS TEST PHARM","","",outpatient,"Institutional 115 Percent_Georgia Medicaid","Institutional 115 Percent_Georgia Medicaid",1457.0,negotiated_dollar,304.44,reliable
"Northside Hospital Atlanta",json,"Cardiac Stress Test","STRESS TEST PHARM","","",outpatient,"Institutional GA Medicaid","Institutional GA Medicaid",1457.0,negotiated_dollar,264.73,reliable
"Northside Hospital Atlanta",json,"Cardiac Stress Test","STRESS TEST PHARM","","",outpatient,"Institutional Marietta Surgery Center","Institutional Marietta Surgery Center",1457.0,negotiated_dollar,1457.0,reliable
"Northside Hospital Atlanta",json,"Cardiac Stress Test","STRESS TEST PHARM","","",outpatient,"Institutional Veterans Evaluation Services","Institutional Veterans Evaluation Services",1457.0,negotiated_dollar,1457.0,reliable
"Northside Hospital Atlanta",json,"Cardiac Stress Test","STRESS TEST PHARM","","",outpatient,Kaiser,"Kaiser Dual Choice PPO",1457.0,negotiated_dollar,1267.59,reliable
"Northside Hospital Atlanta",json,"Cardiac Stress Test","STRESS TEST PHARM","","",outpatient,Kaiser,"Kaiser Dual Choice PPO-AGA",1457.0,negotiated_dollar,1267.59,reliable
"Northside Hospital Atlanta",json,"Cardiac Stress Test","STRESS TEST PHARM","","",outpatient,Kaiser,"Kaiser Dual Choice PPO-BARIATRIC",1457.0,negotiated_dollar,1267.59,reliable
"Northside Hospital Atlanta",json,"Cardiac Stress Test","STRESS TEST PHARM","","",outpatient,Kaiser,"Kaiser Dual Choice PPO-GCS",1457.0,negotiated_dollar,1267.59,reliable
"Northside Hospital Atlanta",json,"Cardiac Stress Test","STRESS TEST PHARM","","",outpatient,Kaiser,"Kaiser Dual Choice PPO-GPG/NOAS",1457.0,negotiated_dollar,1267.59,reliable
"Northside Hospital Atlanta",json,"Cardiac Stress Test","STRESS TEST PHARM","","",outpatient,Kaiser,"Kaiser Dual Choice PPO-GYNONC",1457.0,negotiated_dollar,1267.59,reliable
"Northside Hospital Atlanta",json,"Cardiac Stress Test","STRESS TEST PHARM","","",outpatient,Kaiser,"Kaiser Dual Choice PPO-MELANOMA",1457.0,negotiated_dollar,1267.59,reliable
"Northside Hospital Atlanta",json,"Cardiac Stress Test","STRESS TEST PHARM","","",outpatient,Kaiser,"Kaiser Dual Choice PPO-NAPS/CVG/NPCPS/UPS",1457.0,negotiated_dollar,1267.59,reliable
"Northside Hospital Atlanta",json,"Cardiac Stress Test","STRESS TEST PHARM","","",outpatient,Kaiser,"Kaiser Dual Choice PPO-THOR SURG",1457.0,negotiated_dollar,1267.59,reliable
"Northside Hospital Atlanta",json,"Cardiac Stress Test","STRESS TEST PHARM","","",outpatient,Kaiser,"Kaiser Dual Choice PPO-VASC SURG",1457.0,negotiated_dollar,1267.59,reliable
"Northside Hospital Atlanta",json,"Cardiac Stress Test","STRESS TEST PHARM","","",outpatient,Kaiser,Kaiser_HMO,1457.0,negotiated_dollar,947.05,reliable
"Northside Hospital Atlanta",json,"Cardiac Stress Test","STRESS TEST PHARM","","",outpatient,Kaiser,Kaiser_HMO-AGA,1457.0,negotiated_dollar,947.05,reliable
"Northside Hospital Atlanta",json,"Cardiac Stress Test","STRESS TEST PHARM","","",outpatient,Kaiser,Kaiser_HMO-BARIATRIC,1457.0,negotiated_dollar,947.05,reliable
"Northside Hospital Atlanta",json,"Cardiac Stress Test","STRESS TEST PHARM","","",outpatient,Kaiser,Kaiser_HMO-GCS,1457.0,negotiated_dollar,947.05,reliable
"Northside Hospital Atlanta",json,"Cardiac Stress Test","STRESS TEST PHARM","","",outpatient,Kaiser,Kaiser_HMO-GPG/NOAS,1457.0,negotiated_dollar,947.05,reliable
"Northside Hospital Atlanta",json,"Cardiac Stress Test","STRESS TEST PHARM","","",outpatient,Kaiser,Kaiser_HMO-GYNONC,1457.0,negotiated_dollar,947.05,reliable
"Northside Hospital Atlanta",json,"Cardiac Stress Test","STRESS TEST PHARM","","",outpatient,Kaiser,Kaiser_HMO-MELANOMA,1457.0,negotiated_dollar,947.05,reliable
"Northside Hospital Atlanta",json,"Cardiac Stress Test","STRESS TEST PHARM","","",outpatient,Kaiser,Kaiser_HMO-NAPS/CVG/NPCPS/UPS,1457.0,negotiated_dollar,947.05,reliable
"Northside Hospital Atlanta",json,"Cardiac Stress Test","STRESS TEST PHARM","","",outpatient,Centene,"Peach State Medicaid",1457.0,negotiated_dollar,264.73,reliable
"Northside Hospital Atlanta",json,"Cardiac Stress Test","STRESS TEST PHARM","","",outpatient,Centene,"Peach State Medicare",1457.0,negotiated_dollar,298.21,reliable
"Northside Hospital Atlanta",json,"Cardiac Stress Test","STRESS TEST PHARM","","",outpatient,PHCS,PHCS,1457.0,negotiated_dollar,1092.75,reliable
"Northside Hospital Atlanta",json,"Cardiac Stress Test","STRESS TEST PHARM","","",outpatient,"Quick Trip","Quick Trip",1457.0,negotiated_dollar,801.35,reliable
"Northside Hospital Atlanta",json,"Cardiac Stress Test","STRESS TEST PHARM","","",outpatient,"Rabun County BOC","Rabun County BOC",1457.0,negotiated_dollar,1457.0,reliable
"Northside Hospital Atlanta",json,"Cardiac Stress Test","STRESS TEST PHARM","","",outpatient,Spreemo,Spreemo,1457.0,negotiated_dollar,652.57,reliable
"Northside Hospital Atlanta",json,"Cardiac Stress Test","STRESS TEST PHARM","","",outpatient,"Streamline Imaging","Streamline Imaging",1457.0,negotiated_dollar,734.14,reliable
"Northside Hospital Atlanta",json,"Cardiac Stress Test","STRESS TEST PHARM","","",outpatient,Tricare,Tricare,1457.0,negotiated_dollar,219.32,reliable
"Northside Hospital Atlanta",json,"Cardiac Stress Test","STRESS TEST PHARM","","",outpatient,"Truths Community","Truths Community",1457.0,negotiated_dollar,312.0,reliable
"Northside Hospital Atlanta",json,"Cardiac Stress Test","STRESS TEST PHARM","","",outpatient,UHC,"UHC GA Individual Exchange",1457.0,negotiated_dollar,767.84,reliable
"Northside Hospital Atlanta",json,"Cardiac Stress Test","STRESS TEST PHARM","","",outpatient,UHC,"UHC Heritage Select",1457.0,negotiated_dollar,1030.1,reliable
"Northside Hospital Atlanta",json,"Cardiac Stress Test","STRESS TEST PHARM","","",outpatient,UHC,"UHC HMO/POS/PPO",1457.0,negotiated_dollar,904.07,reliable
"Northside Hospital Atlanta",json,"Cardiac Stress Test","STRESS TEST PHARM","","",outpatient,UHC,"UHC HMO/POS/PPO-G",1457.0,negotiated_dollar,904.07,reliable
"Northside Hospital Atlanta",json,"Cardiac Stress Test","STRESS TEST PHARM","","",outpatient,UHC,"UHC HMO/POS/PPO-T",1457.0,negotiated_dollar,904.07,reliable
"Northside Hospital Atlanta",json,"Cardiac Stress Test","STRESS TEST TREADMILL OR PHARM","","",outpatient,UHC,"UHC Medicare",1457.0,negotiated_dollar,215.81,reliable
"Northside Hospital Atlanta",json,"Cardiac Stress Test","STRESS TEST TREADMILL OR PHARM","","",outpatient,"US Dept of Labor WC","US Dept of Labor WC",1457.0,negotiated_dollar,274.15,reliable
"Northside Hospital Atlanta",json,"Cardiac Stress Test","STRESS TEST TREADMILL OR PHARM","","",outpatient,Wellcare,"Wellcare Medicare Advantage",1457.0,negotiated_dollar,222.28,reliable
"Northside Hospital Atlanta",json,"Cardiac Stress Test","STRESS TEST TREADMILL OR PHARM","","",outpatient,Humana,"Humana Medicare Advantage PPO",1457.0,negotiated_dollar,224.44,reliable
"Northside Hospital Atlanta",json,"Cardiac Stress Test","STRESS TEST TREADMILL OR PHARM","","",outpatient,"Institutional 100 Percent of Medicare","Institutional 100 Percent of Medicare",1457.0,negotiated_dollar,215.81,reliable
"Northside Hospital Atlanta",json,"Cardiac Stress Test","STRESS TEST TREADMILL OR PHARM","","",outpatient,"Institutional 110 Percent of Medicare","Institutional 110 Percent of Medicare",1457.0,negotiated_dollar,241.25,reliable
"Northside Hospital Atlanta",json,"Cardiac Stress Test","STRESS TEST TREADMILL OR PHARM","","",outpatient,"Institutional 120 Percent of Medicare","Institutional 120 Percent of Medicare",1457.0,negotiated_dollar,263.18,reliable
"Northside Hospital Atlanta",json,"Cardiac Stress Test","STRESS TEST TREADMILL OR PHARM","","",outpatient,Kaiser,"Kaiser Medicare Advantage",1457.0,negotiated_dollar,222.28,reliable
"Northside Hospital Atlanta",json,"Cardiac Stress Test","STRESS TEST TREADMILL OR PHARM","","",outpatient,Medicare,Medicare,1457.0,negotiated_dollar,215.81,reliable
"Northside Hospital Atlanta",json,"Cardiac Stress Test","STRESS TEST TREADMILL OR PHARM","","",outpatient,"CLEAR SPRINGS EON HEALTH","CLEAR SPRINGS EON HEALTH",1457.0,negotiated_dollar,215.81,reliable
"Northside Hospital Atlanta",json,"Cardiac Stress Test","STRESS TEST TREADMILL OR PHARM","","",outpatient,"VA CCN","VA CCN",1457.0,negotiated_dollar,215.81,reliable
"Northside Hospital Atlanta",json,"Cardiac Stress Test","STRESS TEST TREADMILL OR PHARM","","",outpatient,"Pruitt Health Premier","Pruitt Health Premier",1457.0,negotiated_dollar,226.6,reliable
"Northside Hospital Atlanta",json,"Cardiac Stress Test","STRESS TEST TREADMILL OR PHARM","","",outpatient,Aetna,"Aetna Medicare",1457.0,negotiated_dollar,220.13,reliable
"Northside Hospital Atlanta",json,"Cardiac Stress Test","STRESS TEST TREADMILL OR PHARM","","",outpatient,BCBS,"BCBS Medicare Advantage",1457.0,negotiated_dollar,215.81,reliable
"Northside Hospital Atlanta",json,"Cardiac Stress Test","STRESS TEST TREADMILL OR PHARM","","",outpatient,BCBS,"BCBS Medicare Advantage-P",1457.0,negotiated_dollar,215.81,reliable
"Northside Hospital Atlanta",json,"Cardiac Stress Test","STRESS TEST TREADMILL OR PHARM","","",outpatient,BCCP,BCCP,1457.0,negotiated_dollar,219.32,reliable
"Northside Hospital Atlanta",json,"Cardiac Stress Test","STRESS TEST TREADMILL OR PHARM","","",outpatient,CareSource,"CareSource Medicare Advantage",1457.0,negotiated_dollar,222.28,reliable
"Northside Hospital Atlanta",json,"Cardiac Stress Test","STRESS TEST TREADMILL OR PHARM","","",outpatient,CBWW,CBWW,1457.0,negotiated_dollar,219.32,reliable
"Northside Hospital Atlanta",json,"Cardiac Stress Test","STRESS TEST TREADMILL OR PHARM","","",outpatient,"Clover Health","Clover Health",1457.0,negotiated_dollar,226.56,reliable
"Northside Hospital Atlanta",json,"Cardiac Stress Test","STRESS TEST TREADMILL OR PHARM","","",outpatient,Coventry,"Coventry Medicare",1457.0,negotiated_dollar,220.13,reliable
"Northside Hospital Atlanta",json,"Cardiac Stress Test","STRESS TEST TREADMILL OR PHARM","","",outpatient,"Devoted Medicare Advantage","Devoted Medicare Advantage",1457.0,negotiated_dollar,226.6,reliable
"Northside Hospital Atlanta",json,"Cardiac Stress Test","STRESS TEST TREADMILL OR PHARM","","",outpatient,"Fairly Group","Fairly Group",1457.0,negotiated_dollar,248.05,reliable
"Northside Hospital Atlanta",json,"Cardiac Stress Test","STRESS TEST TREADMILL OR PHARM","","",outpatient,Humana,"Humana Medicare Advantage HMO",1457.0,negotiated_dollar,217.97,reliable
"Northside Hospital Atlanta",json,"Cardiac Stress Test","STRESS TEST TREADMILL OR PHARM","","",inpatient,BCBS,"BCBS PRUDT BUYER",1457.0,negotiated_dollar,1015.53,reliable
"Northside Hospital Atlanta",json,"Cardiac Stress Test","STRESS TEST TREADMILL OR PHARM","","",inpatient,"Beech Steet","Beech Street",1457.0,negotiated_dollar,1238.45,reliable
"Northside Hospital Atlanta",json,"Cardiac Stress Test","STRESS TEST TREADMILL OR PHARM","","",inpatient,CareIQ,CareIQ,1457.0,negotiated_dollar,1457.0,reliable
"Northside Hospital Atlanta",json,"Cardiac Stress Test","STRESS TEST TREADMILL OR PHARM","","",inpatient,CareSource,"CareSource MarketPlace",1457.0,negotiated_dollar,542.0,reliable
"Northside Hospital Atlanta",json,"Cardiac Stress Test","STRESS TEST TREADMILL OR PHARM","","",inpatient,"Dekalb_Department of Health","Dekalb_Department of Health",1457.0,negotiated_dollar,1457.0,reliable
"Northside Hospital Atlanta",json,"Cardiac Stress Test","STRESS TEST TREADMILL OR PHARM","","",inpatient,FIFA,FIFA,1457.0,negotiated_dollar,1457.0,reliable
"Northside Hospital Atlanta",json,"Cardiac Stress Test","STRESS TEST TREADMILL OR PHARM","","",inpatient,Coventry,"First Health and Coventry National",1457.0,negotiated_dollar,990.76,reliable
"Northside Hospital Atlanta",json,"Cardiac Stress Test","STRESS TEST TREADMILL OR PHARM","","",inpatient,"Georgia Reproductive Specialists","Georgia Reproductive Specialists (SGF)",1457.0,negotiated_dollar,582.8,reliable
"Northside Hospital Atlanta",json,"Cardiac Stress Test","STRESS TEST TREADMILL OR PHARM","","",inpatient,Multiplan,"Multiplan PPO",1457.0,negotiated_dollar,1238.45,reliable
"Northside Hospital Atlanta",json,"Cardiac Stress Test","STRESS TEST TREADMILL OR PHARM","","",inpatient,"Multiplan Workers Comp","Multiplan Workers Comp",1457.0,negotiated_dollar,1238.45,reliable
"Northside Hospital Atlanta",json,"Cardiac Stress Test","STRESS TEST TREADMILL OR PHARM","","",inpatient,NovaNet_PPO,NovaNet_PPO,1457.0,negotiated_dollar,1019.9,reliable
"Northside Hospital Atlanta",json,"Cardiac Stress Test","STRESS TEST TREADMILL OR PHARM","","",inpatient,"Quick Trip","Quick Trip",1457.0,negotiated_dollar,801.35,reliable
"Northside Hospital Atlanta",json,"Cardiac Stress Test","STRESS TEST TREADMILL OR PHARM","","",inpatient,"Rabun County BOC","Rabun County BOC",1457.0,negotiated_dollar,1457.0,reliable
"Northside Hospital Atlanta",json,"Cardiac Stress Test","STRESS TEST TREADMILL OR PHARM","","",outpatient,Kaiser,Kaiser_SF-GCS,1457.0,negotiated_dollar,947.05,reliable
"Northside Hospital Atlanta",json,"Cardiac Stress Test","STRESS TEST TREADMILL OR PHARM","","",outpatient,Kaiser,Kaiser_SF-GPG/NOAS,1457.0,negotiated_dollar,947.05,reliable
"Northside Hospital Atlanta",json,"Cardiac Stress Test","STRESS TEST TREADMILL OR PHARM","","",outpatient,Kaiser,Kaiser_SF-GYNONC,1457.0,negotiated_dollar,947.05,reliable
"Northside Hospital Atlanta",json,"Cardiac Stress Test","STRESS TEST TREADMILL OR PHARM","","",outpatient,Kaiser,Kaiser_SF-MELANOMA,1457.0,negotiated_dollar,947.05,reliable
"Northside Hospital Atlanta",json,"Cardiac Stress Test","STRESS TEST TREADMILL OR PHARM","","",outpatient,Kaiser,Kaiser_SF-NAPS/CVG/NPCPS/UPS,1457.0,negotiated_dollar,947.05,reliable
"Northside Hospital Atlanta",json,"Cardiac Stress Test","STRESS TEST TREADMILL OR PHARM","","",outpatient,Kaiser,"Kaiser_SF-THOR SURG",1457.0,negotiated_dollar,947.05,reliable
"Northside Hospital Atlanta",json,"Cardiac Stress Test","STRESS TEST TREADMILL OR PHARM","","",outpatient,Kaiser,"Kaiser_SF-VASC SURG",1457.0,negotiated_dollar,947.05,reliable
"Northside Hospital Atlanta",json,"Cardiac Stress Test","STRESS TEST TREADMILL OR PHARM","","",outpatient,"Med Care Solutions","Med Care Solutions",1457.0,negotiated_dollar,655.65,reliable
"Northside Hospital Atlanta",json,"Cardiac Stress Test","STRESS TEST TREADMILL OR PHARM","","",outpatient,"MedLien Healthcare Services","MedLien Healthcare Services",1457.0,negotiated_dollar,582.8,reliable
"Northside Hospital Atlanta",json,"Cardiac Stress Test","STRESS TEST TREADMILL OR PHARM","","",outpatient,MTI,MTI,1457.0,negotiated_dollar,62.0,reliable
"Northside Hospital Atlanta",json,"Cardiac Stress Test","STRESS TEST TREADMILL OR PHARM","","",outpatient,Multiplan,"Multiplan PPO",1457.0,negotiated_dollar,1238.45,reliable
"Northside Hospital Atlanta",json,"Cardiac Stress Test","STRESS TEST TREADMILL OR PHARM","","",outpatient,"Multiplan Workers Comp","Multiplan Workers Comp",1457.0,negotiated_dollar,1238.45,reliable
"Northside Hospital Atlanta",json,"Cardiac Stress Test","STRESS TEST TREADMILL OR PHARM","","",outpatient,"Northside Health Network","Northside Health Network",1457.0,negotiated_dollar,903.34,reliable
"Northside Hospital Atlanta",json,"Cardiac Stress Test","STRESS TEST TREADMILL OR PHARM","","",outpatient,"Northside Health Network","Northside Health Network-S",1457.0,negotiated_dollar,903.34,reliable
"Northside Hospital Atlanta",json,"Cardiac Stress Test","STRESS TEST TREADMILL OR PHARM","","",outpatient,NovaNet_PPO,NovaNet_PPO,1457.0,negotiated_dollar,1019.9,reliable
"Northside Hospital Atlanta",json,"Cardiac Stress Test","STRESS TEST TREADMILL OR PHARM","","",outpatient,"One Call Diagnostics","One Call Diagnostics",1457.0,negotiated_dollar,62.0,reliable
"Northside Hospital Atlanta",json,"Cardiac Stress Test","STRESS TEST TREADMILL OR PHARM","","",outpatient,Oscar,Oscar,1457.0,negotiated_dollar,684.79,reliable
"Northside Hospital Atlanta",json,"Cardiac Stress Test","STRESS TEST TREADMILL OR PHARM","","",outpatient,Aetna,"Aetna HMO/POS/PPO",1457.0,negotiated_dollar,990.76,reliable
"Northside Hospital Atlanta",json,"Cardiac Stress Test","STRESS TEST TREADMILL OR PHARM","","",outpatient,Aetna,"Aetna HMO/POS/PPO-G",1457.0,negotiated_dollar,990.76,reliable
"Northside Hospital Atlanta",json,"Cardiac Stress Test","STRESS TEST TREADMILL OR PHARM","","",outpatient,Aetna,"Aetna HMO/POS/PPO-Q",1457.0,negotiated_dollar,990.76,reliable
"Northside Hospital Atlanta",json,"Cardiac Stress Test","STRESS TEST TREADMILL OR PHARM","","",outpatient,Aetna,"Aetna Whole Health",1457.0,negotiated_dollar,728.5,reliable
"Northside Hospital Atlanta",json,"Cardiac Stress Test","STRESS TEST TREADMILL OR PHARM","","",outpatient,Aetna,"Aetna Whole Health-G",1457.0,negotiated_dollar,728.5,reliable
"Northside Hospital Atlanta",json,"Cardiac Stress Test","STRESS TEST TREADMILL OR PHARM","","",outpatient,Centene,"Ambetter PAR",1457.0,negotiated_dollar,684.79,reliable
"Northside Hospital Atlanta",json,"Cardiac Stress Test","STRESS TEST TREADMILL OR PHARM","","",outpatient,BCBS,"BCBS PRUDT BUYER",1457.0,negotiated_dollar,1015.53,reliable
"Northside Hospital Atlanta",json,"Cardiac Stress Test","STRESS TEST TREADMILL OR PHARM","","",outpatient,"Employers Choice Network","Employers Choice Network",1457.0,negotiated_dollar,774.92,reliable
"Northside Hospital Atlanta",json,"Cardiac Stress Test","STRESS TEST TREADMILL OR PHARM","","",outpatient,"Fieldale Farms WC","Fieldale Farms WC",1457.0,negotiated_dollar,815.71,reliable
"Northside Hospital Atlanta",json,"Cardiac Stress Test","STRESS TEST TREADMILL OR PHARM","","",outpatient,Amerigroup,"Amerigroup Medicaid",1457.0,negotiated_dollar,264.73,reliable
"Northside Hospital Atlanta",json,"Cardiac Stress Test","STRESS TEST TREADMILL OR PHARM","","",outpatient,Kaiser,"Kaiser Dual Choice PPO",1457.0,negotiated_dollar,1267.59,reliable
"Northside Hospital Atlanta",json,"Cardiac Stress Test","STRESS TEST TREADMILL OR PHARM","","",outpatient,Kaiser,"Kaiser Dual Choice PPO-AGA",1457.0,negotiated_dollar,1267.59,reliable
"Northside Hospital Atlanta",json,"Cardiac Stress Test","STRESS TEST TREADMILL OR PHARM","","",outpatient,Kaiser,"Kaiser Dual Choice PPO-BARIATRIC",1457.0,negotiated_dollar,1267.59,reliable
"Northside Hospital Atlanta",json,"Cardiac Stress Test","STRESS TEST TREADMILL OR PHARM","","",outpatient,Kaiser,"Kaiser Dual Choice PPO-GCS",1457.0,negotiated_dollar,1267.59,reliable
"Northside Hospital Atlanta",json,"Cardiac Stress Test","STRESS TEST TREADMILL OR PHARM","","",outpatient,Kaiser,"Kaiser Dual Choice PPO-GYNONC",1457.0,negotiated_dollar,1267.59,reliable
"Northside Hospital Atlanta",json,"Cardiac Stress Test","STRESS TEST TREADMILL OR PHARM","","",outpatient,Amerigroup,"Amerigroup Medicare Advantage",1457.0,negotiated_dollar,235.58,reliable
"Northside Hospital Atlanta",json,"Cardiac Stress Test","STRESS TEST TREADMILL OR PHARM","","",outpatient,"Authentic 4D","Authentic 4D",1457.0,negotiated_dollar,734.14,reliable
"Northside Hospital Atlanta",json,"Cardiac Stress Test","STRESS TEST TREADMILL OR PHARM","","",outpatient,BCBS,BCBS_HMO,1457.0,negotiated_dollar,814.46,reliable
"Northside Hospital Atlanta",json,"Cardiac Stress Test","STRESS TEST TREADMILL OR PHARM","","",outpatient,BCBS,BCBS_HMO-L,1457.0,negotiated_dollar,814.46,reliable
"Northside Hospital Atlanta",json,"Cardiac Stress Test","STRESS TEST TREADMILL OR PHARM","","",outpatient,BCBS,BCBS_PATHWAY,1457.0,negotiated_dollar,407.09,reliable
"Northside Hospital Atlanta",json,"Cardiac Stress Test","STRESS TEST TREADMILL OR PHARM","","",outpatient,Kaiser,"Kaiser Dual Choice PPO-MELANOMA",1457.0,negotiated_dollar,1267.59,reliable
"Northside Hospital Atlanta",json,"Cardiac Stress Test","STRESS TEST TREADMILL OR PHARM","","",outpatient,Kaiser,"Kaiser Dual Choice PPO-NAPS/CVG/NPCPS/UPS",1457.0,negotiated_dollar,1267.59,reliable
"Northside Hospital Atlanta",json,"Cardiac Stress Test","STRESS TEST TREADMILL OR PHARM","","",outpatient,Kaiser,"Kaiser Dual Choice PPO-THOR SURG",1457.0,negotiated_dollar,1267.59,reliable
"Northside Hospital Atlanta",json,"Cardiac Stress Test","STRESS TEST TREADMILL OR PHARM","","",outpatient,BCBS,BCBS_PATHWAY-L,1457.0,negotiated_dollar,407.09,reliable
"Northside Hospital Atlanta",json,"Cardiac Stress Test","STRESS TEST TREADMILL OR PHARM","","",outpatient,FIFA,FIFA,1457.0,negotiated_dollar,1457.0,reliable
"Northside Hospital Atlanta",json,"Cardiac Stress Test","STRESS TEST TREADMILL OR PHARM","","",outpatient,Coventry,"First Health and Coventry National",1457.0,negotiated_dollar,874.2,reliable
"Northside Hospital Atlanta",json,"Cardiac Stress Test","STRESS TEST TREADMILL OR PHARM","","",outpatient,"Genex/Priority Care Solutions","Genex/Priority Care Solutions",1457.0,negotiated_dollar,652.57,reliable
"Northside Hospital Atlanta",json,"Cardiac Stress Test","STRESS TEST TREADMILL OR PHARM","","",outpatient,BCBS,BCBS_PPO,1457.0,negotiated_dollar,968.91,reliable
"Northside Hospital Atlanta",json,"Cardiac Stress Test","STRESS TEST TREADMILL OR PHARM","","",outpatient,BCBS,BCBS_PPO-L,1457.0,negotiated_dollar,968.91,reliable
"Northside Hospital Atlanta",json,"Cardiac Stress Test","STRESS TEST TREADMILL OR PHARM","","",outpatient,"Beech Steet","Beech Street",1457.0,negotiated_dollar,1238.45,reliable
"Northside Hospital Atlanta",json,"Cardiac Stress Test","STRESS TEST TREADMILL OR PHARM","","",outpatient,BCBS,"Blue HPN",1457.0,negotiated_dollar,629.86,reliable
"Northside Hospital Atlanta",json,"Cardiac Stress Test","STRESS TEST TREADMILL OR PHARM","","",outpatient,Kaiser,"Kaiser Dual Choice PPO-VASC SURG",1457.0,negotiated_dollar,1267.59,reliable
"Northside Hospital Atlanta",json,"Cardiac Stress Test","STRESS TEST TREADMILL OR PHARM","","",outpatient,Kaiser,Kaiser_HMO,1457.0,negotiated_dollar,947.05,reliable
"Northside Hospital Atlanta",json,"Cardiac Stress Test","STRESS TEST TREADMILL OR PHARM","","",outpatient,Kaiser,Kaiser_HMO-AGA,1457.0,negotiated_dollar,947.05,reliable
"Northside Hospital Atlanta",json,"Cardiac Stress Test","STRESS TEST TREADMILL OR PHARM","","",outpatient,Kaiser,Kaiser_HMO-BARIATRIC,1457.0,negotiated_dollar,947.05,reliable
"Northside Hospital Atlanta",json,"Cardiac Stress Test","STRESS TEST TREADMILL OR PHARM","","",outpatient,Kaiser,Kaiser_HMO-GCS,1457.0,negotiated_dollar,947.05,reliable
"Northside Hospital Atlanta",json,"Cardiac Stress Test","STRESS TEST TREADMILL OR PHARM","","",outpatient,Kaiser,Kaiser_HMO-GPG/NOAS,1457.0,negotiated_dollar,947.05,reliable
"Northside Hospital Atlanta",json,"Cardiac Stress Test","STRESS TEST TREADMILL OR PHARM","","",outpatient,BCBS,"Blue HPN-L",1457.0,negotiated_dollar,629.86,reliable
"Northside Hospital Atlanta",json,"Cardiac Stress Test","STRESS TEST TREADMILL OR PHARM","","",outpatient,CareIQ,CareIQ,1457.0,negotiated_dollar,1457.0,reliable
"Northside Hospital Atlanta",json,"Cardiac Stress Test","STRESS TEST TREADMILL OR PHARM","","",outpatient,Kaiser,"Kaiser Dual Choice PPO-GPG/NOAS",1457.0,negotiated_dollar,1267.59,reliable
"Northside Hospital Atlanta",json,"Cardiac Stress Test","STRESS TEST TREADMILL OR PHARM","","",outpatient,CareSource,CareSource,1457.0,negotiated_dollar,272.67,reliable
"Northside Hospital Atlanta",json,"Cardiac Stress Test","STRESS TEST TREADMILL OR PHARM","","",outpatient,CareSource,"CareSource MarketPlace",1457.0,negotiated_dollar,542.0,reliable
"Northside Hospital Atlanta",json,"Cardiac Stress Test","STRESS TEST TREADMILL OR PHARM","","",outpatient,"CHAMPUS VA","CHAMPUS VA",1457.0,negotiated_dollar,37.17,reliable
"Northside Hospital Atlanta",json,"Cardiac Stress Test","STRESS TEST TREADMILL OR PHARM","","",outpatient,Cigna,Cigna,1457.0,negotiated_dollar,917.91,reliable
"Northside Hospital Atlanta",json,"Cardiac Stress Test","STRESS TEST TREADMILL OR PHARM","","",outpatient,Kaiser,Kaiser_HMO-GYNONC,1457.0,negotiated_dollar,947.05,reliable
"Northside Hospital Atlanta",json,"Cardiac Stress Test","STRESS TEST TREADMILL OR PHARM","","",outpatient,Kaiser,Kaiser_HMO-MELANOMA,1457.0,negotiated_dollar,947.05,reliable
"Northside Hospital Atlanta",json,"Cardiac Stress Test","STRESS TEST TREADMILL OR PHARM","","",outpatient,Kaiser,Kaiser_HMO-NAPS/CVG/NPCPS/UPS,1457.0,negotiated_dollar,947.05,reliable
"Northside Hospital Atlanta",json,"Cardiac Stress Test","STRESS TEST TREADMILL OR PHARM","","",outpatient,Kaiser,"Kaiser_HMO-VASC SURG",1457.0,negotiated_dollar,947.05,reliable
"Northside Hospital Atlanta",json,"Cardiac Stress Test","STRESS TEST TREADMILL OR PHARM","","",outpatient,Kaiser,Kaiser_SF,1457.0,negotiated_dollar,947.05,reliable
"Northside Hospital Atlanta",json,"Cardiac Stress Test","STRESS TEST TREADMILL OR PHARM","","",outpatient,Kaiser,Kaiser_SF-AGA,1457.0,negotiated_dollar,947.05,reliable
"Northside Hospital Atlanta",json,"Cardiac Stress Test","STRESS TEST TREADMILL OR PHARM","","",outpatient,Kaiser,Kaiser_SF-BARIATRIC,1457.0,negotiated_dollar,947.05,reliable
"Northside Hospital Atlanta",json,"Cardiac Stress Test","STRESS TEST TREADMILL OR PHARM","","",outpatient,Cigna,Cigna-G,1457.0,negotiated_dollar,917.91,reliable
"Northside Hospital Atlanta",json,"Cardiac Stress Test","STRESS TEST TREADMILL OR PHARM","","",outpatient,Cigna,Cigna-H,1457.0,negotiated_dollar,917.91,reliable
"Northside Hospital Atlanta",json,"Cardiac Stress Test","STRESS TEST TREADMILL OR PHARM","","",outpatient,Cigna,Cigna-L,1457.0,negotiated_dollar,917.91,reliable
"Northside Hospital Atlanta",json,"Cardiac Stress Test","STRESS TEST TREADMILL OR PHARM","","",outpatient,Cigna,"CIGNA HealthSprings Medicare Advantage",1457.0,negotiated_dollar,237.85,reliable
"Northside Hospital Atlanta",json,"Cardiac Stress Test","STRESS TEST TREADMILL OR PHARM","","",outpatient,"Corvel Workers Comp","Corvel Workers Comp",1457.0,negotiated_dollar,774.92,reliable
"Northside Hospital Atlanta",json,"Cardiac Stress Test","STRESS TEST TREADMILL OR PHARM","","",outpatient,"Dekalb_Department of Health","Dekalb_Department of Health",1457.0,negotiated_dollar,1457.0,reliable
"Northside Hospital Atlanta",json,"Cardiac Stress Test","STRESS TEST TREADMILL OR PHARM","","",outpatient,"Georgia Reproductive Specialists","Georgia Reproductive Specialists (SGF)",1457.0,negotiated_dollar,582.8,reliable
"Northside Hospital Atlanta",json,"Cardiac Stress Test","STRESS TEST TREADMILL OR PHARM","","",outpatient,"Georgia Workers Compensation","Georgia Workers Comp",1457.0,negotiated_dollar,815.71,reliable
"Northside Hospital Atlanta",json,"Cardiac Stress Test","STRESS TEST TREADMILL OR PHARM","","",outpatient,"Health One Alliance_PPO","Health One Alliance_PPO",1457.0,negotiated_dollar,801.35,reliable
"Northside Hospital Atlanta",json,"Cardiac Stress Test","STRESS TEST TREADMILL OR PHARM","","",outpatient,HomeLink,HomeLink,1457.0,negotiated_dollar,65.88,reliable
"Northside Hospital Atlanta",json,"Cardiac Stress Test","STRESS TEST TREADMILL OR PHARM","","",outpatient,"Institutional 115 Percent_Georgia Medicaid","Institutional 115 Percent_Georgia Medicaid",1457.0,negotiated_dollar,304.44,reliable
"Northside Hospital Atlanta",json,"Cardiac Stress Test","STRESS TEST TREADMILL OR PHARM","","",outpatient,"Institutional GA Medicaid","Institutional GA Medicaid",1457.0,negotiated_dollar,264.73,reliable
"Northside Hospital Atlanta",json,"Cardiac Stress Test","STRESS TEST TREADMILL OR PHARM","","",outpatient,"Institutional Marietta Surgery Center","Institutional Marietta Surgery Center",1457.0,negotiated_dollar,1457.0,reliable
"Northside Hospital Atlanta",json,"Cardiac Stress Test","STRESS TEST TREADMILL OR PHARM","","",outpatient,"Institutional Veterans Evaluation Services","Institutional Veterans Evaluation Services",1457.0,negotiated_dollar,1457.0,reliable
"Northside Hospital Atlanta",json,"Cardiac Stress Test","STRESS TEST TREADMILL OR PHARM","","",outpatient,Centene,"Peach State Medicaid",1457.0,negotiated_dollar,264.73,reliable
"Northside Hospital Atlanta",json,"Cardiac Stress Test","STRESS TEST TREADMILL OR PHARM","","",outpatient,UHC,"UHC Heritage Select",1457.0,negotiated_dollar,1030.1,reliable
"Northside Hospital Atlanta",json,"Cardiac Stress Test","STRESS TEST TREADMILL OR PHARM","","",outpatient,UHC,"UHC HMO/POS/PPO",1457.0,negotiated_dollar,904.07,reliable
"Northside Hospital Atlanta",json,"Cardiac Stress Test","STRESS TEST TREADMILL OR PHARM","","",outpatient,UHC,"UHC HMO/POS/PPO-G",1457.0,negotiated_dollar,904.07,reliable
"Northside Hospital Atlanta",json,"Cardiac Stress Test","STRESS TEST TREADMILL OR PHARM","","",outpatient,UHC,"UHC HMO/POS/PPO-T",1457.0,negotiated_dollar,904.07,reliable
"Northside Hospital Atlanta",json,"Cardiac Stress Test","STRESS TEST TREADMILL OR PHARM","","",outpatient,Centene,"Peach State Medicare",1457.0,negotiated_dollar,298.21,reliable
"Northside Hospital Atlanta",json,"Cardiac Stress Test","STRESS TEST TREADMILL OR PHARM","","",outpatient,PHCS,PHCS,1457.0,negotiated_dollar,1092.75,reliable
"Northside Hospital Atlanta",json,"Cardiac Stress Test","STRESS TEST TREADMILL OR PHARM","","",outpatient,"Quick Trip","Quick Trip",1457.0,negotiated_dollar,801.35,reliable
"Northside Hospital Atlanta",json,"Cardiac Stress Test","STRESS TEST TREADMILL OR PHARM","","",outpatient,"Rabun County BOC","Rabun County BOC",1457.0,negotiated_dollar,1457.0,reliable
"Northside Hospital Atlanta",json,"Cardiac Stress Test","STRESS TEST TREADMILL OR PHARM","","",outpatient,Spreemo,Spreemo,1457.0,negotiated_dollar,652.57,reliable
"Northside Hospital Atlanta",json,"Cardiac Stress Test","STRESS TEST TREADMILL OR PHARM","","",outpatient,"Streamline Imaging","Streamline Imaging",1457.0,negotiated_dollar,734.14,reliable
"Northside Hospital Atlanta",json,"Cardiac Stress Test","STRESS TEST TREADMILL OR PHARM","","",outpatient,Tricare,Tricare,1457.0,negotiated_dollar,219.32,reliable
"Northside Hospital Atlanta",json,"Cardiac Stress Test","STRESS TEST TREADMILL OR PHARM","","",outpatient,"Truths Community","Truths Community",1457.0,negotiated_dollar,312.0,reliable
"Northside Hospital Atlanta",json,"Cardiac Stress Test","STRESS TEST TREADMILL OR PHARM","","",outpatient,UHC,"UHC GA Individual Exchange",1457.0,negotiated_dollar,767.84,reliable
"Northside Hospital Atlanta",json,"Cardiac Stress Test","STRESS TEST EXERCISE  /OR PHARM","","",outpatient,Wellcare,"Wellcare Medicare Advantage",1457.0,negotiated_dollar,222.28,reliable
"Northside Hospital Atlanta",json,"Cardiac Stress Test","STRESS TEST EXERCISE  /OR PHARM","","",outpatient,Aetna,"Aetna Medicare",1457.0,negotiated_dollar,220.13,reliable
"Northside Hospital Atlanta",json,"Cardiac Stress Test","STRESS TEST EXERCISE  /OR PHARM","","",outpatient,BCBS,"BCBS Medicare Advantage",1457.0,negotiated_dollar,215.81,reliable
"Northside Hospital Atlanta",json,"Cardiac Stress Test","STRESS TEST EXERCISE  /OR PHARM","","",outpatient,Medicare,Medicare,1457.0,negotiated_dollar,215.81,reliable
"Northside Hospital Atlanta",json,"Cardiac Stress Test","STRESS TEST EXERCISE  /OR PHARM","","",outpatient,"CLEAR SPRINGS EON HEALTH","CLEAR SPRINGS EON HEALTH",1457.0,negotiated_dollar,215.81,reliable
"Northside Hospital Atlanta",json,"Cardiac Stress Test","STRESS TEST EXERCISE  /OR PHARM","","",outpatient,"VA CCN","VA CCN",1457.0,negotiated_dollar,215.81,reliable
"Northside Hospital Atlanta",json,"Cardiac Stress Test","STRESS TEST EXERCISE  /OR PHARM","","",outpatient,"Pruitt Health Premier","Pruitt Health Premier",1457.0,negotiated_dollar,226.6,reliable
"Northside Hospital Atlanta",json,"Cardiac Stress Test","STRESS TEST EXERCISE  /OR PHARM","","",outpatient,UHC,"UHC Medicare",1457.0,negotiated_dollar,215.81,reliable
"Northside Hospital Atlanta",json,"Cardiac Stress Test","STRESS TEST EXERCISE  /OR PHARM","","",outpatient,"US Dept of Labor WC","US Dept of Labor WC",1457.0,negotiated_dollar,274.15,reliable
"Northside Hospital Atlanta",json,"Cardiac Stress Test","STRESS TEST EXERCISE  /OR PHARM","","",outpatient,BCBS,"BCBS Medicare Advantage-P",1457.0,negotiated_dollar,215.81,reliable
"Northside Hospital Atlanta",json,"Cardiac Stress Test","STRESS TEST EXERCISE  /OR PHARM","","",outpatient,BCCP,BCCP,1457.0,negotiated_dollar,219.32,reliable
"Northside Hospital Atlanta",json,"Cardiac Stress Test","STRESS TEST EXERCISE  /OR PHARM","","",outpatient,CareSource,"CareSource Medicare Advantage",1457.0,negotiated_dollar,222.28,reliable
"Northside Hospital Atlanta",json,"Cardiac Stress Test","STRESS TEST EXERCISE  /OR PHARM","","",outpatient,CBWW,CBWW,1457.0,negotiated_dollar,219.32,reliable
"Northside Hospital Atlanta",json,"Cardiac Stress Test","STRESS TEST EXERCISE  /OR PHARM","","",outpatient,"Clover Health","Clover Health",1457.0,negotiated_dollar,226.56,reliable
"Northside Hospital Atlanta",json,"Cardiac Stress Test","STRESS TEST EXERCISE  /OR PHARM","","",outpatient,Coventry,"Coventry Medicare",1457.0,negotiated_dollar,220.13,reliable
"Northside Hospital Atlanta",json,"Cardiac Stress Test","STRESS TEST EXERCISE  /OR PHARM","","",outpatient,"Devoted Medicare Advantage","Devoted Medicare Advantage",1457.0,negotiated_dollar,226.6,reliable
"Northside Hospital Atlanta",json,"Cardiac Stress Test","STRESS TEST EXERCISE  /OR PHARM","","",outpatient,"Fairly Group","Fairly Group",1457.0,negotiated_dollar,248.05,reliable
"Northside Hospital Atlanta",json,"Cardiac Stress Test","STRESS TEST EXERCISE  /OR PHARM","","",outpatient,Humana,"Humana Medicare Advantage HMO",1457.0,negotiated_dollar,217.97,reliable
"Northside Hospital Atlanta",json,"Cardiac Stress Test","STRESS TEST EXERCISE  /OR PHARM","","",outpatient,Humana,"Humana Medicare Advantage PPO",1457.0,negotiated_dollar,224.44,reliable
"Northside Hospital Atlanta",json,"Cardiac Stress Test","STRESS TEST EXERCISE  /OR PHARM","","",outpatient,"Institutional 100 Percent of Medicare","Institutional 100 Percent of Medicare",1457.0,negotiated_dollar,215.81,reliable
"Northside Hospital Atlanta",json,"Cardiac Stress Test","STRESS TEST EXERCISE  /OR PHARM","","",outpatient,"Institutional 110 Percent of Medicare","Institutional 110 Percent of Medicare",1457.0,negotiated_dollar,241.25,reliable
"Northside Hospital Atlanta",json,"Cardiac Stress Test","STRESS TEST EXERCISE  /OR PHARM","","",outpatient,"Institutional 120 Percent of Medicare","Institutional 120 Percent of Medicare",1457.0,negotiated_dollar,263.18,reliable
"Northside Hospital Atlanta",json,"Cardiac Stress Test","STRESS TEST EXERCISE  /OR PHARM","","",outpatient,Kaiser,"Kaiser Medicare Advantage",1457.0,negotiated_dollar,222.28,reliable
"Northside Hospital Atlanta",json,"Cardiac Stress Test","STRESS TEST EXERCISE  /OR PHARM","","",inpatient,Coventry,"First Health and Coventry National",1457.0,negotiated_dollar,990.76,reliable
"Northside Hospital Atlanta",json,"Cardiac Stress Test","STRESS TEST EXERCISE  /OR PHARM","","",inpatient,"Georgia Reproductive Specialists","Georgia Reproductive Specialists (SGF)",1457.0,negotiated_dollar,582.8,reliable
"Northside Hospital Atlanta",json,"Cardiac Stress Test","STRESS TEST EXERCISE  /OR PHARM","","",inpatient,Multiplan,"Multiplan PPO",1457.0,negotiated_dollar,1238.45,reliable
"Northside Hospital Atlanta",json,"Cardiac Stress Test","STRESS TEST EXERCISE  /OR PHARM","","",inpatient,"Multiplan Workers Comp","Multiplan Workers Comp",1457.0,negotiated_dollar,1238.45,reliable
"Northside Hospital Atlanta",json,"Cardiac Stress Test","STRESS TEST EXERCISE  /OR PHARM","","",inpatient,NovaNet_PPO,NovaNet_PPO,1457.0,negotiated_dollar,1019.9,reliable
"Northside Hospital Atlanta",json,"Cardiac Stress Test","STRESS TEST EXERCISE  /OR PHARM","","",inpatient,"Quick Trip","Quick Trip",1457.0,negotiated_dollar,801.35,reliable
"Northside Hospital Atlanta",json,"Cardiac Stress Test","STRESS TEST EXERCISE  /OR PHARM","","",inpatient,"Rabun County BOC","Rabun County BOC",1457.0,negotiated_dollar,1457.0,reliable
"Northside Hospital Atlanta",json,"Cardiac Stress Test","STRESS TEST EXERCISE  /OR PHARM","","",inpatient,BCBS,"BCBS PRUDT BUYER",1457.0,negotiated_dollar,1015.53,reliable
"Northside Hospital Atlanta",json,"Cardiac Stress Test","STRESS TEST EXERCISE  /OR PHARM","","",inpatient,"Beech Steet","Beech Street",1457.0,negotiated_dollar,1238.45,reliable
"Northside Hospital Atlanta",json,"Cardiac Stress Test","STRESS TEST EXERCISE  /OR PHARM","","",inpatient,CareIQ,CareIQ,1457.0,negotiated_dollar,1457.0,reliable
"Northside Hospital Atlanta",json,"Cardiac Stress Test","STRESS TEST EXERCISE  /OR PHARM","","",inpatient,CareSource,"CareSource MarketPlace",1457.0,negotiated_dollar,542.0,reliable
"Northside Hospital Atlanta",json,"Cardiac Stress Test","STRESS TEST EXERCISE  /OR PHARM","","",inpatient,"Dekalb_Department of Health","Dekalb_Department of Health",1457.0,negotiated_dollar,1457.0,reliable
"Northside Hospital Atlanta",json,"Cardiac Stress Test","STRESS TEST EXERCISE  /OR PHARM","","",inpatient,FIFA,FIFA,1457.0,negotiated_dollar,1457.0,reliable
"Northside Hospital Atlanta",json,"Cardiac Stress Test","STRESS TEST EXERCISE  /OR PHARM","","",outpatient,Aetna,"Aetna HMO/POS/PPO",1457.0,negotiated_dollar,990.76,reliable
"Northside Hospital Atlanta",json,"Cardiac Stress Test","STRESS TEST EXERCISE  /OR PHARM","","",outpatient,Aetna,"Aetna HMO/POS/PPO-G",1457.0,negotiated_dollar,990.76,reliable
"Northside Hospital Atlanta",json,"Cardiac Stress Test","STRESS TEST EXERCISE  /OR PHARM","","",outpatient,Aetna,"Aetna HMO/POS/PPO-Q",1457.0,negotiated_dollar,990.76,reliable
"Northside Hospital Atlanta",json,"Cardiac Stress Test","STRESS TEST EXERCISE  /OR PHARM","","",outpatient,Aetna,"Aetna Whole Health",1457.0,negotiated_dollar,728.5,reliable
"Northside Hospital Atlanta",json,"Cardiac Stress Test","STRESS TEST EXERCISE  /OR PHARM","","",outpatient,Aetna,"Aetna Whole Health-G",1457.0,negotiated_dollar,728.5,reliable
"Northside Hospital Atlanta",json,"Cardiac Stress Test","STRESS TEST EXERCISE  /OR PHARM","","",outpatient,Centene,"Ambetter PAR",1457.0,negotiated_dollar,684.79,reliable
"Northside Hospital Atlanta",json,"Cardiac Stress Test","STRESS TEST EXERCISE  /OR PHARM","","",outpatient,"Med Care Solutions","Med Care Solutions",1457.0,negotiated_dollar,655.65,reliable
"Northside Hospital Atlanta",json,"Cardiac Stress Test","STRESS TEST EXERCISE  /OR PHARM","","",outpatient,"MedLien Healthcare Services","MedLien Healthcare Services",1457.0,negotiated_dollar,582.8,reliable
"Northside Hospital Atlanta",json,"Cardiac Stress Test","STRESS TEST EXERCISE  /OR PHARM","","",outpatient,MTI,MTI,1457.0,negotiated_dollar,62.0,reliable
"Northside Hospital Atlanta",json,"Cardiac Stress Test","STRESS TEST EXERCISE  /OR PHARM","","",outpatient,Multiplan,"Multiplan PPO",1457.0,negotiated_dollar,1238.45,reliable
"Northside Hospital Atlanta",json,"Cardiac Stress Test","STRESS TEST EXERCISE  /OR PHARM","","",outpatient,"Multiplan Workers Comp","Multiplan Workers Comp",1457.0,negotiated_dollar,1238.45,reliable
"Northside Hospital Atlanta",json,"Cardiac Stress Test","STRESS TEST EXERCISE  /OR PHARM","","",outpatient,"Northside Health Network","Northside Health Network",1457.0,negotiated_dollar,903.34,reliable
"Northside Hospital Atlanta",json,"Cardiac Stress Test","STRESS TEST EXERCISE  /OR PHARM","","",outpatient,"Northside Health Network","Northside Health Network-S",1457.0,negotiated_dollar,903.34,reliable
"Northside Hospital Atlanta",json,"Cardiac Stress Test","STRESS TEST EXERCISE  /OR PHARM","","",outpatient,Amerigroup,"Amerigroup Medicaid",1457.0,negotiated_dollar,264.73,reliable
"Northside Hospital Atlanta",json,"Cardiac Stress Test","STRESS TEST EXERCISE  /OR PHARM","","",outpatient,"Georgia Workers Compensation","Georgia Workers Comp",1457.0,negotiated_dollar,815.71,reliable
"Northside Hospital Atlanta",json,"Cardiac Stress Test","STRESS TEST EXERCISE  /OR PHARM","","",outpatient,"Health One Alliance_PPO","Health One Alliance_PPO",1457.0,negotiated_dollar,801.35,reliable
"Northside Hospital Atlanta",json,"Cardiac Stress Test","STRESS TEST EXERCISE  /OR PHARM","","",outpatient,HomeLink,HomeLink,1457.0,negotiated_dollar,65.88,reliable
"Northside Hospital Atlanta",json,"Cardiac Stress Test","STRESS TEST EXERCISE  /OR PHARM","","",outpatient,Amerigroup,"Amerigroup Medicare Advantage",1457.0,negotiated_dollar,235.58,reliable
"Northside Hospital Atlanta",json,"Cardiac Stress Test","STRESS TEST EXERCISE  /OR PHARM","","",outpatient,"Authentic 4D","Authentic 4D",1457.0,negotiated_dollar,734.14,reliable
"Northside Hospital Atlanta",json,"Cardiac Stress Test","STRESS TEST EXERCISE  /OR PHARM","","",outpatient,BCBS,"BCBS PRUDT BUYER",1457.0,negotiated_dollar,1015.53,reliable
"Northside Hospital Atlanta",json,"Cardiac Stress Test","STRESS TEST EXERCISE  /OR PHARM","","",outpatient,BCBS,BCBS_HMO,1457.0,negotiated_dollar,814.46,reliable
"Northside Hospital Atlanta",json,"Cardiac Stress Test","STRESS TEST EXERCISE  /OR PHARM","","",outpatient,BCBS,BCBS_HMO-L,1457.0,negotiated_dollar,814.46,reliable
"Northside Hospital Atlanta",json,"Cardiac Stress Test","STRESS TEST EXERCISE  /OR PHARM","","",outpatient,Kaiser,"Kaiser Dual Choice PPO-THOR SURG",1457.0,negotiated_dollar,1267.59,reliable
"Northside Hospital Atlanta",json,"Cardiac Stress Test","STRESS TEST EXERCISE  /OR PHARM","","",outpatient,Kaiser,"Kaiser Dual Choice PPO-VASC SURG",1457.0,negotiated_dollar,1267.59,reliable
"Northside Hospital Atlanta",json,"Cardiac Stress Test","STRESS TEST EXERCISE  /OR PHARM","","",outpatient,Kaiser,Kaiser_HMO,1457.0,negotiated_dollar,947.05,reliable
"Northside Hospital Atlanta",json,"Cardiac Stress Test","STRESS TEST EXERCISE  /OR PHARM","","",outpatient,BCBS,BCBS_PATHWAY,1457.0,negotiated_dollar,407.09,reliable
"Northside Hospital Atlanta",json,"Cardiac Stress Test","STRESS TEST EXERCISE  /OR PHARM","","",outpatient,BCBS,BCBS_PATHWAY-L,1457.0,negotiated_dollar,407.09,reliable
"Northside Hospital Atlanta",json,"Cardiac Stress Test","STRESS TEST EXERCISE  /OR PHARM","","",outpatient,NovaNet_PPO,NovaNet_PPO,1457.0,negotiated_dollar,1019.9,reliable
"Northside Hospital Atlanta",json,"Cardiac Stress Test","STRESS TEST EXERCISE  /OR PHARM","","",outpatient,"One Call Diagnostics","One Call Diagnostics",1457.0,negotiated_dollar,62.0,reliable
"Northside Hospital Atlanta",json,"Cardiac Stress Test","STRESS TEST EXERCISE  /OR PHARM","","",outpatient,Oscar,Oscar,1457.0,negotiated_dollar,684.79,reliable
"Northside Hospital Atlanta",json,"Cardiac Stress Test","STRESS TEST EXERCISE  /OR PHARM","","",outpatient,BCBS,BCBS_PPO,1457.0,negotiated_dollar,968.91,reliable
"Northside Hospital Atlanta",json,"Cardiac Stress Test","STRESS TEST EXERCISE  /OR PHARM","","",outpatient,BCBS,BCBS_PPO-L,1457.0,negotiated_dollar,968.91,reliable
"Northside Hospital Atlanta",json,"Cardiac Stress Test","STRESS TEST EXERCISE  /OR PHARM","","",outpatient,"Beech Steet","Beech Street",1457.0,negotiated_dollar,1238.45,reliable
"Northside Hospital Atlanta",json,"Cardiac Stress Test","STRESS TEST EXERCISE  /OR PHARM","","",outpatient,Kaiser,Kaiser_HMO-AGA,1457.0,negotiated_dollar,947.05,reliable
"Northside Hospital Atlanta",json,"Cardiac Stress Test","STRESS TEST EXERCISE  /OR PHARM","","",outpatient,Kaiser,Kaiser_HMO-BARIATRIC,1457.0,negotiated_dollar,947.05,reliable
"Northside Hospital Atlanta",json,"Cardiac Stress Test","STRESS TEST EXERCISE  /OR PHARM","","",outpatient,BCBS,"Blue HPN",1457.0,negotiated_dollar,629.86,reliable
"Northside Hospital Atlanta",json,"Cardiac Stress Test","STRESS TEST EXERCISE  /OR PHARM","","",outpatient,BCBS,"Blue HPN-L",1457.0,negotiated_dollar,629.86,reliable
"Northside Hospital Atlanta",json,"Cardiac Stress Test","STRESS TEST EXERCISE  /OR PHARM","","",outpatient,CareIQ,CareIQ,1457.0,negotiated_dollar,1457.0,reliable
"Northside Hospital Atlanta",json,"Cardiac Stress Test","STRESS TEST EXERCISE  /OR PHARM","","",outpatient,"Fieldale Farms WC","Fieldale Farms WC",1457.0,negotiated_dollar,815.71,reliable
"Northside Hospital Atlanta",json,"Cardiac Stress Test","STRESS TEST EXERCISE  /OR PHARM","","",outpatient,FIFA,FIFA,1457.0,negotiated_dollar,1457.0,reliable
"Northside Hospital Atlanta",json,"Cardiac Stress Test","STRESS TEST EXERCISE  /OR PHARM","","",outpatient,Coventry,"First Health and Coventry National",1457.0,negotiated_dollar,874.2,reliable
"Northside Hospital Atlanta",json,"Cardiac Stress Test","STRESS TEST EXERCISE  /OR PHARM","","",outpatient,"Genex/Priority Care Solutions","Genex/Priority Care Solutions",1457.0,negotiated_dollar,652.57,reliable
"Northside Hospital Atlanta",json,"Cardiac Stress Test","STRESS TEST EXERCISE  /OR PHARM","","",outpatient,"Georgia Reproductive Specialists","Georgia Reproductive Specialists (SGF)",1457.0,negotiated_dollar,582.8,reliable
"Northside Hospital Atlanta",json,"Cardiac Stress Test","STRESS TEST EXERCISE  /OR PHARM","","",outpatient,CareSource,CareSource,1457.0,negotiated_dollar,272.67,reliable
"Northside Hospital Atlanta",json,"Cardiac Stress Test","STRESS TEST EXERCISE  /OR PHARM","","",outpatient,CareSource,"CareSource MarketPlace",1457.0,negotiated_dollar,542.0,reliable
"Northside Hospital Atlanta",json,"Cardiac Stress Test","STRESS TEST EXERCISE  /OR PHARM","","",outpatient,"CHAMPUS VA","CHAMPUS VA",1457.0,negotiated_dollar,37.17,reliable
"Northside Hospital Atlanta",json,"Cardiac Stress Test","STRESS TEST EXERCISE  /OR PHARM","","",outpatient,Kaiser,Kaiser_HMO-GCS,1457.0,negotiated_dollar,947.05,reliable
"Northside Hospital Atlanta",json,"Cardiac Stress Test","STRESS TEST EXERCISE  /OR PHARM","","",outpatient,Kaiser,Kaiser_HMO-GPG/NOAS,1457.0,negotiated_dollar,947.05,reliable
"Northside Hospital Atlanta",json,"Cardiac Stress Test","STRESS TEST EXERCISE  /OR PHARM","","",outpatient,Kaiser,Kaiser_HMO-GYNONC,1457.0,negotiated_dollar,947.05,reliable
"Northside Hospital Atlanta",json,"Cardiac Stress Test","STRESS TEST EXERCISE  /OR PHARM","","",outpatient,Cigna,Cigna,1457.0,negotiated_dollar,917.91,reliable
"Northside Hospital Atlanta",json,"Cardiac Stress Test","STRESS TEST EXERCISE  /OR PHARM","","",outpatient,Cigna,Cigna-G,1457.0,negotiated_dollar,917.91,reliable
"Northside Hospital Atlanta",json,"Cardiac Stress Test","STRESS TEST EXERCISE  /OR PHARM","","",outpatient,Cigna,Cigna-H,1457.0,negotiated_dollar,917.91,reliable
"Northside Hospital Atlanta",json,"Cardiac Stress Test","STRESS TEST EXERCISE  /OR PHARM","","",outpatient,Kaiser,Kaiser_HMO-MELANOMA,1457.0,negotiated_dollar,947.05,reliable
"Northside Hospital Atlanta",json,"Cardiac Stress Test","STRESS TEST EXERCISE  /OR PHARM","","",outpatient,Kaiser,Kaiser_HMO-NAPS/CVG/NPCPS/UPS,1457.0,negotiated_dollar,947.05,reliable
"Northside Hospital Atlanta",json,"Cardiac Stress Test","STRESS TEST EXERCISE  /OR PHARM","","",outpatient,Kaiser,"Kaiser_HMO-VASC SURG",1457.0,negotiated_dollar,947.05,reliable
"Northside Hospital Atlanta",json,"Cardiac Stress Test","STRESS TEST EXERCISE  /OR PHARM","","",outpatient,Cigna,Cigna-L,1457.0,negotiated_dollar,917.91,reliable
"Northside Hospital Atlanta",json,"Cardiac Stress Test","STRESS TEST EXERCISE  /OR PHARM","","",outpatient,Cigna,"CIGNA HealthSprings Medicare Advantage",1457.0,negotiated_dollar,237.85,reliable
"Northside Hospital Atlanta",json,"Cardiac Stress Test","STRESS TEST EXERCISE  /OR PHARM","","",outpatient,"Corvel Workers Comp","Corvel Workers Comp",1457.0,negotiated_dollar,774.92,reliable
"Northside Hospital Atlanta",json,"Cardiac Stress Test","STRESS TEST EXERCISE  /OR PHARM","","",outpatient,"Dekalb_Department of Health","Dekalb_Department of Health",1457.0,negotiated_dollar,1457.0,reliable
"Northside Hospital Atlanta",json,"Cardiac Stress Test","STRESS TEST EXERCISE  /OR PHARM","","",outpatient,"Employers Choice Network","Employers Choice Network",1457.0,negotiated_dollar,774.92,reliable
"Northside Hospital Atlanta",json,"Cardiac Stress Test","STRESS TEST EXERCISE  /OR PHARM","","",outpatient,"Institutional 115 Percent_Georgia Medicaid","Institutional 115 Percent_Georgia Medicaid",1457.0,negotiated_dollar,304.44,reliable
"Northside Hospital Atlanta",json,"Cardiac Stress Test","STRESS TEST EXERCISE  /OR PHARM","","",outpatient,"Institutional GA Medicaid","Institutional GA Medicaid",1457.0,negotiated_dollar,264.73,reliable
"Northside Hospital Atlanta",json,"Cardiac Stress Test","STRESS TEST EXERCISE  /OR PHARM","","",outpatient,"Institutional Marietta Surgery Center","Institutional Marietta Surgery Center",1457.0,negotiated_dollar,1457.0,reliable
"Northside Hospital Atlanta",json,"Cardiac Stress Test","STRESS TEST EXERCISE  /OR PHARM","","",outpatient,"Institutional Veterans Evaluation Services","Institutional Veterans Evaluation Services",1457.0,negotiated_dollar,1457.0,reliable
"Northside Hospital Atlanta",json,"Cardiac Stress Test","STRESS TEST EXERCISE  /OR PHARM","","",outpatient,Kaiser,"Kaiser Dual Choice PPO",1457.0,negotiated_dollar,1267.59,reliable
"Northside Hospital Atlanta",json,"Cardiac Stress Test","STRESS TEST EXERCISE  /OR PHARM","","",outpatient,Kaiser,"Kaiser Dual Choice PPO-AGA",1457.0,negotiated_dollar,1267.59,reliable
"Northside Hospital Atlanta",json,"Cardiac Stress Test","STRESS TEST EXERCISE  /OR PHARM","","",outpatient,Kaiser,"Kaiser Dual Choice PPO-BARIATRIC",1457.0,negotiated_dollar,1267.59,reliable
"Northside Hospital Atlanta",json,"Cardiac Stress Test","STRESS TEST EXERCISE  /OR PHARM","","",outpatient,Kaiser,"Kaiser Dual Choice PPO-GCS",1457.0,negotiated_dollar,1267.59,reliable
"Northside Hospital Atlanta",json,"Cardiac Stress Test","STRESS TEST EXERCISE  /OR PHARM","","",outpatient,Kaiser,"Kaiser Dual Choice PPO-GPG/NOAS",1457.0,negotiated_dollar,1267.59,reliable
"Northside Hospital Atlanta",json,"Cardiac Stress Test","STRESS TEST EXERCISE  /OR PHARM","","",outpatient,Kaiser,"Kaiser Dual Choice PPO-GYNONC",1457.0,negotiated_dollar,1267.59,reliable
"Northside Hospital Atlanta",json,"Cardiac Stress Test","STRESS TEST EXERCISE  /OR PHARM","","",outpatient,Kaiser,"Kaiser Dual Choice PPO-MELANOMA",1457.0,negotiated_dollar,1267.59,reliable
"Northside Hospital Atlanta",json,"Cardiac Stress Test","STRESS TEST EXERCISE  /OR PHARM","","",outpatient,Kaiser,"Kaiser Dual Choice PPO-NAPS/CVG/NPCPS/UPS",1457.0,negotiated_dollar,1267.59,reliable
"Northside Hospital Atlanta",json,"Cardiac Stress Test","STRESS TEST EXERCISE  /OR PHARM","","",outpatient,Kaiser,Kaiser_SF,1457.0,negotiated_dollar,947.05,reliable
"Northside Hospital Atlanta",json,"Cardiac Stress Test","STRESS TEST EXERCISE  /OR PHARM","","",outpatient,Kaiser,Kaiser_SF-AGA,1457.0,negotiated_dollar,947.05,reliable
"Northside Hospital Atlanta",json,"Cardiac Stress Test","STRESS TEST EXERCISE  /OR PHARM","","",outpatient,Kaiser,Kaiser_SF-BARIATRIC,1457.0,negotiated_dollar,947.05,reliable
"Northside Hospital Atlanta",json,"Cardiac Stress Test","STRESS TEST EXERCISE  /OR PHARM","","",outpatient,Kaiser,Kaiser_SF-GCS,1457.0,negotiated_dollar,947.05,reliable
"Northside Hospital Atlanta",json,"Cardiac Stress Test","STRESS TEST EXERCISE  /OR PHARM","","",outpatient,Kaiser,Kaiser_SF-GPG/NOAS,1457.0,negotiated_dollar,947.05,reliable
"Northside Hospital Atlanta",json,"Cardiac Stress Test","STRESS TEST EXERCISE  /OR PHARM","","",outpatient,Kaiser,Kaiser_SF-GYNONC,1457.0,negotiated_dollar,947.05,reliable
"Northside Hospital Atlanta",json,"Cardiac Stress Test","STRESS TEST EXERCISE  /OR PHARM","","",outpatient,Kaiser,Kaiser_SF-MELANOMA,1457.0,negotiated_dollar,947.05,reliable
"Northside Hospital Atlanta",json,"Cardiac Stress Test","STRESS TEST EXERCISE  /OR PHARM","","",outpatient,Kaiser,Kaiser_SF-NAPS/CVG/NPCPS/UPS,1457.0,negotiated_dollar,947.05,reliable
"Northside Hospital Atlanta",json,"Cardiac Stress Test","STRESS TEST EXERCISE  /OR PHARM","","",outpatient,Kaiser,"Kaiser_SF-THOR SURG",1457.0,negotiated_dollar,947.05,reliable
"Northside Hospital Atlanta",json,"Cardiac Stress Test","STRESS TEST EXERCISE  /OR PHARM","","",outpatient,Kaiser,"Kaiser_SF-VASC SURG",1457.0,negotiated_dollar,947.05,reliable
"Northside Hospital Atlanta",json,"Cardiac Stress Test","STRESS TEST EXERCISE  /OR PHARM","","",outpatient,"Truths Community","Truths Community",1457.0,negotiated_dollar,312.0,reliable
"Northside Hospital Atlanta",json,"Cardiac Stress Test","STRESS TEST EXERCISE  /OR PHARM","","",outpatient,UHC,"UHC GA Individual Exchange",1457.0,negotiated_dollar,767.84,reliable
"Northside Hospital Atlanta",json,"Cardiac Stress Test","STRESS TEST EXERCISE  /OR PHARM","","",outpatient,UHC,"UHC Heritage Select",1457.0,negotiated_dollar,1030.1,reliable
"Northside Hospital Atlanta",json,"Cardiac Stress Test","STRESS TEST EXERCISE  /OR PHARM","","",outpatient,UHC,"UHC HMO/POS/PPO",1457.0,negotiated_dollar,904.07,reliable
"Northside Hospital Atlanta",json,"Cardiac Stress Test","STRESS TEST EXERCISE  /OR PHARM","","",outpatient,UHC,"UHC HMO/POS/PPO-G",1457.0,negotiated_dollar,904.07,reliable
"Northside Hospital Atlanta",json,"Cardiac Stress Test","STRESS TEST EXERCISE  /OR PHARM","","",outpatient,UHC,"UHC HMO/POS/PPO-T",1457.0,negotiated_dollar,904.07,reliable
"Northside Hospital Atlanta",json,"Cardiac Stress Test","STRESS TEST EXERCISE  /OR PHARM","","",outpatient,Centene,"Peach State Medicaid",1457.0,negotiated_dollar,264.73,reliable
"Northside Hospital Atlanta",json,"Cardiac Stress Test","STRESS TEST EXERCISE  /OR PHARM","","",outpatient,Centene,"Peach State Medicare",1457.0,negotiated_dollar,298.21,reliable
"Northside Hospital Atlanta",json,"Cardiac Stress Test","STRESS TEST EXERCISE  /OR PHARM","","",outpatient,PHCS,PHCS,1457.0,negotiated_dollar,1092.75,reliable
"Northside Hospital Atlanta",json,"Cardiac Stress Test","STRESS TEST EXERCISE  /OR PHARM","","",outpatient,"Quick Trip","Quick Trip",1457.0,negotiated_dollar,801.35,reliable
"Northside Hospital Atlanta",json,"Cardiac Stress Test","STRESS TEST EXERCISE  /OR PHARM","","",outpatient,"Rabun County BOC","Rabun County BOC",1457.0,negotiated_dollar,1457.0,reliable
"Northside Hospital Atlanta",json,"Cardiac Stress Test","STRESS TEST EXERCISE  /OR PHARM","","",outpatient,Spreemo,Spreemo,1457.0,negotiated_dollar,652.57,reliable
"Northside Hospital Atlanta",json,"Cardiac Stress Test","STRESS TEST EXERCISE  /OR PHARM","","",outpatient,"Streamline Imaging","Streamline Imaging",1457.0,negotiated_dollar,734.14,reliable
"Northside Hospital Atlanta",json,"Cardiac Stress Test","STRESS TEST EXERCISE  /OR PHARM","","",outpatient,Tricare,Tricare,1457.0,negotiated_dollar,219.32,reliable
"Northside Hospital Atlanta",json,"Cardiac Stress Test","STRESS TEST EXERCISE  /OR RX","","",outpatient,"US Dept of Labor WC","US Dept of Labor WC",1457.0,negotiated_dollar,274.15,reliable
"Northside Hospital Atlanta",json,"Cardiac Stress Test","STRESS TEST EXERCISE  /OR RX","","",outpatient,Wellcare,"Wellcare Medicare Advantage",1457.0,negotiated_dollar,222.28,reliable
"Northside Hospital Atlanta",json,"Cardiac Stress Test","STRESS TEST EXERCISE  /OR RX","","",outpatient,"Pruitt Health Premier","Pruitt Health Premier",1457.0,negotiated_dollar,226.6,reliable
"Northside Hospital Atlanta",json,"Cardiac Stress Test","STRESS TEST EXERCISE  /OR RX","","",outpatient,Aetna,"Aetna Medicare",1457.0,negotiated_dollar,220.13,reliable
"Northside Hospital Atlanta",json,"Cardiac Stress Test","STRESS TEST EXERCISE  /OR RX","","",outpatient,BCBS,"BCBS Medicare Advantage",1457.0,negotiated_dollar,215.81,reliable
"Northside Hospital Atlanta",json,"Cardiac Stress Test","STRESS TEST EXERCISE  /OR RX","","",outpatient,BCBS,"BCBS Medicare Advantage-P",1457.0,negotiated_dollar,215.81,reliable
"Northside Hospital Atlanta",json,"Cardiac Stress Test","STRESS TEST EXERCISE  /OR RX","","",outpatient,BCCP,BCCP,1457.0,negotiated_dollar,219.32,reliable
"Northside Hospital Atlanta",json,"Cardiac Stress Test","STRESS TEST EXERCISE  /OR RX","","",outpatient,CareSource,"CareSource Medicare Advantage",1457.0,negotiated_dollar,222.28,reliable
"Northside Hospital Atlanta",json,"Cardiac Stress Test","STRESS TEST EXERCISE  /OR RX","","",outpatient,CBWW,CBWW,1457.0,negotiated_dollar,219.32,reliable
"Northside Hospital Atlanta",json,"Cardiac Stress Test","STRESS TEST EXERCISE  /OR RX","","",outpatient,"Clover Health","Clover Health",1457.0,negotiated_dollar,226.56,reliable
"Northside Hospital Atlanta",json,"Cardiac Stress Test","STRESS TEST EXERCISE  /OR RX","","",outpatient,Coventry,"Coventry Medicare",1457.0,negotiated_dollar,220.13,reliable
"Northside Hospital Atlanta",json,"Cardiac Stress Test","STRESS TEST EXERCISE  /OR RX","","",outpatient,"Devoted Medicare Advantage","Devoted Medicare Advantage",1457.0,negotiated_dollar,226.6,reliable
"Northside Hospital Atlanta",json,"Cardiac Stress Test","STRESS TEST EXERCISE  /OR RX","","",outpatient,"Fairly Group","Fairly Group",1457.0,negotiated_dollar,248.05,reliable
"Northside Hospital Atlanta",json,"Cardiac Stress Test","STRESS TEST EXERCISE  /OR RX","","",outpatient,Humana,"Humana Medicare Advantage HMO",1457.0,negotiated_dollar,217.97,reliable
"Northside Hospital Atlanta",json,"Cardiac Stress Test","STRESS TEST EXERCISE  /OR RX","","",outpatient,Humana,"Humana Medicare Advantage PPO",1457.0,negotiated_dollar,224.44,reliable
"Northside Hospital Atlanta",json,"Cardiac Stress Test","STRESS TEST EXERCISE  /OR RX","","",outpatient,"Institutional 100 Percent of Medicare","Institutional 100 Percent of Medicare",1457.0,negotiated_dollar,215.81,reliable
"Northside Hospital Atlanta",json,"Cardiac Stress Test","STRESS TEST EXERCISE  /OR RX","","",outpatient,"Institutional 110 Percent of Medicare","Institutional 110 Percent of Medicare",1457.0,negotiated_dollar,241.25,reliable
"Northside Hospital Atlanta",json,"Cardiac Stress Test","STRESS TEST EXERCISE  /OR RX","","",outpatient,"Institutional 120 Percent of Medicare","Institutional 120 Percent of Medicare",1457.0,negotiated_dollar,263.18,reliable
"Northside Hospital Atlanta",json,"Cardiac Stress Test","STRESS TEST EXERCISE  /OR RX","","",outpatient,Kaiser,"Kaiser Medicare Advantage",1457.0,negotiated_dollar,222.28,reliable
"Northside Hospital Atlanta",json,"Cardiac Stress Test","STRESS TEST EXERCISE  /OR RX","","",outpatient,Medicare,Medicare,1457.0,negotiated_dollar,215.81,reliable
"Northside Hospital Atlanta",json,"Cardiac Stress Test","STRESS TEST EXERCISE  /OR RX","","",outpatient,"CLEAR SPRINGS EON HEALTH","CLEAR SPRINGS EON HEALTH",1457.0,negotiated_dollar,215.81,reliable
"Northside Hospital Atlanta",json,"Cardiac Stress Test","STRESS TEST EXERCISE  /OR RX","","",outpatient,"VA CCN","VA CCN",1457.0,negotiated_dollar,215.81,reliable
"Northside Hospital Atlanta",json,"Cardiac Stress Test","STRESS TEST EXERCISE  /OR RX","","",outpatient,UHC,"UHC Medicare",1457.0,negotiated_dollar,215.81,reliable
"Northside Hospital Atlanta",json,"Cardiac Stress Test","STRESS TEST EXERCISE  /OR RX","","",inpatient,"Dekalb_Department of Health","Dekalb_Department of Health",1457.0,negotiated_dollar,1457.0,reliable
"Northside Hospital Atlanta",json,"Cardiac Stress Test","STRESS TEST EXERCISE  /OR RX","","",inpatient,FIFA,FIFA,1457.0,negotiated_dollar,1457.0,reliable
"Northside Hospital Atlanta",json,"Cardiac Stress Test","STRESS TEST EXERCISE  /OR RX","","",inpatient,Coventry,"First Health and Coventry National",1457.0,negotiated_dollar,990.76,reliable
"Northside Hospital Atlanta",json,"Cardiac Stress Test","STRESS TEST EXERCISE  /OR RX","","",inpatient,"Georgia Reproductive Specialists","Georgia Reproductive Specialists (SGF)",1457.0,negotiated_dollar,582.8,reliable
"Northside Hospital Atlanta",json,"Cardiac Stress Test","STRESS TEST EXERCISE  /OR RX","","",inpatient,Multiplan,"Multiplan PPO",1457.0,negotiated_dollar,1238.45,reliable
"Northside Hospital Atlanta",json,"Cardiac Stress Test","STRESS TEST EXERCISE  /OR RX","","",inpatient,"Multiplan Workers Comp","Multiplan Workers Comp",1457.0,negotiated_dollar,1238.45,reliable
"Northside Hospital Atlanta",json,"Cardiac Stress Test","STRESS TEST EXERCISE  /OR RX","","",inpatient,NovaNet_PPO,NovaNet_PPO,1457.0,negotiated_dollar,1019.9,reliable
"Northside Hospital Atlanta",json,"Cardiac Stress Test","STRESS TEST EXERCISE  /OR RX","","",inpatient,"Quick Trip","Quick Trip",1457.0,negotiated_dollar,801.35,reliable
"Northside Hospital Atlanta",json,"Cardiac Stress Test","STRESS TEST EXERCISE  /OR RX","","",inpatient,"Rabun County BOC","Rabun County BOC",1457.0,negotiated_dollar,1457.0,reliable
"Northside Hospital Atlanta",json,"Cardiac Stress Test","STRESS TEST EXERCISE  /OR RX","","",inpatient,BCBS,"BCBS PRUDT BUYER",1457.0,negotiated_dollar,1015.53,reliable
"Northside Hospital Atlanta",json,"Cardiac Stress Test","STRESS TEST EXERCISE  /OR RX","","",inpatient,"Beech Steet","Beech Street",1457.0,negotiated_dollar,1238.45,reliable
"Northside Hospital Atlanta",json,"Cardiac Stress Test","STRESS TEST EXERCISE  /OR RX","","",inpatient,CareIQ,CareIQ,1457.0,negotiated_dollar,1457.0,reliable
"Northside Hospital Atlanta",json,"Cardiac Stress Test","STRESS TEST EXERCISE  /OR RX","","",inpatient,CareSource,"CareSource MarketPlace",1457.0,negotiated_dollar,542.0,reliable
"Northside Hospital Atlanta",json,"Cardiac Stress Test","STRESS TEST EXERCISE  /OR RX","","",outpatient,NovaNet_PPO,NovaNet_PPO,1457.0,negotiated_dollar,1019.9,reliable
"Northside Hospital Atlanta",json,"Cardiac Stress Test","STRESS TEST EXERCISE  /OR RX","","",outpatient,"One Call Diagnostics","One Call Diagnostics",1457.0,negotiated_dollar,62.0,reliable
"Northside Hospital Atlanta",json,"Cardiac Stress Test","STRESS TEST EXERCISE  /OR RX","","",outpatient,Oscar,Oscar,1457.0,negotiated_dollar,684.79,reliable
"Northside Hospital Atlanta",json,"Cardiac Stress Test","STRESS TEST EXERCISE  /OR RX","","",outpatient,Aetna,"Aetna HMO/POS/PPO",1457.0,negotiated_dollar,990.76,reliable
"Northside Hospital Atlanta",json,"Cardiac Stress Test","STRESS TEST EXERCISE  /OR RX","","",outpatient,Aetna,"Aetna HMO/POS/PPO-G",1457.0,negotiated_dollar,990.76,reliable
"Northside Hospital Atlanta",json,"Cardiac Stress Test","STRESS TEST EXERCISE  /OR RX","","",outpatient,Aetna,"Aetna HMO/POS/PPO-Q",1457.0,negotiated_dollar,990.76,reliable
"Northside Hospital Atlanta",json,"Cardiac Stress Test","STRESS TEST EXERCISE  /OR RX","","",outpatient,Aetna,"Aetna Whole Health",1457.0,negotiated_dollar,728.5,reliable
"Northside Hospital Atlanta",json,"Cardiac Stress Test","STRESS TEST EXERCISE  /OR RX","","",outpatient,Aetna,"Aetna Whole Health-G",1457.0,negotiated_dollar,728.5,reliable
"Northside Hospital Atlanta",json,"Cardiac Stress Test","STRESS TEST EXERCISE  /OR RX","","",outpatient,Centene,"Ambetter PAR",1457.0,negotiated_dollar,684.79,reliable
"Northside Hospital Atlanta",json,"Cardiac Stress Test","STRESS TEST EXERCISE  /OR RX","","",outpatient,"Employers Choice Network","Employers Choice Network",1457.0,negotiated_dollar,774.92,reliable
"Northside Hospital Atlanta",json,"Cardiac Stress Test","STRESS TEST EXERCISE  /OR RX","","",outpatient,"Fieldale Farms WC","Fieldale Farms WC",1457.0,negotiated_dollar,815.71,reliable
"Northside Hospital Atlanta",json,"Cardiac Stress Test","STRESS TEST EXERCISE  /OR RX","","",outpatient,FIFA,FIFA,1457.0,negotiated_dollar,1457.0,reliable
"Northside Hospital Atlanta",json,"Cardiac Stress Test","STRESS TEST EXERCISE  /OR RX","","",outpatient,Coventry,"First Health and Coventry National",1457.0,negotiated_dollar,874.2,reliable
"Northside Hospital Atlanta",json,"Cardiac Stress Test","STRESS TEST EXERCISE  /OR RX","","",outpatient,"Genex/Priority Care Solutions","Genex/Priority Care Solutions",1457.0,negotiated_dollar,652.57,reliable
"Northside Hospital Atlanta",json,"Cardiac Stress Test","STRESS TEST EXERCISE  /OR RX","","",outpatient,"Georgia Reproductive Specialists","Georgia Reproductive Specialists (SGF)",1457.0,negotiated_dollar,582.8,reliable
"Northside Hospital Atlanta",json,"Cardiac Stress Test","STRESS TEST EXERCISE  /OR RX","","",outpatient,"Georgia Workers Compensation","Georgia Workers Comp",1457.0,negotiated_dollar,815.71,reliable
"Northside Hospital Atlanta",json,"Cardiac Stress Test","STRESS TEST EXERCISE  /OR RX","","",outpatient,Amerigroup,"Amerigroup Medicaid",1457.0,negotiated_dollar,264.73,reliable
"Northside Hospital Atlanta",json,"Cardiac Stress Test","STRESS TEST EXERCISE  /OR RX","","",outpatient,BCBS,BCBS_PATHWAY-L,1457.0,negotiated_dollar,407.09,reliable
"Northside Hospital Atlanta",json,"Cardiac Stress Test","STRESS TEST EXERCISE  /OR RX","","",outpatient,Amerigroup,"Amerigroup Medicare Advantage",1457.0,negotiated_dollar,235.58,reliable
"Northside Hospital Atlanta",json,"Cardiac Stress Test","STRESS TEST EXERCISE  /OR RX","","",outpatient,"Authentic 4D","Authentic 4D",1457.0,negotiated_dollar,734.14,reliable
"Northside Hospital Atlanta",json,"Cardiac Stress Test","STRESS TEST EXERCISE  /OR RX","","",outpatient,BCBS,"BCBS PRUDT BUYER",1457.0,negotiated_dollar,1015.53,reliable
"Northside Hospital Atlanta",json,"Cardiac Stress Test","STRESS TEST EXERCISE  /OR RX","","",outpatient,BCBS,BCBS_HMO,1457.0,negotiated_dollar,814.46,reliable
"Northside Hospital Atlanta",json,"Cardiac Stress Test","STRESS TEST EXERCISE  /OR RX","","",outpatient,BCBS,BCBS_HMO-L,1457.0,negotiated_dollar,814.46,reliable
"Northside Hospital Atlanta",json,"Cardiac Stress Test","STRESS TEST EXERCISE  /OR RX","","",outpatient,BCBS,BCBS_PATHWAY,1457.0,negotiated_dollar,407.09,reliable
"Northside Hospital Atlanta",json,"Cardiac Stress Test","STRESS TEST EXERCISE  /OR RX","","",outpatient,"Health One Alliance_PPO","Health One Alliance_PPO",1457.0,negotiated_dollar,801.35,reliable
"Northside Hospital Atlanta",json,"Cardiac Stress Test","STRESS TEST EXERCISE  /OR RX","","",outpatient,HomeLink,HomeLink,1457.0,negotiated_dollar,65.88,reliable
"Northside Hospital Atlanta",json,"Cardiac Stress Test","STRESS TEST EXERCISE  /OR RX","","",outpatient,Kaiser,"Kaiser Dual Choice PPO-THOR SURG",1457.0,negotiated_dollar,1267.59,reliable
"Northside Hospital Atlanta",json,"Cardiac Stress Test","STRESS TEST EXERCISE  /OR RX","","",outpatient,BCBS,BCBS_PPO,1457.0,negotiated_dollar,968.91,reliable
"Northside Hospital Atlanta",json,"Cardiac Stress Test","STRESS TEST EXERCISE  /OR RX","","",outpatient,BCBS,BCBS_PPO-L,1457.0,negotiated_dollar,968.91,reliable
"Northside Hospital Atlanta",json,"Cardiac Stress Test","STRESS TEST EXERCISE  /OR RX","","",outpatient,"Beech Steet","Beech Street",1457.0,negotiated_dollar,1238.45,reliable
"Northside Hospital Atlanta",json,"Cardiac Stress Test","STRESS TEST EXERCISE  /OR RX","","",outpatient,BCBS,"Blue HPN",1457.0,negotiated_dollar,629.86,reliable
"Northside Hospital Atlanta",json,"Cardiac Stress Test","STRESS TEST EXERCISE  /OR RX","","",outpatient,BCBS,"Blue HPN-L",1457.0,negotiated_dollar,629.86,reliable
"Northside Hospital Atlanta",json,"Cardiac Stress Test","STRESS TEST EXERCISE  /OR RX","","",outpatient,CareIQ,CareIQ,1457.0,negotiated_dollar,1457.0,reliable
"Northside Hospital Atlanta",json,"Cardiac Stress Test","STRESS TEST EXERCISE  /OR RX","","",outpatient,Kaiser,"Kaiser Dual Choice PPO-VASC SURG",1457.0,negotiated_dollar,1267.59,reliable
"Northside Hospital Atlanta",json,"Cardiac Stress Test","STRESS TEST EXERCISE  /OR RX","","",outpatient,Kaiser,Kaiser_HMO,1457.0,negotiated_dollar,947.05,reliable
"Northside Hospital Atlanta",json,"Cardiac Stress Test","STRESS TEST EXERCISE  /OR RX","","",outpatient,Kaiser,Kaiser_SF-GCS,1457.0,negotiated_dollar,947.05,reliable
"Northside Hospital Atlanta",json,"Cardiac Stress Test","STRESS TEST EXERCISE  /OR RX","","",outpatient,Kaiser,Kaiser_SF-GPG/NOAS,1457.0,negotiated_dollar,947.05,reliable
"Northside Hospital Atlanta",json,"Cardiac Stress Test","STRESS TEST EXERCISE  /OR RX","","",outpatient,Kaiser,Kaiser_SF-GYNONC,1457.0,negotiated_dollar,947.05,reliable
"Northside Hospital Atlanta",json,"Cardiac Stress Test","STRESS TEST EXERCISE  /OR RX","","",outpatient,Kaiser,Kaiser_SF-MELANOMA,1457.0,negotiated_dollar,947.05,reliable
"Northside Hospital Atlanta",json,"Cardiac Stress Test","STRESS TEST EXERCISE  /OR RX","","",outpatient,Kaiser,Kaiser_SF-NAPS/CVG/NPCPS/UPS,1457.0,negotiated_dollar,947.05,reliable
"Northside Hospital Atlanta",json,"Cardiac Stress Test","STRESS TEST EXERCISE  /OR RX","","",outpatient,Kaiser,"Kaiser_SF-THOR SURG",1457.0,negotiated_dollar,947.05,reliable
"Northside Hospital Atlanta",json,"Cardiac Stress Test","STRESS TEST EXERCISE  /OR RX","","",outpatient,CareSource,CareSource,1457.0,negotiated_dollar,272.67,reliable
"Northside Hospital Atlanta",json,"Cardiac Stress Test","STRESS TEST EXERCISE  /OR RX","","",outpatient,CareSource,"CareSource MarketPlace",1457.0,negotiated_dollar,542.0,reliable
"Northside Hospital Atlanta",json,"Cardiac Stress Test","STRESS TEST EXERCISE  /OR RX","","",outpatient,"CHAMPUS VA","CHAMPUS VA",1457.0,negotiated_dollar,37.17,reliable
"Northside Hospital Atlanta",json,"Cardiac Stress Test","STRESS TEST EXERCISE  /OR RX","","",outpatient,Cigna,Cigna,1457.0,negotiated_dollar,917.91,reliable
"Northside Hospital Atlanta",json,"Cardiac Stress Test","STRESS TEST EXERCISE  /OR RX","","",outpatient,Cigna,Cigna-G,1457.0,negotiated_dollar,917.91,reliable
"Northside Hospital Atlanta",json,"Cardiac Stress Test","STRESS TEST EXERCISE  /OR RX","","",outpatient,Kaiser,"Kaiser_SF-VASC SURG",1457.0,negotiated_dollar,947.05,reliable
"Northside Hospital Atlanta",json,"Cardiac Stress Test","STRESS TEST EXERCISE  /OR RX","","",outpatient,"Med Care Solutions","Med Care Solutions",1457.0,negotiated_dollar,655.65,reliable
"Northside Hospital Atlanta",json,"Cardiac Stress Test","STRESS TEST EXERCISE  /OR RX","","",outpatient,"MedLien Healthcare Services","MedLien Healthcare Services",1457.0,negotiated_dollar,582.8,reliable
"Northside Hospital Atlanta",json,"Cardiac Stress Test","STRESS TEST EXERCISE  /OR RX","","",outpatient,MTI,MTI,1457.0,negotiated_dollar,62.0,reliable
"Northside Hospital Atlanta",json,"Cardiac Stress Test","STRESS TEST EXERCISE  /OR RX","","",outpatient,Multiplan,"Multiplan PPO",1457.0,negotiated_dollar,1238.45,reliable
"Northside Hospital Atlanta",json,"Cardiac Stress Test","STRESS TEST EXERCISE  /OR RX","","",outpatient,Cigna,Cigna-H,1457.0,negotiated_dollar,917.91,reliable
"Northside Hospital Atlanta",json,"Cardiac Stress Test","STRESS TEST EXERCISE  /OR RX","","",outpatient,Cigna,Cigna-L,1457.0,negotiated_dollar,917.91,reliable
"Northside Hospital Atlanta",json,"Cardiac Stress Test","STRESS TEST EXERCISE  /OR RX","","",outpatient,Cigna,"CIGNA HealthSprings Medicare Advantage",1457.0,negotiated_dollar,237.85,reliable
"Northside Hospital Atlanta",json,"Cardiac Stress Test","STRESS TEST EXERCISE  /OR RX","","",outpatient,"Corvel Workers Comp","Corvel Workers Comp",1457.0,negotiated_dollar,774.92,reliable
"Northside Hospital Atlanta",json,"Cardiac Stress Test","STRESS TEST EXERCISE  /OR RX","","",outpatient,"Dekalb_Department of Health","Dekalb_Department of Health",1457.0,negotiated_dollar,1457.0,reliable
"Northside Hospital Atlanta",json,"Cardiac Stress Test","STRESS TEST EXERCISE  /OR RX","","",outpatient,"Multiplan Workers Comp","Multiplan Workers Comp",1457.0,negotiated_dollar,1238.45,reliable
"Northside Hospital Atlanta",json,"Cardiac Stress Test","STRESS TEST EXERCISE  /OR RX","","",outpatient,"Northside Health Network","Northside Health Network",1457.0,negotiated_dollar,903.34,reliable
"Northside Hospital Atlanta",json,"Cardiac Stress Test","STRESS TEST EXERCISE  /OR RX","","",outpatient,"Northside Health Network","Northside Health Network-S",1457.0,negotiated_dollar,903.34,reliable
"Northside Hospital Atlanta",json,"Cardiac Stress Test","STRESS TEST EXERCISE  /OR RX","","",outpatient,"Institutional 115 Percent_Georgia Medicaid","Institutional 115 Percent_Georgia Medicaid",1457.0,negotiated_dollar,304.44,reliable
"Northside Hospital Atlanta",json,"Cardiac Stress Test","STRESS TEST EXERCISE  /OR RX","","",outpatient,"Institutional GA Medicaid","Institutional GA Medicaid",1457.0,negotiated_dollar,264.73,reliable
"Northside Hospital Atlanta",json,"Cardiac Stress Test","STRESS TEST EXERCISE  /OR RX","","",outpatient,"Institutional Marietta Surgery Center","Institutional Marietta Surgery Center",1457.0,negotiated_dollar,1457.0,reliable
"Northside Hospital Atlanta",json,"Cardiac Stress Test","STRESS TEST EXERCISE  /OR RX","","",outpatient,"Institutional Veterans Evaluation Services","Institutional Veterans Evaluation Services",1457.0,negotiated_dollar,1457.0,reliable
"Northside Hospital Atlanta",json,"Cardiac Stress Test","STRESS TEST EXERCISE  /OR RX","","",outpatient,Kaiser,"Kaiser Dual Choice PPO",1457.0,negotiated_dollar,1267.59,reliable
"Northside Hospital Atlanta",json,"Cardiac Stress Test","STRESS TEST EXERCISE  /OR RX","","",outpatient,Kaiser,"Kaiser Dual Choice PPO-AGA",1457.0,negotiated_dollar,1267.59,reliable
"Northside Hospital Atlanta",json,"Cardiac Stress Test","STRESS TEST EXERCISE  /OR RX","","",outpatient,Kaiser,"Kaiser Dual Choice PPO-BARIATRIC",1457.0,negotiated_dollar,1267.59,reliable
"Northside Hospital Atlanta",json,"Cardiac Stress Test","STRESS TEST EXERCISE  /OR RX","","",outpatient,Kaiser,"Kaiser Dual Choice PPO-GCS",1457.0,negotiated_dollar,1267.59,reliable
"Northside Hospital Atlanta",json,"Cardiac Stress Test","STRESS TEST EXERCISE  /OR RX","","",outpatient,Kaiser,"Kaiser Dual Choice PPO-GPG/NOAS",1457.0,negotiated_dollar,1267.59,reliable
"Northside Hospital Atlanta",json,"Cardiac Stress Test","STRESS TEST EXERCISE  /OR RX","","",outpatient,Kaiser,"Kaiser Dual Choice PPO-GYNONC",1457.0,negotiated_dollar,1267.59,reliable
"Northside Hospital Atlanta",json,"Cardiac Stress Test","STRESS TEST EXERCISE  /OR RX","","",outpatient,Kaiser,"Kaiser Dual Choice PPO-MELANOMA",1457.0,negotiated_dollar,1267.59,reliable
"Northside Hospital Atlanta",json,"Cardiac Stress Test","STRESS TEST EXERCISE  /OR RX","","",outpatient,Kaiser,"Kaiser Dual Choice PPO-NAPS/CVG/NPCPS/UPS",1457.0,negotiated_dollar,1267.59,reliable
"Northside Hospital Atlanta",json,"Cardiac Stress Test","STRESS TEST EXERCISE  /OR RX","","",outpatient,Kaiser,Kaiser_HMO-AGA,1457.0,negotiated_dollar,947.05,reliable
"Northside Hospital Atlanta",json,"Cardiac Stress Test","STRESS TEST EXERCISE  /OR RX","","",outpatient,Kaiser,Kaiser_HMO-BARIATRIC,1457.0,negotiated_dollar,947.05,reliable
"Northside Hospital Atlanta",json,"Cardiac Stress Test","STRESS TEST EXERCISE  /OR RX","","",outpatient,Kaiser,Kaiser_HMO-GCS,1457.0,negotiated_dollar,947.05,reliable
"Northside Hospital Atlanta",json,"Cardiac Stress Test","STRESS TEST EXERCISE  /OR RX","","",outpatient,Kaiser,Kaiser_HMO-GPG/NOAS,1457.0,negotiated_dollar,947.05,reliable
"Northside Hospital Atlanta",json,"Cardiac Stress Test","STRESS TEST EXERCISE  /OR RX","","",outpatient,Kaiser,Kaiser_HMO-GYNONC,1457.0,negotiated_dollar,947.05,reliable
"Northside Hospital Atlanta",json,"Cardiac Stress Test","STRESS TEST EXERCISE  /OR RX","","",outpatient,Kaiser,Kaiser_HMO-MELANOMA,1457.0,negotiated_dollar,947.05,reliable
"Northside Hospital Atlanta",json,"Cardiac Stress Test","STRESS TEST EXERCISE  /OR RX","","",outpatient,Kaiser,Kaiser_HMO-NAPS/CVG/NPCPS/UPS,1457.0,negotiated_dollar,947.05,reliable
"Northside Hospital Atlanta",json,"Cardiac Stress Test","STRESS TEST EXERCISE  /OR RX","","",outpatient,Kaiser,"Kaiser_HMO-VASC SURG",1457.0,negotiated_dollar,947.05,reliable
"Northside Hospital Atlanta",json,"Cardiac Stress Test","STRESS TEST EXERCISE  /OR RX","","",outpatient,Kaiser,Kaiser_SF,1457.0,negotiated_dollar,947.05,reliable
"Northside Hospital Atlanta",json,"Cardiac Stress Test","STRESS TEST EXERCISE  /OR RX","","",outpatient,Kaiser,Kaiser_SF-AGA,1457.0,negotiated_dollar,947.05,reliable
"Northside Hospital Atlanta",json,"Cardiac Stress Test","STRESS TEST EXERCISE  /OR RX","","",outpatient,Kaiser,Kaiser_SF-BARIATRIC,1457.0,negotiated_dollar,947.05,reliable
"Northside Hospital Atlanta",json,"Cardiac Stress Test","STRESS TEST EXERCISE  /OR RX","","",outpatient,Centene,"Peach State Medicaid",1457.0,negotiated_dollar,264.73,reliable
"Northside Hospital Atlanta",json,"Cardiac Stress Test","STRESS TEST EXERCISE  /OR RX","","",outpatient,Centene,"Peach State Medicare",1457.0,negotiated_dollar,298.21,reliable
"Northside Hospital Atlanta",json,"Cardiac Stress Test","STRESS TEST EXERCISE  /OR RX","","",outpatient,PHCS,PHCS,1457.0,negotiated_dollar,1092.75,reliable
"Northside Hospital Atlanta",json,"Cardiac Stress Test","STRESS TEST EXERCISE  /OR RX","","",outpatient,"Quick Trip","Quick Trip",1457.0,negotiated_dollar,801.35,reliable
"Northside Hospital Atlanta",json,"Cardiac Stress Test","STRESS TEST EXERCISE  /OR RX","","",outpatient,"Rabun County BOC","Rabun County BOC",1457.0,negotiated_dollar,1457.0,reliable
"Northside Hospital Atlanta",json,"Cardiac Stress Test","STRESS TEST EXERCISE  /OR RX","","",outpatient,Spreemo,Spreemo,1457.0,negotiated_dollar,652.57,reliable
"Northside Hospital Atlanta",json,"Cardiac Stress Test","STRESS TEST EXERCISE  /OR RX","","",outpatient,"Streamline Imaging","Streamline Imaging",1457.0,negotiated_dollar,734.14,reliable
"Northside Hospital Atlanta",json,"Cardiac Stress Test","STRESS TEST EXERCISE  /OR RX","","",outpatient,Tricare,Tricare,1457.0,negotiated_dollar,219.32,reliable
"Northside Hospital Atlanta",json,"Cardiac Stress Test","STRESS TEST EXERCISE  /OR RX","","",outpatient,"Truths Community","Truths Community",1457.0,negotiated_dollar,312.0,reliable
"Northside Hospital Atlanta",json,"Cardiac Stress Test","STRESS TEST EXERCISE  /OR RX","","",outpatient,UHC,"UHC GA Individual Exchange",1457.0,negotiated_dollar,767.84,reliable
"Northside Hospital Atlanta",json,"Cardiac Stress Test","STRESS TEST EXERCISE  /OR RX","","",outpatient,UHC,"UHC Heritage Select",1457.0,negotiated_dollar,1030.1,reliable
"Northside Hospital Atlanta",json,"Cardiac Stress Test","STRESS TEST EXERCISE  /OR RX","","",outpatient,UHC,"UHC HMO/POS/PPO",1457.0,negotiated_dollar,904.07,reliable
"Northside Hospital Atlanta",json,"Cardiac Stress Test","STRESS TEST EXERCISE  /OR RX","","",outpatient,UHC,"UHC HMO/POS/PPO-G",1457.0,negotiated_dollar,904.07,reliable
"Northside Hospital Atlanta",json,"Cardiac Stress Test","STRESS TEST EXERCISE  /OR RX","","",outpatient,UHC,"UHC HMO/POS/PPO-T",1457.0,negotiated_dollar,904.07,reliable
"Northside Hospital Atlanta",json,"Cardiac Stress Test","STRESS TEST PHARM","","",outpatient,UHC,"UHC Medicare",1457.0,negotiated_dollar,215.81,reliable
"Northside Hospital Atlanta",json,"Cardiac Stress Test","STRESS TEST PHARM","","",outpatient,"US Dept of Labor WC","US Dept of Labor WC",1457.0,negotiated_dollar,274.15,reliable
"Northside Hospital Atlanta",json,"Cardiac Stress Test","STRESS TEST PHARM","","",outpatient,Wellcare,"Wellcare Medicare Advantage",1457.0,negotiated_dollar,222.28,reliable
"Northside Hospital Atlanta",json,"Cardiac Stress Test","STRESS TEST PHARM","","",outpatient,Aetna,"Aetna Medicare",1457.0,negotiated_dollar,220.13,reliable
"Northside Hospital Atlanta",json,"Cardiac Stress Test","STRESS TEST PHARM","","",outpatient,BCBS,"BCBS Medicare Advantage",1457.0,negotiated_dollar,215.81,reliable
"Northside Hospital Atlanta",json,"Cardiac Stress Test","STRESS TEST PHARM","","",outpatient,BCBS,"BCBS Medicare Advantage-P",1457.0,negotiated_dollar,215.81,reliable
"Northside Hospital Atlanta",json,"Cardiac Stress Test","STRESS TEST PHARM","","",outpatient,BCCP,BCCP,1457.0,negotiated_dollar,219.32,reliable
"Northside Hospital Atlanta",json,"Cardiac Stress Test","STRESS TEST PHARM","","",outpatient,CareSource,"CareSource Medicare Advantage",1457.0,negotiated_dollar,222.28,reliable
"Northside Hospital Atlanta",json,"Cardiac Stress Test","STRESS TEST PHARM","","",outpatient,CBWW,CBWW,1457.0,negotiated_dollar,219.32,reliable
"Northside Hospital Atlanta",json,"Cardiac Stress Test","STRESS TEST PHARM","","",outpatient,"Clover Health","Clover Health",1457.0,negotiated_dollar,226.56,reliable
"Northside Hospital Atlanta",json,"Cardiac Stress Test","STRESS TEST PHARM","","",outpatient,Coventry,"Coventry Medicare",1457.0,negotiated_dollar,220.13,reliable
"Northside Hospital Atlanta",json,"Cardiac Stress Test","STRESS TEST PHARM","","",outpatient,"Devoted Medicare Advantage","Devoted Medicare Advantage",1457.0,negotiated_dollar,226.6,reliable
"Northside Hospital Atlanta",json,"Cardiac Stress Test","STRESS TEST PHARM","","",outpatient,"Fairly Group","Fairly Group",1457.0,negotiated_dollar,248.05,reliable
"Northside Hospital Atlanta",json,"Cardiac Stress Test","STRESS TEST PHARM","","",outpatient,Humana,"Humana Medicare Advantage HMO",1457.0,negotiated_dollar,217.97,reliable
"Northside Hospital Atlanta",json,"Cardiac Stress Test","STRESS TEST PHARM","","",outpatient,Humana,"Humana Medicare Advantage PPO",1457.0,negotiated_dollar,224.44,reliable
"Northside Hospital Atlanta",json,"Cardiac Stress Test","STRESS TEST PHARM","","",outpatient,"Institutional 100 Percent of Medicare","Institutional 100 Percent of Medicare",1457.0,negotiated_dollar,215.81,reliable
"Northside Hospital Atlanta",json,"Cardiac Stress Test","STRESS TEST PHARM","","",outpatient,"Institutional 110 Percent of Medicare","Institutional 110 Percent of Medicare",1457.0,negotiated_dollar,241.25,reliable
"Northside Hospital Atlanta",json,"Cardiac Stress Test","STRESS TEST PHARM","","",outpatient,"Institutional 120 Percent of Medicare","Institutional 120 Percent of Medicare",1457.0,negotiated_dollar,263.18,reliable
"Northside Hospital Atlanta",json,"Cardiac Stress Test","STRESS TEST PHARM","","",outpatient,Kaiser,"Kaiser Medicare Advantage",1457.0,negotiated_dollar,222.28,reliable
"Northside Hospital Atlanta",json,"Cardiac Stress Test","STRESS TEST PHARM","","",outpatient,Medicare,Medicare,1457.0,negotiated_dollar,215.81,reliable
"Northside Hospital Atlanta",json,"Cardiac Stress Test","STRESS TEST PHARM","","",outpatient,"CLEAR SPRINGS EON HEALTH","CLEAR SPRINGS EON HEALTH",1457.0,negotiated_dollar,215.81,reliable
"Northside Hospital Atlanta",json,"Cardiac Stress Test","STRESS TEST PHARM","","",outpatient,"VA CCN","VA CCN",1457.0,negotiated_dollar,215.81,reliable
"Northside Hospital Atlanta",json,"Cardiac Stress Test","STRESS TEST PHARM","","",outpatient,"Pruitt Health Premier","Pruitt Health Premier",1457.0,negotiated_dollar,226.6,reliable
"Northside Hospital Atlanta",json,"Cardiac Stress Test","STRESS TEST PHARM","","",inpatient,BCBS,"BCBS PRUDT BUYER",1457.0,negotiated_dollar,1015.53,reliable
"Northside Hospital Atlanta",json,"Cardiac Stress Test","STRESS TEST PHARM","","",inpatient,"Beech Steet","Beech Street",1457.0,negotiated_dollar,1238.45,reliable
"Northside Hospital Atlanta",json,"Cardiac Stress Test","STRESS TEST PHARM","","",inpatient,CareIQ,CareIQ,1457.0,negotiated_dollar,1457.0,reliable
"Northside Hospital Atlanta",json,"Cardiac Stress Test","STRESS TEST PHARM","","",inpatient,CareSource,"CareSource MarketPlace",1457.0,negotiated_dollar,542.0,reliable
"Northside Hospital Atlanta",json,"Cardiac Stress Test","STRESS TEST PHARM","","",inpatient,"Dekalb_Department of Health","Dekalb_Department of Health",1457.0,negotiated_dollar,1457.0,reliable
"Northside Hospital Atlanta",json,"Cardiac Stress Test","STRESS TEST PHARM","","",inpatient,FIFA,FIFA,1457.0,negotiated_dollar,1457.0,reliable
"Northside Hospital Atlanta",json,"Cardiac Stress Test","STRESS TEST PHARM","","",inpatient,Coventry,"First Health and Coventry National",1457.0,negotiated_dollar,990.76,reliable
"Northside Hospital Atlanta",json,"Cardiac Stress Test","STRESS TEST PHARM","","",inpatient,"Georgia Reproductive Specialists","Georgia Reproductive Specialists (SGF)",1457.0,negotiated_dollar,582.8,reliable
"Northside Hospital Atlanta",json,"Cardiac Stress Test","STRESS TEST PHARM","","",inpatient,Multiplan,"Multiplan PPO",1457.0,negotiated_dollar,1238.45,reliable
"Northside Hospital Atlanta",json,"Cardiac Stress Test","STRESS TEST PHARM","","",inpatient,"Multiplan Workers Comp","Multiplan Workers Comp",1457.0,negotiated_dollar,1238.45,reliable
"Northside Hospital Atlanta",json,"Cardiac Stress Test","STRESS TEST PHARM","","",inpatient,NovaNet_PPO,NovaNet_PPO,1457.0,negotiated_dollar,1019.9,reliable
"Northside Hospital Atlanta",json,"Cardiac Stress Test","STRESS TEST PHARM","","",inpatient,"Quick Trip","Quick Trip",1457.0,negotiated_dollar,801.35,reliable
"Northside Hospital Atlanta",json,"Cardiac Stress Test","STRESS TEST PHARM","","",inpatient,"Rabun County BOC","Rabun County BOC",1457.0,negotiated_dollar,1457.0,reliable
"Northside Hospital Atlanta",json,"Cardiac Stress Test","STRESS TEST PHARM","","",outpatient,Aetna,"Aetna HMO/POS/PPO",1457.0,negotiated_dollar,990.76,reliable
"Northside Hospital Atlanta",json,"Cardiac Stress Test","STRESS TEST PHARM","","",outpatient,Aetna,"Aetna HMO/POS/PPO-G",1457.0,negotiated_dollar,990.76,reliable
"Northside Hospital Atlanta",json,"Cardiac Stress Test","STRESS TEST PHARM","","",outpatient,Aetna,"Aetna HMO/POS/PPO-Q",1457.0,negotiated_dollar,990.76,reliable
"Northside Hospital Atlanta",json,"Cardiac Stress Test","STRESS TEST PHARM","","",outpatient,Aetna,"Aetna Whole Health",1457.0,negotiated_dollar,728.5,reliable
"Northside Hospital Atlanta",json,"Cardiac Stress Test","STRESS TEST PHARM","","",outpatient,Aetna,"Aetna Whole Health-G",1457.0,negotiated_dollar,728.5,reliable
"Northside Hospital Atlanta",json,"Cardiac Stress Test","STRESS TEST PHARM","","",outpatient,Centene,"Ambetter PAR",1457.0,negotiated_dollar,684.79,reliable
"Northside Hospital Atlanta",json,"Cardiac Stress Test","STRESS TEST PHARM","","",outpatient,"Employers Choice Network","Employers Choice Network",1457.0,negotiated_dollar,774.92,reliable
"Northside Hospital Atlanta",json,"Cardiac Stress Test","STRESS TEST PHARM","","",outpatient,"Fieldale Farms WC","Fieldale Farms WC",1457.0,negotiated_dollar,815.71,reliable
"Northside Hospital Atlanta",json,"Cardiac Stress Test","STRESS TEST PHARM","","",outpatient,Kaiser,Kaiser_SF-MELANOMA,1457.0,negotiated_dollar,947.05,reliable
"Northside Hospital Atlanta",json,"Cardiac Stress Test","STRESS TEST PHARM","","",outpatient,Kaiser,Kaiser_SF-NAPS/CVG/NPCPS/UPS,1457.0,negotiated_dollar,947.05,reliable
"Northside Hospital Atlanta",json,"Cardiac Stress Test","STRESS TEST PHARM","","",outpatient,Kaiser,"Kaiser_SF-THOR SURG",1457.0,negotiated_dollar,947.05,reliable
"Northside Hospital Atlanta",json,"Cardiac Stress Test","STRESS TEST PHARM","","",outpatient,Kaiser,"Kaiser_SF-VASC SURG",1457.0,negotiated_dollar,947.05,reliable
"Northside Hospital Atlanta",json,"Cardiac Stress Test","STRESS TEST PHARM","","",outpatient,"Med Care Solutions","Med Care Solutions",1457.0,negotiated_dollar,655.65,reliable
"Northside Hospital Atlanta",json,"Cardiac Stress Test","STRESS TEST PHARM","","",outpatient,"MedLien Healthcare Services","MedLien Healthcare Services",1457.0,negotiated_dollar,582.8,reliable
"Northside Hospital Atlanta",json,"Cardiac Stress Test","STRESS TEST PHARM","","",outpatient,MTI,MTI,1457.0,negotiated_dollar,62.0,reliable
"Northside Hospital Atlanta",json,"Cardiac Stress Test","STRESS TEST PHARM","","",outpatient,Multiplan,"Multiplan PPO",1457.0,negotiated_dollar,1238.45,reliable
"Northside Hospital Atlanta",json,"Cardiac Stress Test","STRESS TEST PHARM","","",outpatient,"Multiplan Workers Comp","Multiplan Workers Comp",1457.0,negotiated_dollar,1238.45,reliable
"Northside Hospital Atlanta",json,"Cardiac Stress Test","STRESS TEST PHARM","","",outpatient,"Northside Health Network","Northside Health Network",1457.0,negotiated_dollar,903.34,reliable
"Northside Hospital Atlanta",json,"Cardiac Stress Test","STRESS TEST PHARM","","",outpatient,"Northside Health Network","Northside Health Network-S",1457.0,negotiated_dollar,903.34,reliable
"Northside Hospital Atlanta",json,"Cardiac Stress Test","STRESS TEST PHARM","","",outpatient,Amerigroup,"Amerigroup Medicaid",1457.0,negotiated_dollar,264.73,reliable
"Northside Hospital Atlanta",json,"Cardiac Stress Test","STRESS TEST PHARM","","",outpatient,Amerigroup,"Amerigroup Medicare Advantage",1457.0,negotiated_dollar,235.58,reliable
"Northside Hospital Atlanta",json,"Cardiac Stress Test","STRESS TEST PHARM","","",outpatient,"Authentic 4D","Authentic 4D",1457.0,negotiated_dollar,734.14,reliable
"Northside Hospital Atlanta",json,"Cardiac Stress Test","STRESS TEST PHARM","","",outpatient,BCBS,"BCBS PRUDT BUYER",1457.0,negotiated_dollar,1015.53,reliable
"Northside Hospital Atlanta",json,"Cardiac Stress Test","STRESS TEST PHARM","","",outpatient,Kaiser,"Kaiser_HMO-VASC SURG",1457.0,negotiated_dollar,947.05,reliable
"Northside Hospital Atlanta",json,"Cardiac Stress Test","STRESS TEST PHARM","","",outpatient,Kaiser,Kaiser_SF,1457.0,negotiated_dollar,947.05,reliable
"Northside Hospital Atlanta",json,"Cardiac Stress Test","STRESS TEST PHARM","","",outpatient,Kaiser,Kaiser_SF-AGA,1457.0,negotiated_dollar,947.05,reliable
"Northside Hospital Atlanta",json,"Cardiac Stress Test","STRESS TEST PHARM","","",outpatient,BCBS,BCBS_HMO,1457.0,negotiated_dollar,814.46,reliable
"Northside Hospital Atlanta",json,"Cardiac Stress Test","STRESS TEST PHARM","","",outpatient,BCBS,BCBS_HMO-L,1457.0,negotiated_dollar,814.46,reliable
"Northside Hospital Atlanta",json,"Cardiac Stress Test","STRESS TEST PHARM","","",outpatient,BCBS,BCBS_PATHWAY,1457.0,negotiated_dollar,407.09,reliable
"Northside Hospital Atlanta",json,"Cardiac Stress Test","STRESS TEST PHARM","","",outpatient,BCBS,BCBS_PATHWAY-L,1457.0,negotiated_dollar,407.09,reliable
"Northside Hospital Atlanta",json,"Cardiac Stress Test","STRESS TEST PHARM","","",outpatient,FIFA,FIFA,1457.0,negotiated_dollar,1457.0,reliable
"Northside Hospital Atlanta",json,"Cardiac Stress Test","STRESS TEST PHARM","","",outpatient,Coventry,"First Health and Coventry National",1457.0,negotiated_dollar,874.2,reliable
"Northside Hospital Atlanta",json,"Cardiac Stress Test","STRESS TEST PHARM","","",outpatient,"Genex/Priority Care Solutions","Genex/Priority Care Solutions",1457.0,negotiated_dollar,652.57,reliable
"Northside Hospital Atlanta",json,"Cardiac Stress Test","STRESS TEST PHARM","","",outpatient,"Georgia Reproductive Specialists","Georgia Reproductive Specialists (SGF)",1457.0,negotiated_dollar,582.8,reliable
"Northside Hospital Atlanta",json,"Cardiac Stress Test","STRESS TEST PHARM","","",outpatient,NovaNet_PPO,NovaNet_PPO,1457.0,negotiated_dollar,1019.9,reliable
"Northside Hospital Atlanta",json,"Cardiac Stress Test","STRESS TEST PHARM","","",outpatient,"One Call Diagnostics","One Call Diagnostics",1457.0,negotiated_dollar,62.0,reliable
"Northside Hospital Atlanta",json,"Cardiac Stress Test","STRESS TEST PHARM","","",outpatient,Oscar,Oscar,1457.0,negotiated_dollar,684.79,reliable
"Northside Hospital Atlanta",json,"Cardiac Stress Test","STRESS TEST PHARM","","",outpatient,BCBS,BCBS_PPO,1457.0,negotiated_dollar,968.91,reliable
"Northside Hospital Atlanta",json,"Cardiac Stress Test","STRESS TEST PHARM","","",outpatient,BCBS,BCBS_PPO-L,1457.0,negotiated_dollar,968.91,reliable
"Northside Hospital Atlanta",json,"Cardiac Stress Test","STRESS TEST PHARM","","",outpatient,"Beech Steet","Beech Street",1457.0,negotiated_dollar,1238.45,reliable
"Northside Hospital Atlanta",json,"Cardiac Stress Test","STRESS TEST PHARM","","",outpatient,BCBS,"Blue HPN",1457.0,negotiated_dollar,629.86,reliable
"Northside Hospital Atlanta",json,"Cardiac Stress Test","STRESS TEST PHARM","","",outpatient,BCBS,"Blue HPN-L",1457.0,negotiated_dollar,629.86,reliable
"Northside Hospital Atlanta",json,"Cardiac Stress Test","STRESS TEST PHARM","","",outpatient,CareIQ,CareIQ,1457.0,negotiated_dollar,1457.0,reliable
"Northside Hospital Atlanta",json,"Cardiac Stress Test","STRESS TEST PHARM","","",outpatient,"Georgia Workers Compensation","Georgia Workers Comp",1457.0,negotiated_dollar,815.71,reliable
"Northside Hospital Atlanta",json,"Cardiac Stress Test","STRESS TEST PHARM","","",outpatient,"Health One Alliance_PPO","Health One Alliance_PPO",1457.0,negotiated_dollar,801.35,reliable
"Northside Hospital Atlanta",json,"Cardiac Stress Test","STRESS TEST PHARM","","",outpatient,CareSource,CareSource,1457.0,negotiated_dollar,272.67,reliable
"Northside Hospital Atlanta",json,"Cardiac Stress Test","STRESS TEST PHARM","","",outpatient,CareSource,"CareSource MarketPlace",1457.0,negotiated_dollar,542.0,reliable
"Northside Hospital Atlanta",json,"Cardiac Stress Test","STRESS TEST PHARM","","",outpatient,"CHAMPUS VA","CHAMPUS VA",1457.0,negotiated_dollar,37.17,reliable
"Northside Hospital Atlanta",json,"Cardiac Stress Test","STRESS TEST PHARM","","",outpatient,Cigna,Cigna,1457.0,negotiated_dollar,917.91,reliable
"Northside Hospital Atlanta",json,"Cardiac Stress Test","STRESS TEST PHARM","","",outpatient,Cigna,Cigna-G,1457.0,negotiated_dollar,917.91,reliable
"Northside Hospital Atlanta",json,"Cardiac Stress Test","STRESS TEST PHARM","","",outpatient,HomeLink,HomeLink,1457.0,negotiated_dollar,65.88,reliable
"Northside Hospital Atlanta",json,"Cardiac Stress Test","STRESS TEST PHARM","","",outpatient,Cigna,Cigna-H,1457.0,negotiated_dollar,917.91,reliable
"Northside Hospital Atlanta",json,"Cardiac Stress Test","STRESS TEST PHARM","","",outpatient,Cigna,Cigna-L,1457.0,negotiated_dollar,917.91,reliable
"Northside Hospital Atlanta",json,"Cardiac Stress Test","STRESS TEST PHARM","","",outpatient,Cigna,"CIGNA HealthSprings Medicare Advantage",1457.0,negotiated_dollar,237.85,reliable
"Northside Hospital Atlanta",json,"Cardiac Stress Test","STRESS TEST PHARM","","",outpatient,"Corvel Workers Comp","Corvel Workers Comp",1457.0,negotiated_dollar,774.92,reliable
"Northside Hospital Atlanta",json,"Cardiac Stress Test","STRESS TEST PHARM","","",outpatient,"Dekalb_Department of Health","Dekalb_Department of Health",1457.0,negotiated_dollar,1457.0,reliable
"Northside Hospital Atlanta",json,"Cardiac Stress Test","STRESS TEST PHARM","","",outpatient,Kaiser,Kaiser_SF-BARIATRIC,1457.0,negotiated_dollar,947.05,reliable
"Northside Hospital Atlanta",json,"Cardiac Stress Test","STRESS TEST PHARM","","",outpatient,Kaiser,Kaiser_SF-GCS,1457.0,negotiated_dollar,947.05,reliable
"Northside Hospital Atlanta",json,"Cardiac Stress Test","STRESS TEST PHARM","","",outpatient,Kaiser,Kaiser_SF-GPG/NOAS,1457.0,negotiated_dollar,947.05,reliable
"Northside Hospital Atlanta",json,"Cardiac Stress Test","STRESS TEST PHARM","","",outpatient,Kaiser,Kaiser_SF-GYNONC,1457.0,negotiated_dollar,947.05,reliable
"Northside Hospital Atlanta",json,"Cardiac Stress Test","STRESS TEST PHARM","","",outpatient,"Institutional 115 Percent_Georgia Medicaid","Institutional 115 Percent_Georgia Medicaid",1457.0,negotiated_dollar,304.44,reliable
"Northside Hospital Atlanta",json,"Cardiac Stress Test","STRESS TEST PHARM","","",outpatient,"Institutional GA Medicaid","Institutional GA Medicaid",1457.0,negotiated_dollar,264.73,reliable
"Northside Hospital Atlanta",json,"Cardiac Stress Test","STRESS TEST PHARM","","",outpatient,"Institutional Marietta Surgery Center","Institutional Marietta Surgery Center",1457.0,negotiated_dollar,1457.0,reliable
"Northside Hospital Atlanta",json,"Cardiac Stress Test","STRESS TEST PHARM","","",outpatient,"Institutional Veterans Evaluation Services","Institutional Veterans Evaluation Services",1457.0,negotiated_dollar,1457.0,reliable
"Northside Hospital Atlanta",json,"Cardiac Stress Test","STRESS TEST PHARM","","",outpatient,Kaiser,"Kaiser Dual Choice PPO",1457.0,negotiated_dollar,1267.59,reliable
"Northside Hospital Atlanta",json,"Cardiac Stress Test","STRESS TEST PHARM","","",outpatient,Kaiser,"Kaiser Dual Choice PPO-AGA",1457.0,negotiated_dollar,1267.59,reliable
"Northside Hospital Atlanta",json,"Cardiac Stress Test","STRESS TEST PHARM","","",outpatient,Kaiser,"Kaiser Dual Choice PPO-BARIATRIC",1457.0,negotiated_dollar,1267.59,reliable
"Northside Hospital Atlanta",json,"Cardiac Stress Test","STRESS TEST PHARM","","",outpatient,Kaiser,"Kaiser Dual Choice PPO-GCS",1457.0,negotiated_dollar,1267.59,reliable
"Northside Hospital Atlanta",json,"Cardiac Stress Test","STRESS TEST PHARM","","",outpatient,Kaiser,"Kaiser Dual Choice PPO-GPG/NOAS",1457.0,negotiated_dollar,1267.59,reliable
"Northside Hospital Atlanta",json,"Cardiac Stress Test","STRESS TEST PHARM","","",outpatient,Kaiser,"Kaiser Dual Choice PPO-GYNONC",1457.0,negotiated_dollar,1267.59,reliable
"Northside Hospital Atlanta",json,"Cardiac Stress Test","STRESS TEST PHARM","","",outpatient,Kaiser,"Kaiser Dual Choice PPO-MELANOMA",1457.0,negotiated_dollar,1267.59,reliable
"Northside Hospital Atlanta",json,"Cardiac Stress Test","STRESS TEST PHARM","","",outpatient,Kaiser,"Kaiser Dual Choice PPO-NAPS/CVG/NPCPS/UPS",1457.0,negotiated_dollar,1267.59,reliable
"Northside Hospital Atlanta",json,"Cardiac Stress Test","STRESS TEST PHARM","","",outpatient,Kaiser,"Kaiser Dual Choice PPO-THOR SURG",1457.0,negotiated_dollar,1267.59,reliable
"Northside Hospital Atlanta",json,"Cardiac Stress Test","STRESS TEST PHARM","","",outpatient,Kaiser,"Kaiser Dual Choice PPO-VASC SURG",1457.0,negotiated_dollar,1267.59,reliable
"Northside Hospital Atlanta",json,"Cardiac Stress Test","STRESS TEST PHARM","","",outpatient,Kaiser,Kaiser_HMO,1457.0,negotiated_dollar,947.05,reliable
"Northside Hospital Atlanta",json,"Cardiac Stress Test","STRESS TEST PHARM","","",outpatient,Kaiser,Kaiser_HMO-AGA,1457.0,negotiated_dollar,947.05,reliable
"Northside Hospital Atlanta",json,"Cardiac Stress Test","STRESS TEST PHARM","","",outpatient,Kaiser,Kaiser_HMO-BARIATRIC,1457.0,negotiated_dollar,947.05,reliable
"Northside Hospital Atlanta",json,"Cardiac Stress Test","STRESS TEST PHARM","","",outpatient,Kaiser,Kaiser_HMO-GCS,1457.0,negotiated_dollar,947.05,reliable
"Northside Hospital Atlanta",json,"Cardiac Stress Test","STRESS TEST PHARM","","",outpatient,Kaiser,Kaiser_HMO-GPG/NOAS,1457.0,negotiated_dollar,947.05,reliable
"Northside Hospital Atlanta",json,"Cardiac Stress Test","STRESS TEST PHARM","","",outpatient,Kaiser,Kaiser_HMO-GYNONC,1457.0,negotiated_dollar,947.05,reliable
"Northside Hospital Atlanta",json,"Cardiac Stress Test","STRESS TEST PHARM","","",outpatient,Kaiser,Kaiser_HMO-MELANOMA,1457.0,negotiated_dollar,947.05,reliable
"Northside Hospital Atlanta",json,"Cardiac Stress Test","STRESS TEST PHARM","","",outpatient,Kaiser,Kaiser_HMO-NAPS/CVG/NPCPS/UPS,1457.0,negotiated_dollar,947.05,reliable
"Northside Hospital Atlanta",json,"Cardiac Stress Test","STRESS TEST PHARM","","",outpatient,Centene,"Peach State Medicaid",1457.0,negotiated_dollar,264.73,reliable
"Northside Hospital Atlanta",json,"Cardiac Stress Test","STRESS TEST PHARM","","",outpatient,Centene,"Peach State Medicare",1457.0,negotiated_dollar,298.21,reliable
"Northside Hospital Atlanta",json,"Cardiac Stress Test","STRESS TEST PHARM","","",outpatient,PHCS,PHCS,1457.0,negotiated_dollar,1092.75,reliable
"Northside Hospital Atlanta",json,"Cardiac Stress Test","STRESS TEST PHARM","","",outpatient,"Quick Trip","Quick Trip",1457.0,negotiated_dollar,801.35,reliable
"Northside Hospital Atlanta",json,"Cardiac Stress Test","STRESS TEST PHARM","","",outpatient,"Rabun County BOC","Rabun County BOC",1457.0,negotiated_dollar,1457.0,reliable
"Northside Hospital Atlanta",json,"Cardiac Stress Test","STRESS TEST PHARM","","",outpatient,Spreemo,Spreemo,1457.0,negotiated_dollar,652.57,reliable
"Northside Hospital Atlanta",json,"Cardiac Stress Test","STRESS TEST PHARM","","",outpatient,"Streamline Imaging","Streamline Imaging",1457.0,negotiated_dollar,734.14,reliable
"Northside Hospital Atlanta",json,"Cardiac Stress Test","STRESS TEST PHARM","","",outpatient,Tricare,Tricare,1457.0,negotiated_dollar,219.32,reliable
"Northside Hospital Atlanta",json,"Cardiac Stress Test","STRESS TEST PHARM","","",outpatient,"Truths Community","Truths Community",1457.0,negotiated_dollar,312.0,reliable
"Northside Hospital Atlanta",json,"Cardiac Stress Test","STRESS TEST PHARM","","",outpatient,UHC,"UHC GA Individual Exchange",1457.0,negotiated_dollar,767.84,reliable
"Northside Hospital Atlanta",json,"Cardiac Stress Test","STRESS TEST PHARM","","",outpatient,UHC,"UHC Heritage Select",1457.0,negotiated_dollar,1030.1,reliable
"Northside Hospital Atlanta",json,"Cardiac Stress Test","STRESS TEST PHARM","","",outpatient,UHC,"UHC HMO/POS/PPO",1457.0,negotiated_dollar,904.07,reliable
"Northside Hospital Atlanta",json,"Cardiac Stress Test","STRESS TEST PHARM","","",outpatient,UHC,"UHC HMO/POS/PPO-G",1457.0,negotiated_dollar,904.07,reliable
"Northside Hospital Atlanta",json,"Cardiac Stress Test","STRESS TEST PHARM","","",outpatient,UHC,"UHC HMO/POS/PPO-T",1457.0,negotiated_dollar,904.07,reliable
"Northside Hospital Atlanta",json,"Cardiac Stress Test","STRESS TEST TREADMILL OR PHARM","","",outpatient,UHC,"UHC Medicare",1457.0,negotiated_dollar,215.81,reliable
"Northside Hospital Atlanta",json,"Cardiac Stress Test","STRESS TEST TREADMILL OR PHARM","","",outpatient,"US Dept of Labor WC","US Dept of Labor WC",1457.0,negotiated_dollar,274.15,reliable
"Northside Hospital Atlanta",json,"Cardiac Stress Test","STRESS TEST TREADMILL OR PHARM","","",outpatient,Wellcare,"Wellcare Medicare Advantage",1457.0,negotiated_dollar,222.28,reliable
"Northside Hospital Atlanta",json,"Cardiac Stress Test","STRESS TEST TREADMILL OR PHARM","","",outpatient,Humana,"Humana Medicare Advantage PPO",1457.0,negotiated_dollar,224.44,reliable
"Northside Hospital Atlanta",json,"Cardiac Stress Test","STRESS TEST TREADMILL OR PHARM","","",outpatient,"Institutional 100 Percent of Medicare","Institutional 100 Percent of Medicare",1457.0,negotiated_dollar,215.81,reliable
"Northside Hospital Atlanta",json,"Cardiac Stress Test","STRESS TEST TREADMILL OR PHARM","","",outpatient,"Institutional 110 Percent of Medicare","Institutional 110 Percent of Medicare",1457.0,negotiated_dollar,241.25,reliable
"Northside Hospital Atlanta",json,"Cardiac Stress Test","STRESS TEST TREADMILL OR PHARM","","",outpatient,"Institutional 120 Percent of Medicare","Institutional 120 Percent of Medicare",1457.0,negotiated_dollar,263.18,reliable
"Northside Hospital Atlanta",json,"Cardiac Stress Test","STRESS TEST TREADMILL OR PHARM","","",outpatient,Kaiser,"Kaiser Medicare Advantage",1457.0,negotiated_dollar,222.28,reliable
"Northside Hospital Atlanta",json,"Cardiac Stress Test","STRESS TEST TREADMILL OR PHARM","","",outpatient,Medicare,Medicare,1457.0,negotiated_dollar,215.81,reliable
"Northside Hospital Atlanta",json,"Cardiac Stress Test","STRESS TEST TREADMILL OR PHARM","","",outpatient,"CLEAR SPRINGS EON HEALTH","CLEAR SPRINGS EON HEALTH",1457.0,negotiated_dollar,215.81,reliable
"Northside Hospital Atlanta",json,"Cardiac Stress Test","STRESS TEST TREADMILL OR PHARM","","",outpatient,"VA CCN","VA CCN",1457.0,negotiated_dollar,215.81,reliable
"Northside Hospital Atlanta",json,"Cardiac Stress Test","STRESS TEST TREADMILL OR PHARM","","",outpatient,"Pruitt Health Premier","Pruitt Health Premier",1457.0,negotiated_dollar,226.6,reliable
"Northside Hospital Atlanta",json,"Cardiac Stress Test","STRESS TEST TREADMILL OR PHARM","","",outpatient,Aetna,"Aetna Medicare",1457.0,negotiated_dollar,220.13,reliable
"Northside Hospital Atlanta",json,"Cardiac Stress Test","STRESS TEST TREADMILL OR PHARM","","",outpatient,BCBS,"BCBS Medicare Advantage",1457.0,negotiated_dollar,215.81,reliable
"Northside Hospital Atlanta",json,"Cardiac Stress Test","STRESS TEST TREADMILL OR PHARM","","",outpatient,BCBS,"BCBS Medicare Advantage-P",1457.0,negotiated_dollar,215.81,reliable
"Northside Hospital Atlanta",json,"Cardiac Stress Test","STRESS TEST TREADMILL OR PHARM","","",outpatient,BCCP,BCCP,1457.0,negotiated_dollar,219.32,reliable
"Northside Hospital Atlanta",json,"Cardiac Stress Test","STRESS TEST TREADMILL OR PHARM","","",outpatient,CareSource,"CareSource Medicare Advantage",1457.0,negotiated_dollar,222.28,reliable
"Northside Hospital Atlanta",json,"Cardiac Stress Test","STRESS TEST TREADMILL OR PHARM","","",outpatient,CBWW,CBWW,1457.0,negotiated_dollar,219.32,reliable
"Northside Hospital Atlanta",json,"Cardiac Stress Test","STRESS TEST TREADMILL OR PHARM","","",outpatient,"Clover Health","Clover Health",1457.0,negotiated_dollar,226.56,reliable
"Northside Hospital Atlanta",json,"Cardiac Stress Test","STRESS TEST TREADMILL OR PHARM","","",outpatient,Coventry,"Coventry Medicare",1457.0,negotiated_dollar,220.13,reliable
"Northside Hospital Atlanta",json,"Cardiac Stress Test","STRESS TEST TREADMILL OR PHARM","","",outpatient,"Devoted Medicare Advantage","Devoted Medicare Advantage",1457.0,negotiated_dollar,226.6,reliable
"Northside Hospital Atlanta",json,"Cardiac Stress Test","STRESS TEST TREADMILL OR PHARM","","",outpatient,"Fairly Group","Fairly Group",1457.0,negotiated_dollar,248.05,reliable
"Northside Hospital Atlanta",json,"Cardiac Stress Test","STRESS TEST TREADMILL OR PHARM","","",outpatient,Humana,"Humana Medicare Advantage HMO",1457.0,negotiated_dollar,217.97,reliable
"Northside Hospital Atlanta",json,"Cardiac Stress Test","STRESS TEST TREADMILL OR PHARM","","",inpatient,BCBS,"BCBS PRUDT BUYER",1457.0,negotiated_dollar,1015.53,reliable
"Northside Hospital Atlanta",json,"Cardiac Stress Test","STRESS TEST TREADMILL OR PHARM","","",inpatient,"Beech Steet","Beech Street",1457.0,negotiated_dollar,1238.45,reliable
"Northside Hospital Atlanta",json,"Cardiac Stress Test","STRESS TEST TREADMILL OR PHARM","","",inpatient,CareIQ,CareIQ,1457.0,negotiated_dollar,1457.0,reliable
"Northside Hospital Atlanta",json,"Cardiac Stress Test","STRESS TEST TREADMILL OR PHARM","","",inpatient,CareSource,"CareSource MarketPlace",1457.0,negotiated_dollar,542.0,reliable
"Northside Hospital Atlanta",json,"Cardiac Stress Test","STRESS TEST TREADMILL OR PHARM","","",inpatient,"Dekalb_Department of Health","Dekalb_Department of Health",1457.0,negotiated_dollar,1457.0,reliable
"Northside Hospital Atlanta",json,"Cardiac Stress Test","STRESS TEST TREADMILL OR PHARM","","",inpatient,FIFA,FIFA,1457.0,negotiated_dollar,1457.0,reliable
"Northside Hospital Atlanta",json,"Cardiac Stress Test","STRESS TEST TREADMILL OR PHARM","","",inpatient,Coventry,"First Health and Coventry National",1457.0,negotiated_dollar,990.76,reliable
"Northside Hospital Atlanta",json,"Cardiac Stress Test","STRESS TEST TREADMILL OR PHARM","","",inpatient,"Georgia Reproductive Specialists","Georgia Reproductive Specialists (SGF)",1457.0,negotiated_dollar,582.8,reliable
"Northside Hospital Atlanta",json,"Cardiac Stress Test","STRESS TEST TREADMILL OR PHARM","","",inpatient,Multiplan,"Multiplan PPO",1457.0,negotiated_dollar,1238.45,reliable
"Northside Hospital Atlanta",json,"Cardiac Stress Test","STRESS TEST TREADMILL OR PHARM","","",inpatient,"Multiplan Workers Comp","Multiplan Workers Comp",1457.0,negotiated_dollar,1238.45,reliable
"Northside Hospital Atlanta",json,"Cardiac Stress Test","STRESS TEST TREADMILL OR PHARM","","",inpatient,NovaNet_PPO,NovaNet_PPO,1457.0,negotiated_dollar,1019.9,reliable
"Northside Hospital Atlanta",json,"Cardiac Stress Test","STRESS TEST TREADMILL OR PHARM","","",inpatient,"Quick Trip","Quick Trip",1457.0,negotiated_dollar,801.35,reliable
"Northside Hospital Atlanta",json,"Cardiac Stress Test","STRESS TEST TREADMILL OR PHARM","","",inpatient,"Rabun County BOC","Rabun County BOC",1457.0,negotiated_dollar,1457.0,reliable
"Northside Hospital Atlanta",json,"Cardiac Stress Test","STRESS TEST TREADMILL OR PHARM","","",outpatient,Kaiser,Kaiser_SF-GCS,1457.0,negotiated_dollar,947.05,reliable
"Northside Hospital Atlanta",json,"Cardiac Stress Test","STRESS TEST TREADMILL OR PHARM","","",outpatient,Kaiser,Kaiser_SF-GPG/NOAS,1457.0,negotiated_dollar,947.05,reliable
"Northside Hospital Atlanta",json,"Cardiac Stress Test","STRESS TEST TREADMILL OR PHARM","","",outpatient,Kaiser,Kaiser_SF-GYNONC,1457.0,negotiated_dollar,947.05,reliable
"Northside Hospital Atlanta",json,"Cardiac Stress Test","STRESS TEST TREADMILL OR PHARM","","",outpatient,Kaiser,Kaiser_SF-MELANOMA,1457.0,negotiated_dollar,947.05,reliable
"Northside Hospital Atlanta",json,"Cardiac Stress Test","STRESS TEST TREADMILL OR PHARM","","",outpatient,Kaiser,Kaiser_SF-NAPS/CVG/NPCPS/UPS,1457.0,negotiated_dollar,947.05,reliable
"Northside Hospital Atlanta",json,"Cardiac Stress Test","STRESS TEST TREADMILL OR PHARM","","",outpatient,Kaiser,"Kaiser_SF-THOR SURG",1457.0,negotiated_dollar,947.05,reliable
"Northside Hospital Atlanta",json,"Cardiac Stress Test","STRESS TEST TREADMILL OR PHARM","","",outpatient,Kaiser,"Kaiser_SF-VASC SURG",1457.0,negotiated_dollar,947.05,reliable
"Northside Hospital Atlanta",json,"Cardiac Stress Test","STRESS TEST TREADMILL OR PHARM","","",outpatient,"Med Care Solutions","Med Care Solutions",1457.0,negotiated_dollar,655.65,reliable
"Northside Hospital Atlanta",json,"Cardiac Stress Test","STRESS TEST TREADMILL OR PHARM","","",outpatient,"MedLien Healthcare Services","MedLien Healthcare Services",1457.0,negotiated_dollar,582.8,reliable
"Northside Hospital Atlanta",json,"Cardiac Stress Test","STRESS TEST TREADMILL OR PHARM","","",outpatient,MTI,MTI,1457.0,negotiated_dollar,62.0,reliable
"Northside Hospital Atlanta",json,"Cardiac Stress Test","STRESS TEST TREADMILL OR PHARM","","",outpatient,Multiplan,"Multiplan PPO",1457.0,negotiated_dollar,1238.45,reliable
"Northside Hospital Atlanta",json,"Cardiac Stress Test","STRESS TEST TREADMILL OR PHARM","","",outpatient,"Multiplan Workers Comp","Multiplan Workers Comp",1457.0,negotiated_dollar,1238.45,reliable
"Northside Hospital Atlanta",json,"Cardiac Stress Test","STRESS TEST TREADMILL OR PHARM","","",outpatient,"Northside Health Network","Northside Health Network",1457.0,negotiated_dollar,903.34,reliable
"Northside Hospital Atlanta",json,"Cardiac Stress Test","STRESS TEST TREADMILL OR PHARM","","",outpatient,"Northside Health Network","Northside Health Network-S",1457.0,negotiated_dollar,903.34,reliable
"Northside Hospital Atlanta",json,"Cardiac Stress Test","STRESS TEST TREADMILL OR PHARM","","",outpatient,NovaNet_PPO,NovaNet_PPO,1457.0,negotiated_dollar,1019.9,reliable
"Northside Hospital Atlanta",json,"Cardiac Stress Test","STRESS TEST TREADMILL OR PHARM","","",outpatient,"One Call Diagnostics","One Call Diagnostics",1457.0,negotiated_dollar,62.0,reliable
"Northside Hospital Atlanta",json,"Cardiac Stress Test","STRESS TEST TREADMILL OR PHARM","","",outpatient,Oscar,Oscar,1457.0,negotiated_dollar,684.79,reliable
"Northside Hospital Atlanta",json,"Cardiac Stress Test","STRESS TEST TREADMILL OR PHARM","","",outpatient,Aetna,"Aetna HMO/POS/PPO",1457.0,negotiated_dollar,990.76,reliable
"Northside Hospital Atlanta",json,"Cardiac Stress Test","STRESS TEST TREADMILL OR PHARM","","",outpatient,Aetna,"Aetna HMO/POS/PPO-G",1457.0,negotiated_dollar,990.76,reliable
"Northside Hospital Atlanta",json,"Cardiac Stress Test","STRESS TEST TREADMILL OR PHARM","","",outpatient,Aetna,"Aetna HMO/POS/PPO-Q",1457.0,negotiated_dollar,990.76,reliable
"Northside Hospital Atlanta",json,"Cardiac Stress Test","STRESS TEST TREADMILL OR PHARM","","",outpatient,Aetna,"Aetna Whole Health",1457.0,negotiated_dollar,728.5,reliable
"Northside Hospital Atlanta",json,"Cardiac Stress Test","STRESS TEST TREADMILL OR PHARM","","",outpatient,Aetna,"Aetna Whole Health-G",1457.0,negotiated_dollar,728.5,reliable
"Northside Hospital Atlanta",json,"Cardiac Stress Test","STRESS TEST TREADMILL OR PHARM","","",outpatient,Centene,"Ambetter PAR",1457.0,negotiated_dollar,684.79,reliable
"Northside Hospital Atlanta",json,"Cardiac Stress Test","STRESS TEST TREADMILL OR PHARM","","",outpatient,BCBS,"BCBS PRUDT BUYER",1457.0,negotiated_dollar,1015.53,reliable
"Northside Hospital Atlanta",json,"Cardiac Stress Test","STRESS TEST TREADMILL OR PHARM","","",outpatient,"Employers Choice Network","Employers Choice Network",1457.0,negotiated_dollar,774.92,reliable
"Northside Hospital Atlanta",json,"Cardiac Stress Test","STRESS TEST TREADMILL OR PHARM","","",outpatient,"Fieldale Farms WC","Fieldale Farms WC",1457.0,negotiated_dollar,815.71,reliable
"Northside Hospital Atlanta",json,"Cardiac Stress Test","STRESS TEST TREADMILL OR PHARM","","",outpatient,Amerigroup,"Amerigroup Medicaid",1457.0,negotiated_dollar,264.73,reliable
"Northside Hospital Atlanta",json,"Cardiac Stress Test","STRESS TEST TREADMILL OR PHARM","","",outpatient,Kaiser,"Kaiser Dual Choice PPO",1457.0,negotiated_dollar,1267.59,reliable
"Northside Hospital Atlanta",json,"Cardiac Stress Test","STRESS TEST TREADMILL OR PHARM","","",outpatient,Kaiser,"Kaiser Dual Choice PPO-AGA",1457.0,negotiated_dollar,1267.59,reliable
"Northside Hospital Atlanta",json,"Cardiac Stress Test","STRESS TEST TREADMILL OR PHARM","","",outpatient,Kaiser,"Kaiser Dual Choice PPO-BARIATRIC",1457.0,negotiated_dollar,1267.59,reliable
"Northside Hospital Atlanta",json,"Cardiac Stress Test","STRESS TEST TREADMILL OR PHARM","","",outpatient,Kaiser,"Kaiser Dual Choice PPO-GCS",1457.0,negotiated_dollar,1267.59,reliable
"Northside Hospital Atlanta",json,"Cardiac Stress Test","STRESS TEST TREADMILL OR PHARM","","",outpatient,Kaiser,"Kaiser Dual Choice PPO-GYNONC",1457.0,negotiated_dollar,1267.59,reliable
"Northside Hospital Atlanta",json,"Cardiac Stress Test","STRESS TEST TREADMILL OR PHARM","","",outpatient,Amerigroup,"Amerigroup Medicare Advantage",1457.0,negotiated_dollar,235.58,reliable
"Northside Hospital Atlanta",json,"Cardiac Stress Test","STRESS TEST TREADMILL OR PHARM","","",outpatient,"Authentic 4D","Authentic 4D",1457.0,negotiated_dollar,734.14,reliable
"Northside Hospital Atlanta",json,"Cardiac Stress Test","STRESS TEST TREADMILL OR PHARM","","",outpatient,BCBS,BCBS_HMO,1457.0,negotiated_dollar,814.46,reliable
"Northside Hospital Atlanta",json,"Cardiac Stress Test","STRESS TEST TREADMILL OR PHARM","","",outpatient,BCBS,BCBS_HMO-L,1457.0,negotiated_dollar,814.46,reliable
"Northside Hospital Atlanta",json,"Cardiac Stress Test","STRESS TEST TREADMILL OR PHARM","","",outpatient,BCBS,BCBS_PATHWAY,1457.0,negotiated_dollar,407.09,reliable
"Northside Hospital Atlanta",json,"Cardiac Stress Test","STRESS TEST TREADMILL OR PHARM","","",outpatient,Kaiser,"Kaiser Dual Choice PPO-MELANOMA",1457.0,negotiated_dollar,1267.59,reliable
"Northside Hospital Atlanta",json,"Cardiac Stress Test","STRESS TEST TREADMILL OR PHARM","","",outpatient,Kaiser,"Kaiser Dual Choice PPO-NAPS/CVG/NPCPS/UPS",1457.0,negotiated_dollar,1267.59,reliable
"Northside Hospital Atlanta",json,"Cardiac Stress Test","STRESS TEST TREADMILL OR PHARM","","",outpatient,Kaiser,"Kaiser Dual Choice PPO-THOR SURG",1457.0,negotiated_dollar,1267.59,reliable
"Northside Hospital Atlanta",json,"Cardiac Stress Test","STRESS TEST TREADMILL OR PHARM","","",outpatient,BCBS,BCBS_PATHWAY-L,1457.0,negotiated_dollar,407.09,reliable
"Northside Hospital Atlanta",json,"Cardiac Stress Test","STRESS TEST TREADMILL OR PHARM","","",outpatient,FIFA,FIFA,1457.0,negotiated_dollar,1457.0,reliable
"Northside Hospital Atlanta",json,"Cardiac Stress Test","STRESS TEST TREADMILL OR PHARM","","",outpatient,Coventry,"First Health and Coventry National",1457.0,negotiated_dollar,874.2,reliable
"Northside Hospital Atlanta",json,"Cardiac Stress Test","STRESS TEST TREADMILL OR PHARM","","",outpatient,"Genex/Priority Care Solutions","Genex/Priority Care Solutions",1457.0,negotiated_dollar,652.57,reliable
"Northside Hospital Atlanta",json,"Cardiac Stress Test","STRESS TEST TREADMILL OR PHARM","","",outpatient,BCBS,BCBS_PPO,1457.0,negotiated_dollar,968.91,reliable
"Northside Hospital Atlanta",json,"Cardiac Stress Test","STRESS TEST TREADMILL OR PHARM","","",outpatient,BCBS,BCBS_PPO-L,1457.0,negotiated_dollar,968.91,reliable
"Northside Hospital Atlanta",json,"Cardiac Stress Test","STRESS TEST TREADMILL OR PHARM","","",outpatient,"Beech Steet","Beech Street",1457.0,negotiated_dollar,1238.45,reliable
"Northside Hospital Atlanta",json,"Cardiac Stress Test","STRESS TEST TREADMILL OR PHARM","","",outpatient,BCBS,"Blue HPN",1457.0,negotiated_dollar,629.86,reliable
"Northside Hospital Atlanta",json,"Cardiac Stress Test","STRESS TEST TREADMILL OR PHARM","","",outpatient,Kaiser,"Kaiser Dual Choice PPO-VASC SURG",1457.0,negotiated_dollar,1267.59,reliable
"Northside Hospital Atlanta",json,"Cardiac Stress Test","STRESS TEST TREADMILL OR PHARM","","",outpatient,Kaiser,Kaiser_HMO,1457.0,negotiated_dollar,947.05,reliable
"Northside Hospital Atlanta",json,"Cardiac Stress Test","STRESS TEST TREADMILL OR PHARM","","",outpatient,Kaiser,Kaiser_HMO-AGA,1457.0,negotiated_dollar,947.05,reliable
"Northside Hospital Atlanta",json,"Cardiac Stress Test","STRESS TEST TREADMILL OR PHARM","","",outpatient,Kaiser,Kaiser_HMO-BARIATRIC,1457.0,negotiated_dollar,947.05,reliable
"Northside Hospital Atlanta",json,"Cardiac Stress Test","STRESS TEST TREADMILL OR PHARM","","",outpatient,Kaiser,Kaiser_HMO-GCS,1457.0,negotiated_dollar,947.05,reliable
"Northside Hospital Atlanta",json,"Cardiac Stress Test","STRESS TEST TREADMILL OR PHARM","","",outpatient,Kaiser,Kaiser_HMO-GPG/NOAS,1457.0,negotiated_dollar,947.05,reliable
"Northside Hospital Atlanta",json,"Cardiac Stress Test","STRESS TEST TREADMILL OR PHARM","","",outpatient,BCBS,"Blue HPN-L",1457.0,negotiated_dollar,629.86,reliable
"Northside Hospital Atlanta",json,"Cardiac Stress Test","STRESS TEST TREADMILL OR PHARM","","",outpatient,CareIQ,CareIQ,1457.0,negotiated_dollar,1457.0,reliable
"Northside Hospital Atlanta",json,"Cardiac Stress Test","STRESS TEST TREADMILL OR PHARM","","",outpatient,Kaiser,"Kaiser Dual Choice PPO-GPG/NOAS",1457.0,negotiated_dollar,1267.59,reliable
"Northside Hospital Atlanta",json,"Cardiac Stress Test","STRESS TEST TREADMILL OR PHARM","","",outpatient,CareSource,CareSource,1457.0,negotiated_dollar,272.67,reliable
"Northside Hospital Atlanta",json,"Cardiac Stress Test","STRESS TEST TREADMILL OR PHARM","","",outpatient,CareSource,"CareSource MarketPlace",1457.0,negotiated_dollar,542.0,reliable
"Northside Hospital Atlanta",json,"Cardiac Stress Test","STRESS TEST TREADMILL OR PHARM","","",outpatient,"CHAMPUS VA","CHAMPUS VA",1457.0,negotiated_dollar,37.17,reliable
"Northside Hospital Atlanta",json,"Cardiac Stress Test","STRESS TEST TREADMILL OR PHARM","","",outpatient,Cigna,Cigna,1457.0,negotiated_dollar,917.91,reliable
"Northside Hospital Atlanta",json,"Cardiac Stress Test","STRESS TEST TREADMILL OR PHARM","","",outpatient,Kaiser,Kaiser_HMO-GYNONC,1457.0,negotiated_dollar,947.05,reliable
"Northside Hospital Atlanta",json,"Cardiac Stress Test","STRESS TEST TREADMILL OR PHARM","","",outpatient,Kaiser,Kaiser_HMO-MELANOMA,1457.0,negotiated_dollar,947.05,reliable
"Northside Hospital Atlanta",json,"Cardiac Stress Test","STRESS TEST TREADMILL OR PHARM","","",outpatient,Kaiser,Kaiser_HMO-NAPS/CVG/NPCPS/UPS,1457.0,negotiated_dollar,947.05,reliable
"Northside Hospital Atlanta",json,"Cardiac Stress Test","STRESS TEST TREADMILL OR PHARM","","",outpatient,Kaiser,"Kaiser_HMO-VASC SURG",1457.0,negotiated_dollar,947.05,reliable
"Northside Hospital Atlanta",json,"Cardiac Stress Test","STRESS TEST TREADMILL OR PHARM","","",outpatient,Kaiser,Kaiser_SF,1457.0,negotiated_dollar,947.05,reliable
"Northside Hospital Atlanta",json,"Cardiac Stress Test","STRESS TEST TREADMILL OR PHARM","","",outpatient,Kaiser,Kaiser_SF-AGA,1457.0,negotiated_dollar,947.05,reliable
"Northside Hospital Atlanta",json,"Cardiac Stress Test","STRESS TEST TREADMILL OR PHARM","","",outpatient,Kaiser,Kaiser_SF-BARIATRIC,1457.0,negotiated_dollar,947.05,reliable
"Northside Hospital Atlanta",json,"Cardiac Stress Test","STRESS TEST TREADMILL OR PHARM","","",outpatient,Cigna,Cigna-G,1457.0,negotiated_dollar,917.91,reliable
"Northside Hospital Atlanta",json,"Cardiac Stress Test","STRESS TEST TREADMILL OR PHARM","","",outpatient,Cigna,Cigna-H,1457.0,negotiated_dollar,917.91,reliable
"Northside Hospital Atlanta",json,"Cardiac Stress Test","STRESS TEST TREADMILL OR PHARM","","",outpatient,Cigna,Cigna-L,1457.0,negotiated_dollar,917.91,reliable
"Northside Hospital Atlanta",json,"Cardiac Stress Test","STRESS TEST TREADMILL OR PHARM","","",outpatient,Cigna,"CIGNA HealthSprings Medicare Advantage",1457.0,negotiated_dollar,237.85,reliable
"Northside Hospital Atlanta",json,"Cardiac Stress Test","STRESS TEST TREADMILL OR PHARM","","",outpatient,"Corvel Workers Comp","Corvel Workers Comp",1457.0,negotiated_dollar,774.92,reliable
"Northside Hospital Atlanta",json,"Cardiac Stress Test","STRESS TEST TREADMILL OR PHARM","","",outpatient,"Dekalb_Department of Health","Dekalb_Department of Health",1457.0,negotiated_dollar,1457.0,reliable
"Northside Hospital Atlanta",json,"Cardiac Stress Test","STRESS TEST TREADMILL OR PHARM","","",outpatient,"Georgia Reproductive Specialists","Georgia Reproductive Specialists (SGF)",1457.0,negotiated_dollar,582.8,reliable
"Northside Hospital Atlanta",json,"Cardiac Stress Test","STRESS TEST TREADMILL OR PHARM","","",outpatient,"Georgia Workers Compensation","Georgia Workers Comp",1457.0,negotiated_dollar,815.71,reliable
"Northside Hospital Atlanta",json,"Cardiac Stress Test","STRESS TEST TREADMILL OR PHARM","","",outpatient,"Health One Alliance_PPO","Health One Alliance_PPO",1457.0,negotiated_dollar,801.35,reliable
"Northside Hospital Atlanta",json,"Cardiac Stress Test","STRESS TEST TREADMILL OR PHARM","","",outpatient,HomeLink,HomeLink,1457.0,negotiated_dollar,65.88,reliable
"Northside Hospital Atlanta",json,"Cardiac Stress Test","STRESS TEST TREADMILL OR PHARM","","",outpatient,"Institutional 115 Percent_Georgia Medicaid","Institutional 115 Percent_Georgia Medicaid",1457.0,negotiated_dollar,304.44,reliable
"Northside Hospital Atlanta",json,"Cardiac Stress Test","STRESS TEST TREADMILL OR PHARM","","",outpatient,"Institutional GA Medicaid","Institutional GA Medicaid",1457.0,negotiated_dollar,264.73,reliable
"Northside Hospital Atlanta",json,"Cardiac Stress Test","STRESS TEST TREADMILL OR PHARM","","",outpatient,"Institutional Marietta Surgery Center","Institutional Marietta Surgery Center",1457.0,negotiated_dollar,1457.0,reliable
"Northside Hospital Atlanta",json,"Cardiac Stress Test","STRESS TEST TREADMILL OR PHARM","","",outpatient,"Institutional Veterans Evaluation Services","Institutional Veterans Evaluation Services",1457.0,negotiated_dollar,1457.0,reliable
"Northside Hospital Atlanta",json,"Cardiac Stress Test","STRESS TEST TREADMILL OR PHARM","","",outpatient,Centene,"Peach State Medicaid",1457.0,negotiated_dollar,264.73,reliable
"Northside Hospital Atlanta",json,"Cardiac Stress Test","STRESS TEST TREADMILL OR PHARM","","",outpatient,UHC,"UHC Heritage Select",1457.0,negotiated_dollar,1030.1,reliable
"Northside Hospital Atlanta",json,"Cardiac Stress Test","STRESS TEST TREADMILL OR PHARM","","",outpatient,UHC,"UHC HMO/POS/PPO",1457.0,negotiated_dollar,904.07,reliable
"Northside Hospital Atlanta",json,"Cardiac Stress Test","STRESS TEST TREADMILL OR PHARM","","",outpatient,UHC,"UHC HMO/POS/PPO-G",1457.0,negotiated_dollar,904.07,reliable
"Northside Hospital Atlanta",json,"Cardiac Stress Test","STRESS TEST TREADMILL OR PHARM","","",outpatient,UHC,"UHC HMO/POS/PPO-T",1457.0,negotiated_dollar,904.07,reliable
"Northside Hospital Atlanta",json,"Cardiac Stress Test","STRESS TEST TREADMILL OR PHARM","","",outpatient,Centene,"Peach State Medicare",1457.0,negotiated_dollar,298.21,reliable
"Northside Hospital Atlanta",json,"Cardiac Stress Test","STRESS TEST TREADMILL OR PHARM","","",outpatient,PHCS,PHCS,1457.0,negotiated_dollar,1092.75,reliable
"Northside Hospital Atlanta",json,"Cardiac Stress Test","STRESS TEST TREADMILL OR PHARM","","",outpatient,"Quick Trip","Quick Trip",1457.0,negotiated_dollar,801.35,reliable
"Northside Hospital Atlanta",json,"Cardiac Stress Test","STRESS TEST TREADMILL OR PHARM","","",outpatient,"Rabun County BOC","Rabun County BOC",1457.0,negotiated_dollar,1457.0,reliable
"Northside Hospital Atlanta",json,"Cardiac Stress Test","STRESS TEST TREADMILL OR PHARM","","",outpatient,Spreemo,Spreemo,1457.0,negotiated_dollar,652.57,reliable
"Northside Hospital Atlanta",json,"Cardiac Stress Test","STRESS TEST TREADMILL OR PHARM","","",outpatient,"Streamline Imaging","Streamline Imaging",1457.0,negotiated_dollar,734.14,reliable
"Northside Hospital Atlanta",json,"Cardiac Stress Test","STRESS TEST TREADMILL OR PHARM","","",outpatient,Tricare,Tricare,1457.0,negotiated_dollar,219.32,reliable
"Northside Hospital Atlanta",json,"Cardiac Stress Test","STRESS TEST TREADMILL OR PHARM","","",outpatient,"Truths Community","Truths Community",1457.0,negotiated_dollar,312.0,reliable
"Northside Hospital Atlanta",json,"Cardiac Stress Test","STRESS TEST TREADMILL OR PHARM","","",outpatient,UHC,"UHC GA Individual Exchange",1457.0,negotiated_dollar,767.84,reliable
"Northside Hospital Atlanta",json,"Cardiac Stress Test","STRESS TEST EXERCISE  /OR PHARM","","",outpatient,Wellcare,"Wellcare Medicare Advantage",1457.0,negotiated_dollar,222.28,reliable
"Northside Hospital Atlanta",json,"Cardiac Stress Test","STRESS TEST EXERCISE  /OR PHARM","","",outpatient,Aetna,"Aetna Medicare",1457.0,negotiated_dollar,220.13,reliable
"Northside Hospital Atlanta",json,"Cardiac Stress Test","STRESS TEST EXERCISE  /OR PHARM","","",outpatient,BCBS,"BCBS Medicare Advantage",1457.0,negotiated_dollar,215.81,reliable
"Northside Hospital Atlanta",json,"Cardiac Stress Test","STRESS TEST EXERCISE  /OR PHARM","","",outpatient,Medicare,Medicare,1457.0,negotiated_dollar,215.81,reliable
"Northside Hospital Atlanta",json,"Cardiac Stress Test","STRESS TEST EXERCISE  /OR PHARM","","",outpatient,"CLEAR SPRINGS EON HEALTH","CLEAR SPRINGS EON HEALTH",1457.0,negotiated_dollar,215.81,reliable
"Northside Hospital Atlanta",json,"Cardiac Stress Test","STRESS TEST EXERCISE  /OR PHARM","","",outpatient,"VA CCN","VA CCN",1457.0,negotiated_dollar,215.81,reliable
"Northside Hospital Atlanta",json,"Cardiac Stress Test","STRESS TEST EXERCISE  /OR PHARM","","",outpatient,"Pruitt Health Premier","Pruitt Health Premier",1457.0,negotiated_dollar,226.6,reliable
"Northside Hospital Atlanta",json,"Cardiac Stress Test","STRESS TEST EXERCISE  /OR PHARM","","",outpatient,UHC,"UHC Medicare",1457.0,negotiated_dollar,215.81,reliable
"Northside Hospital Atlanta",json,"Cardiac Stress Test","STRESS TEST EXERCISE  /OR PHARM","","",outpatient,"US Dept of Labor WC","US Dept of Labor WC",1457.0,negotiated_dollar,274.15,reliable
"Northside Hospital Atlanta",json,"Cardiac Stress Test","STRESS TEST EXERCISE  /OR PHARM","","",outpatient,BCBS,"BCBS Medicare Advantage-P",1457.0,negotiated_dollar,215.81,reliable
"Northside Hospital Atlanta",json,"Cardiac Stress Test","STRESS TEST EXERCISE  /OR PHARM","","",outpatient,BCCP,BCCP,1457.0,negotiated_dollar,219.32,reliable
"Northside Hospital Atlanta",json,"Cardiac Stress Test","STRESS TEST EXERCISE  /OR PHARM","","",outpatient,CareSource,"CareSource Medicare Advantage",1457.0,negotiated_dollar,222.28,reliable
"Northside Hospital Atlanta",json,"Cardiac Stress Test","STRESS TEST EXERCISE  /OR PHARM","","",outpatient,CBWW,CBWW,1457.0,negotiated_dollar,219.32,reliable
"Northside Hospital Atlanta",json,"Cardiac Stress Test","STRESS TEST EXERCISE  /OR PHARM","","",outpatient,"Clover Health","Clover Health",1457.0,negotiated_dollar,226.56,reliable
"Northside Hospital Atlanta",json,"Cardiac Stress Test","STRESS TEST EXERCISE  /OR PHARM","","",outpatient,Coventry,"Coventry Medicare",1457.0,negotiated_dollar,220.13,reliable
"Northside Hospital Atlanta",json,"Cardiac Stress Test","STRESS TEST EXERCISE  /OR PHARM","","",outpatient,"Devoted Medicare Advantage","Devoted Medicare Advantage",1457.0,negotiated_dollar,226.6,reliable
"Northside Hospital Atlanta",json,"Cardiac Stress Test","STRESS TEST EXERCISE  /OR PHARM","","",outpatient,"Fairly Group","Fairly Group",1457.0,negotiated_dollar,248.05,reliable
"Northside Hospital Atlanta",json,"Cardiac Stress Test","STRESS TEST EXERCISE  /OR PHARM","","",outpatient,Humana,"Humana Medicare Advantage HMO",1457.0,negotiated_dollar,217.97,reliable
"Northside Hospital Atlanta",json,"Cardiac Stress Test","STRESS TEST EXERCISE  /OR PHARM","","",outpatient,Humana,"Humana Medicare Advantage PPO",1457.0,negotiated_dollar,224.44,reliable
"Northside Hospital Atlanta",json,"Cardiac Stress Test","STRESS TEST EXERCISE  /OR PHARM","","",outpatient,"Institutional 100 Percent of Medicare","Institutional 100 Percent of Medicare",1457.0,negotiated_dollar,215.81,reliable
"Northside Hospital Atlanta",json,"Cardiac Stress Test","STRESS TEST EXERCISE  /OR PHARM","","",outpatient,"Institutional 110 Percent of Medicare","Institutional 110 Percent of Medicare",1457.0,negotiated_dollar,241.25,reliable
"Northside Hospital Atlanta",json,"Cardiac Stress Test","STRESS TEST EXERCISE  /OR PHARM","","",outpatient,"Institutional 120 Percent of Medicare","Institutional 120 Percent of Medicare",1457.0,negotiated_dollar,263.18,reliable
"Northside Hospital Atlanta",json,"Cardiac Stress Test","STRESS TEST EXERCISE  /OR PHARM","","",outpatient,Kaiser,"Kaiser Medicare Advantage",1457.0,negotiated_dollar,222.28,reliable
"Northside Hospital Atlanta",json,"Cardiac Stress Test","STRESS TEST EXERCISE  /OR PHARM","","",inpatient,Coventry,"First Health and Coventry National",1457.0,negotiated_dollar,990.76,reliable
"Northside Hospital Atlanta",json,"Cardiac Stress Test","STRESS TEST EXERCISE  /OR PHARM","","",inpatient,"Georgia Reproductive Specialists","Georgia Reproductive Specialists (SGF)",1457.0,negotiated_dollar,582.8,reliable
"Northside Hospital Atlanta",json,"Cardiac Stress Test","STRESS TEST EXERCISE  /OR PHARM","","",inpatient,Multiplan,"Multiplan PPO",1457.0,negotiated_dollar,1238.45,reliable
"Northside Hospital Atlanta",json,"Cardiac Stress Test","STRESS TEST EXERCISE  /OR PHARM","","",inpatient,"Multiplan Workers Comp","Multiplan Workers Comp",1457.0,negotiated_dollar,1238.45,reliable
"Northside Hospital Atlanta",json,"Cardiac Stress Test","STRESS TEST EXERCISE  /OR PHARM","","",inpatient,NovaNet_PPO,NovaNet_PPO,1457.0,negotiated_dollar,1019.9,reliable
"Northside Hospital Atlanta",json,"Cardiac Stress Test","STRESS TEST EXERCISE  /OR PHARM","","",inpatient,"Quick Trip","Quick Trip",1457.0,negotiated_dollar,801.35,reliable
"Northside Hospital Atlanta",json,"Cardiac Stress Test","STRESS TEST EXERCISE  /OR PHARM","","",inpatient,"Rabun County BOC","Rabun County BOC",1457.0,negotiated_dollar,1457.0,reliable
"Northside Hospital Atlanta",json,"Cardiac Stress Test","STRESS TEST EXERCISE  /OR PHARM","","",inpatient,BCBS,"BCBS PRUDT BUYER",1457.0,negotiated_dollar,1015.53,reliable
"Northside Hospital Atlanta",json,"Cardiac Stress Test","STRESS TEST EXERCISE  /OR PHARM","","",inpatient,"Beech Steet","Beech Street",1457.0,negotiated_dollar,1238.45,reliable
"Northside Hospital Atlanta",json,"Cardiac Stress Test","STRESS TEST EXERCISE  /OR PHARM","","",inpatient,CareIQ,CareIQ,1457.0,negotiated_dollar,1457.0,reliable
"Northside Hospital Atlanta",json,"Cardiac Stress Test","STRESS TEST EXERCISE  /OR PHARM","","",inpatient,CareSource,"CareSource MarketPlace",1457.0,negotiated_dollar,542.0,reliable
"Northside Hospital Atlanta",json,"Cardiac Stress Test","STRESS TEST EXERCISE  /OR PHARM","","",inpatient,"Dekalb_Department of Health","Dekalb_Department of Health",1457.0,negotiated_dollar,1457.0,reliable
"Northside Hospital Atlanta",json,"Cardiac Stress Test","STRESS TEST EXERCISE  /OR PHARM","","",inpatient,FIFA,FIFA,1457.0,negotiated_dollar,1457.0,reliable
"Northside Hospital Atlanta",json,"Cardiac Stress Test","STRESS TEST EXERCISE  /OR PHARM","","",outpatient,Aetna,"Aetna HMO/POS/PPO",1457.0,negotiated_dollar,990.76,reliable
"Northside Hospital Atlanta",json,"Cardiac Stress Test","STRESS TEST EXERCISE  /OR PHARM","","",outpatient,Aetna,"Aetna HMO/POS/PPO-G",1457.0,negotiated_dollar,990.76,reliable
"Northside Hospital Atlanta",json,"Cardiac Stress Test","STRESS TEST EXERCISE  /OR PHARM","","",outpatient,Aetna,"Aetna HMO/POS/PPO-Q",1457.0,negotiated_dollar,990.76,reliable
"Northside Hospital Atlanta",json,"Cardiac Stress Test","STRESS TEST EXERCISE  /OR PHARM","","",outpatient,Aetna,"Aetna Whole Health",1457.0,negotiated_dollar,728.5,reliable
"Northside Hospital Atlanta",json,"Cardiac Stress Test","STRESS TEST EXERCISE  /OR PHARM","","",outpatient,Aetna,"Aetna Whole Health-G",1457.0,negotiated_dollar,728.5,reliable
"Northside Hospital Atlanta",json,"Cardiac Stress Test","STRESS TEST EXERCISE  /OR PHARM","","",outpatient,Centene,"Ambetter PAR",1457.0,negotiated_dollar,684.79,reliable
"Northside Hospital Atlanta",json,"Cardiac Stress Test","STRESS TEST EXERCISE  /OR PHARM","","",outpatient,"Med Care Solutions","Med Care Solutions",1457.0,negotiated_dollar,655.65,reliable
"Northside Hospital Atlanta",json,"Cardiac Stress Test","STRESS TEST EXERCISE  /OR PHARM","","",outpatient,"MedLien Healthcare Services","MedLien Healthcare Services",1457.0,negotiated_dollar,582.8,reliable
"Northside Hospital Atlanta",json,"Cardiac Stress Test","STRESS TEST EXERCISE  /OR PHARM","","",outpatient,MTI,MTI,1457.0,negotiated_dollar,62.0,reliable
"Northside Hospital Atlanta",json,"Cardiac Stress Test","STRESS TEST EXERCISE  /OR PHARM","","",outpatient,Multiplan,"Multiplan PPO",1457.0,negotiated_dollar,1238.45,reliable
"Northside Hospital Atlanta",json,"Cardiac Stress Test","STRESS TEST EXERCISE  /OR PHARM","","",outpatient,"Multiplan Workers Comp","Multiplan Workers Comp",1457.0,negotiated_dollar,1238.45,reliable
"Northside Hospital Atlanta",json,"Cardiac Stress Test","STRESS TEST EXERCISE  /OR PHARM","","",outpatient,"Northside Health Network","Northside Health Network",1457.0,negotiated_dollar,903.34,reliable
"Northside Hospital Atlanta",json,"Cardiac Stress Test","STRESS TEST EXERCISE  /OR PHARM","","",outpatient,"Northside Health Network","Northside Health Network-S",1457.0,negotiated_dollar,903.34,reliable
"Northside Hospital Atlanta",json,"Cardiac Stress Test","STRESS TEST EXERCISE  /OR PHARM","","",outpatient,Amerigroup,"Amerigroup Medicaid",1457.0,negotiated_dollar,264.73,reliable
"Northside Hospital Atlanta",json,"Cardiac Stress Test","STRESS TEST EXERCISE  /OR PHARM","","",outpatient,"Georgia Workers Compensation","Georgia Workers Comp",1457.0,negotiated_dollar,815.71,reliable
"Northside Hospital Atlanta",json,"Cardiac Stress Test","STRESS TEST EXERCISE  /OR PHARM","","",outpatient,"Health One Alliance_PPO","Health One Alliance_PPO",1457.0,negotiated_dollar,801.35,reliable
"Northside Hospital Atlanta",json,"Cardiac Stress Test","STRESS TEST EXERCISE  /OR PHARM","","",outpatient,HomeLink,HomeLink,1457.0,negotiated_dollar,65.88,reliable
"Northside Hospital Atlanta",json,"Cardiac Stress Test","STRESS TEST EXERCISE  /OR PHARM","","",outpatient,Amerigroup,"Amerigroup Medicare Advantage",1457.0,negotiated_dollar,235.58,reliable
"Northside Hospital Atlanta",json,"Cardiac Stress Test","STRESS TEST EXERCISE  /OR PHARM","","",outpatient,"Authentic 4D","Authentic 4D",1457.0,negotiated_dollar,734.14,reliable
"Northside Hospital Atlanta",json,"Cardiac Stress Test","STRESS TEST EXERCISE  /OR PHARM","","",outpatient,BCBS,"BCBS PRUDT BUYER",1457.0,negotiated_dollar,1015.53,reliable
"Northside Hospital Atlanta",json,"Cardiac Stress Test","STRESS TEST EXERCISE  /OR PHARM","","",outpatient,BCBS,BCBS_HMO,1457.0,negotiated_dollar,814.46,reliable
"Northside Hospital Atlanta",json,"Cardiac Stress Test","STRESS TEST EXERCISE  /OR PHARM","","",outpatient,BCBS,BCBS_HMO-L,1457.0,negotiated_dollar,814.46,reliable
"Northside Hospital Atlanta",json,"Cardiac Stress Test","STRESS TEST EXERCISE  /OR PHARM","","",outpatient,Kaiser,"Kaiser Dual Choice PPO-THOR SURG",1457.0,negotiated_dollar,1267.59,reliable
"Northside Hospital Atlanta",json,"Cardiac Stress Test","STRESS TEST EXERCISE  /OR PHARM","","",outpatient,Kaiser,"Kaiser Dual Choice PPO-VASC SURG",1457.0,negotiated_dollar,1267.59,reliable
"Northside Hospital Atlanta",json,"Cardiac Stress Test","STRESS TEST EXERCISE  /OR PHARM","","",outpatient,Kaiser,Kaiser_HMO,1457.0,negotiated_dollar,947.05,reliable
"Northside Hospital Atlanta",json,"Cardiac Stress Test","STRESS TEST EXERCISE  /OR PHARM","","",outpatient,BCBS,BCBS_PATHWAY,1457.0,negotiated_dollar,407.09,reliable
"Northside Hospital Atlanta",json,"Cardiac Stress Test","STRESS TEST EXERCISE  /OR PHARM","","",outpatient,BCBS,BCBS_PATHWAY-L,1457.0,negotiated_dollar,407.09,reliable
"Northside Hospital Atlanta",json,"Cardiac Stress Test","STRESS TEST EXERCISE  /OR PHARM","","",outpatient,NovaNet_PPO,NovaNet_PPO,1457.0,negotiated_dollar,1019.9,reliable
"Northside Hospital Atlanta",json,"Cardiac Stress Test","STRESS TEST EXERCISE  /OR PHARM","","",outpatient,"One Call Diagnostics","One Call Diagnostics",1457.0,negotiated_dollar,62.0,reliable
"Northside Hospital Atlanta",json,"Cardiac Stress Test","STRESS TEST EXERCISE  /OR PHARM","","",outpatient,Oscar,Oscar,1457.0,negotiated_dollar,684.79,reliable
"Northside Hospital Atlanta",json,"Cardiac Stress Test","STRESS TEST EXERCISE  /OR PHARM","","",outpatient,BCBS,BCBS_PPO,1457.0,negotiated_dollar,968.91,reliable
"Northside Hospital Atlanta",json,"Cardiac Stress Test","STRESS TEST EXERCISE  /OR PHARM","","",outpatient,BCBS,BCBS_PPO-L,1457.0,negotiated_dollar,968.91,reliable
"Northside Hospital Atlanta",json,"Cardiac Stress Test","STRESS TEST EXERCISE  /OR PHARM","","",outpatient,"Beech Steet","Beech Street",1457.0,negotiated_dollar,1238.45,reliable
"Northside Hospital Atlanta",json,"Cardiac Stress Test","STRESS TEST EXERCISE  /OR PHARM","","",outpatient,Kaiser,Kaiser_HMO-AGA,1457.0,negotiated_dollar,947.05,reliable
"Northside Hospital Atlanta",json,"Cardiac Stress Test","STRESS TEST EXERCISE  /OR PHARM","","",outpatient,Kaiser,Kaiser_HMO-BARIATRIC,1457.0,negotiated_dollar,947.05,reliable
"Northside Hospital Atlanta",json,"Cardiac Stress Test","STRESS TEST EXERCISE  /OR PHARM","","",outpatient,BCBS,"Blue HPN",1457.0,negotiated_dollar,629.86,reliable
"Northside Hospital Atlanta",json,"Cardiac Stress Test","STRESS TEST EXERCISE  /OR PHARM","","",outpatient,BCBS,"Blue HPN-L",1457.0,negotiated_dollar,629.86,reliable
"Northside Hospital Atlanta",json,"Cardiac Stress Test","STRESS TEST EXERCISE  /OR PHARM","","",outpatient,CareIQ,CareIQ,1457.0,negotiated_dollar,1457.0,reliable
"Northside Hospital Atlanta",json,"Cardiac Stress Test","STRESS TEST EXERCISE  /OR PHARM","","",outpatient,"Fieldale Farms WC","Fieldale Farms WC",1457.0,negotiated_dollar,815.71,reliable
"Northside Hospital Atlanta",json,"Cardiac Stress Test","STRESS TEST EXERCISE  /OR PHARM","","",outpatient,FIFA,FIFA,1457.0,negotiated_dollar,1457.0,reliable
"Northside Hospital Atlanta",json,"Cardiac Stress Test","STRESS TEST EXERCISE  /OR PHARM","","",outpatient,Coventry,"First Health and Coventry National",1457.0,negotiated_dollar,874.2,reliable
"Northside Hospital Atlanta",json,"Cardiac Stress Test","STRESS TEST EXERCISE  /OR PHARM","","",outpatient,"Genex/Priority Care Solutions","Genex/Priority Care Solutions",1457.0,negotiated_dollar,652.57,reliable
"Northside Hospital Atlanta",json,"Cardiac Stress Test","STRESS TEST EXERCISE  /OR PHARM","","",outpatient,"Georgia Reproductive Specialists","Georgia Reproductive Specialists (SGF)",1457.0,negotiated_dollar,582.8,reliable
"Northside Hospital Atlanta",json,"Cardiac Stress Test","STRESS TEST EXERCISE  /OR PHARM","","",outpatient,CareSource,CareSource,1457.0,negotiated_dollar,272.67,reliable
"Northside Hospital Atlanta",json,"Cardiac Stress Test","STRESS TEST EXERCISE  /OR PHARM","","",outpatient,CareSource,"CareSource MarketPlace",1457.0,negotiated_dollar,542.0,reliable
"Northside Hospital Atlanta",json,"Cardiac Stress Test","STRESS TEST EXERCISE  /OR PHARM","","",outpatient,"CHAMPUS VA","CHAMPUS VA",1457.0,negotiated_dollar,37.17,reliable
"Northside Hospital Atlanta",json,"Cardiac Stress Test","STRESS TEST EXERCISE  /OR PHARM","","",outpatient,Kaiser,Kaiser_HMO-GCS,1457.0,negotiated_dollar,947.05,reliable
"Northside Hospital Atlanta",json,"Cardiac Stress Test","STRESS TEST EXERCISE  /OR PHARM","","",outpatient,Kaiser,Kaiser_HMO-GPG/NOAS,1457.0,negotiated_dollar,947.05,reliable
"Northside Hospital Atlanta",json,"Cardiac Stress Test","STRESS TEST EXERCISE  /OR PHARM","","",outpatient,Kaiser,Kaiser_HMO-GYNONC,1457.0,negotiated_dollar,947.05,reliable
"Northside Hospital Atlanta",json,"Cardiac Stress Test","STRESS TEST EXERCISE  /OR PHARM","","",outpatient,Cigna,Cigna,1457.0,negotiated_dollar,917.91,reliable
"Northside Hospital Atlanta",json,"Cardiac Stress Test","STRESS TEST EXERCISE  /OR PHARM","","",outpatient,Cigna,Cigna-G,1457.0,negotiated_dollar,917.91,reliable
"Northside Hospital Atlanta",json,"Cardiac Stress Test","STRESS TEST EXERCISE  /OR PHARM","","",outpatient,Cigna,Cigna-H,1457.0,negotiated_dollar,917.91,reliable
"Northside Hospital Atlanta",json,"Cardiac Stress Test","STRESS TEST EXERCISE  /OR PHARM","","",outpatient,Kaiser,Kaiser_HMO-MELANOMA,1457.0,negotiated_dollar,947.05,reliable
"Northside Hospital Atlanta",json,"Cardiac Stress Test","STRESS TEST EXERCISE  /OR PHARM","","",outpatient,Kaiser,Kaiser_HMO-NAPS/CVG/NPCPS/UPS,1457.0,negotiated_dollar,947.05,reliable
"Northside Hospital Atlanta",json,"Cardiac Stress Test","STRESS TEST EXERCISE  /OR PHARM","","",outpatient,Kaiser,"Kaiser_HMO-VASC SURG",1457.0,negotiated_dollar,947.05,reliable
"Northside Hospital Atlanta",json,"Cardiac Stress Test","STRESS TEST EXERCISE  /OR PHARM","","",outpatient,Cigna,Cigna-L,1457.0,negotiated_dollar,917.91,reliable
"Northside Hospital Atlanta",json,"Cardiac Stress Test","STRESS TEST EXERCISE  /OR PHARM","","",outpatient,Cigna,"CIGNA HealthSprings Medicare Advantage",1457.0,negotiated_dollar,237.85,reliable
"Northside Hospital Atlanta",json,"Cardiac Stress Test","STRESS TEST EXERCISE  /OR PHARM","","",outpatient,"Corvel Workers Comp","Corvel Workers Comp",1457.0,negotiated_dollar,774.92,reliable
"Northside Hospital Atlanta",json,"Cardiac Stress Test","STRESS TEST EXERCISE  /OR PHARM","","",outpatient,"Dekalb_Department of Health","Dekalb_Department of Health",1457.0,negotiated_dollar,1457.0,reliable
"Northside Hospital Atlanta",json,"Cardiac Stress Test","STRESS TEST EXERCISE  /OR PHARM","","",outpatient,"Employers Choice Network","Employers Choice Network",1457.0,negotiated_dollar,774.92,reliable
"Northside Hospital Atlanta",json,"Cardiac Stress Test","STRESS TEST EXERCISE  /OR PHARM","","",outpatient,"Institutional 115 Percent_Georgia Medicaid","Institutional 115 Percent_Georgia Medicaid",1457.0,negotiated_dollar,304.44,reliable
"Northside Hospital Atlanta",json,"Cardiac Stress Test","STRESS TEST EXERCISE  /OR PHARM","","",outpatient,"Institutional GA Medicaid","Institutional GA Medicaid",1457.0,negotiated_dollar,264.73,reliable
"Northside Hospital Atlanta",json,"Cardiac Stress Test","STRESS TEST EXERCISE  /OR PHARM","","",outpatient,"Institutional Marietta Surgery Center","Institutional Marietta Surgery Center",1457.0,negotiated_dollar,1457.0,reliable
"Northside Hospital Atlanta",json,"Cardiac Stress Test","STRESS TEST EXERCISE  /OR PHARM","","",outpatient,"Institutional Veterans Evaluation Services","Institutional Veterans Evaluation Services",1457.0,negotiated_dollar,1457.0,reliable
"Northside Hospital Atlanta",json,"Cardiac Stress Test","STRESS TEST EXERCISE  /OR PHARM","","",outpatient,Kaiser,"Kaiser Dual Choice PPO",1457.0,negotiated_dollar,1267.59,reliable
"Northside Hospital Atlanta",json,"Cardiac Stress Test","STRESS TEST EXERCISE  /OR PHARM","","",outpatient,Kaiser,"Kaiser Dual Choice PPO-AGA",1457.0,negotiated_dollar,1267.59,reliable
"Northside Hospital Atlanta",json,"Cardiac Stress Test","STRESS TEST EXERCISE  /OR PHARM","","",outpatient,Kaiser,"Kaiser Dual Choice PPO-BARIATRIC",1457.0,negotiated_dollar,1267.59,reliable
"Northside Hospital Atlanta",json,"Cardiac Stress Test","STRESS TEST EXERCISE  /OR PHARM","","",outpatient,Kaiser,"Kaiser Dual Choice PPO-GCS",1457.0,negotiated_dollar,1267.59,reliable
"Northside Hospital Atlanta",json,"Cardiac Stress Test","STRESS TEST EXERCISE  /OR PHARM","","",outpatient,Kaiser,"Kaiser Dual Choice PPO-GPG/NOAS",1457.0,negotiated_dollar,1267.59,reliable
"Northside Hospital Atlanta",json,"Cardiac Stress Test","STRESS TEST EXERCISE  /OR PHARM","","",outpatient,Kaiser,"Kaiser Dual Choice PPO-GYNONC",1457.0,negotiated_dollar,1267.59,reliable
"Northside Hospital Atlanta",json,"Cardiac Stress Test","STRESS TEST EXERCISE  /OR PHARM","","",outpatient,Kaiser,"Kaiser Dual Choice PPO-MELANOMA",1457.0,negotiated_dollar,1267.59,reliable
"Northside Hospital Atlanta",json,"Cardiac Stress Test","STRESS TEST EXERCISE  /OR PHARM","","",outpatient,Kaiser,"Kaiser Dual Choice PPO-NAPS/CVG/NPCPS/UPS",1457.0,negotiated_dollar,1267.59,reliable
"Northside Hospital Atlanta",json,"Cardiac Stress Test","STRESS TEST EXERCISE  /OR PHARM","","",outpatient,Kaiser,Kaiser_SF,1457.0,negotiated_dollar,947.05,reliable
"Northside Hospital Atlanta",json,"Cardiac Stress Test","STRESS TEST EXERCISE  /OR PHARM","","",outpatient,Kaiser,Kaiser_SF-AGA,1457.0,negotiated_dollar,947.05,reliable
"Northside Hospital Atlanta",json,"Cardiac Stress Test","STRESS TEST EXERCISE  /OR PHARM","","",outpatient,Kaiser,Kaiser_SF-BARIATRIC,1457.0,negotiated_dollar,947.05,reliable
"Northside Hospital Atlanta",json,"Cardiac Stress Test","STRESS TEST EXERCISE  /OR PHARM","","",outpatient,Kaiser,Kaiser_SF-GCS,1457.0,negotiated_dollar,947.05,reliable
"Northside Hospital Atlanta",json,"Cardiac Stress Test","STRESS TEST EXERCISE  /OR PHARM","","",outpatient,Kaiser,Kaiser_SF-GPG/NOAS,1457.0,negotiated_dollar,947.05,reliable
"Northside Hospital Atlanta",json,"Cardiac Stress Test","STRESS TEST EXERCISE  /OR PHARM","","",outpatient,Kaiser,Kaiser_SF-GYNONC,1457.0,negotiated_dollar,947.05,reliable
"Northside Hospital Atlanta",json,"Cardiac Stress Test","STRESS TEST EXERCISE  /OR PHARM","","",outpatient,Kaiser,Kaiser_SF-MELANOMA,1457.0,negotiated_dollar,947.05,reliable
"Northside Hospital Atlanta",json,"Cardiac Stress Test","STRESS TEST EXERCISE  /OR PHARM","","",outpatient,Kaiser,Kaiser_SF-NAPS/CVG/NPCPS/UPS,1457.0,negotiated_dollar,947.05,reliable
"Northside Hospital Atlanta",json,"Cardiac Stress Test","STRESS TEST EXERCISE  /OR PHARM","","",outpatient,Kaiser,"Kaiser_SF-THOR SURG",1457.0,negotiated_dollar,947.05,reliable
"Northside Hospital Atlanta",json,"Cardiac Stress Test","STRESS TEST EXERCISE  /OR PHARM","","",outpatient,Kaiser,"Kaiser_SF-VASC SURG",1457.0,negotiated_dollar,947.05,reliable
"Northside Hospital Atlanta",json,"Cardiac Stress Test","STRESS TEST EXERCISE  /OR PHARM","","",outpatient,"Truths Community","Truths Community",1457.0,negotiated_dollar,312.0,reliable
"Northside Hospital Atlanta",json,"Cardiac Stress Test","STRESS TEST EXERCISE  /OR PHARM","","",outpatient,UHC,"UHC GA Individual Exchange",1457.0,negotiated_dollar,767.84,reliable
"Northside Hospital Atlanta",json,"Cardiac Stress Test","STRESS TEST EXERCISE  /OR PHARM","","",outpatient,UHC,"UHC Heritage Select",1457.0,negotiated_dollar,1030.1,reliable
"Northside Hospital Atlanta",json,"Cardiac Stress Test","STRESS TEST EXERCISE  /OR PHARM","","",outpatient,UHC,"UHC HMO/POS/PPO",1457.0,negotiated_dollar,904.07,reliable
"Northside Hospital Atlanta",json,"Cardiac Stress Test","STRESS TEST EXERCISE  /OR PHARM","","",outpatient,UHC,"UHC HMO/POS/PPO-G",1457.0,negotiated_dollar,904.07,reliable
"Northside Hospital Atlanta",json,"Cardiac Stress Test","STRESS TEST EXERCISE  /OR PHARM","","",outpatient,UHC,"UHC HMO/POS/PPO-T",1457.0,negotiated_dollar,904.07,reliable
"Northside Hospital Atlanta",json,"Cardiac Stress Test","STRESS TEST EXERCISE  /OR PHARM","","",outpatient,Centene,"Peach State Medicaid",1457.0,negotiated_dollar,264.73,reliable
"Northside Hospital Atlanta",json,"Cardiac Stress Test","STRESS TEST EXERCISE  /OR PHARM","","",outpatient,Centene,"Peach State Medicare",1457.0,negotiated_dollar,298.21,reliable
"Northside Hospital Atlanta",json,"Cardiac Stress Test","STRESS TEST EXERCISE  /OR PHARM","","",outpatient,PHCS,PHCS,1457.0,negotiated_dollar,1092.75,reliable
"Northside Hospital Atlanta",json,"Cardiac Stress Test","STRESS TEST EXERCISE  /OR PHARM","","",outpatient,"Quick Trip","Quick Trip",1457.0,negotiated_dollar,801.35,reliable
"Northside Hospital Atlanta",json,"Cardiac Stress Test","STRESS TEST EXERCISE  /OR PHARM","","",outpatient,"Rabun County BOC","Rabun County BOC",1457.0,negotiated_dollar,1457.0,reliable
"Northside Hospital Atlanta",json,"Cardiac Stress Test","STRESS TEST EXERCISE  /OR PHARM","","",outpatient,Spreemo,Spreemo,1457.0,negotiated_dollar,652.57,reliable
"Northside Hospital Atlanta",json,"Cardiac Stress Test","STRESS TEST EXERCISE  /OR PHARM","","",outpatient,"Streamline Imaging","Streamline Imaging",1457.0,negotiated_dollar,734.14,reliable
"Northside Hospital Atlanta",json,"Cardiac Stress Test","STRESS TEST EXERCISE  /OR PHARM","","",outpatient,Tricare,Tricare,1457.0,negotiated_dollar,219.32,reliable
"Northside Hospital Atlanta",json,"Cardiac Stress Test","STRESS TEST EXERCISE  /OR RX","","",outpatient,"US Dept of Labor WC","US Dept of Labor WC",1457.0,negotiated_dollar,274.15,reliable
"Northside Hospital Atlanta",json,"Cardiac Stress Test","STRESS TEST EXERCISE  /OR RX","","",outpatient,Wellcare,"Wellcare Medicare Advantage",1457.0,negotiated_dollar,222.28,reliable
"Northside Hospital Atlanta",json,"Cardiac Stress Test","STRESS TEST EXERCISE  /OR RX","","",outpatient,"Pruitt Health Premier","Pruitt Health Premier",1457.0,negotiated_dollar,226.6,reliable
"Northside Hospital Atlanta",json,"Cardiac Stress Test","STRESS TEST EXERCISE  /OR RX","","",outpatient,Aetna,"Aetna Medicare",1457.0,negotiated_dollar,220.13,reliable
"Northside Hospital Atlanta",json,"Cardiac Stress Test","STRESS TEST EXERCISE  /OR RX","","",outpatient,BCBS,"BCBS Medicare Advantage",1457.0,negotiated_dollar,215.81,reliable
"Northside Hospital Atlanta",json,"Cardiac Stress Test","STRESS TEST EXERCISE  /OR RX","","",outpatient,BCBS,"BCBS Medicare Advantage-P",1457.0,negotiated_dollar,215.81,reliable
"Northside Hospital Atlanta",json,"Cardiac Stress Test","STRESS TEST EXERCISE  /OR RX","","",outpatient,BCCP,BCCP,1457.0,negotiated_dollar,219.32,reliable
"Northside Hospital Atlanta",json,"Cardiac Stress Test","STRESS TEST EXERCISE  /OR RX","","",outpatient,CareSource,"CareSource Medicare Advantage",1457.0,negotiated_dollar,222.28,reliable
"Northside Hospital Atlanta",json,"Cardiac Stress Test","STRESS TEST EXERCISE  /OR RX","","",outpatient,CBWW,CBWW,1457.0,negotiated_dollar,219.32,reliable
"Northside Hospital Atlanta",json,"Cardiac Stress Test","STRESS TEST EXERCISE  /OR RX","","",outpatient,"Clover Health","Clover Health",1457.0,negotiated_dollar,226.56,reliable
"Northside Hospital Atlanta",json,"Cardiac Stress Test","STRESS TEST EXERCISE  /OR RX","","",outpatient,Coventry,"Coventry Medicare",1457.0,negotiated_dollar,220.13,reliable
"Northside Hospital Atlanta",json,"Cardiac Stress Test","STRESS TEST EXERCISE  /OR RX","","",outpatient,"Devoted Medicare Advantage","Devoted Medicare Advantage",1457.0,negotiated_dollar,226.6,reliable
"Northside Hospital Atlanta",json,"Cardiac Stress Test","STRESS TEST EXERCISE  /OR RX","","",outpatient,"Fairly Group","Fairly Group",1457.0,negotiated_dollar,248.05,reliable
"Northside Hospital Atlanta",json,"Cardiac Stress Test","STRESS TEST EXERCISE  /OR RX","","",outpatient,Humana,"Humana Medicare Advantage HMO",1457.0,negotiated_dollar,217.97,reliable
"Northside Hospital Atlanta",json,"Cardiac Stress Test","STRESS TEST EXERCISE  /OR RX","","",outpatient,Humana,"Humana Medicare Advantage PPO",1457.0,negotiated_dollar,224.44,reliable
"Northside Hospital Atlanta",json,"Cardiac Stress Test","STRESS TEST EXERCISE  /OR RX","","",outpatient,"Institutional 100 Percent of Medicare","Institutional 100 Percent of Medicare",1457.0,negotiated_dollar,215.81,reliable
"Northside Hospital Atlanta",json,"Cardiac Stress Test","STRESS TEST EXERCISE  /OR RX","","",outpatient,"Institutional 110 Percent of Medicare","Institutional 110 Percent of Medicare",1457.0,negotiated_dollar,241.25,reliable
"Northside Hospital Atlanta",json,"Cardiac Stress Test","STRESS TEST EXERCISE  /OR RX","","",outpatient,"Institutional 120 Percent of Medicare","Institutional 120 Percent of Medicare",1457.0,negotiated_dollar,263.18,reliable
"Northside Hospital Atlanta",json,"Cardiac Stress Test","STRESS TEST EXERCISE  /OR RX","","",outpatient,Kaiser,"Kaiser Medicare Advantage",1457.0,negotiated_dollar,222.28,reliable
"Northside Hospital Atlanta",json,"Cardiac Stress Test","STRESS TEST EXERCISE  /OR RX","","",outpatient,Medicare,Medicare,1457.0,negotiated_dollar,215.81,reliable
"Northside Hospital Atlanta",json,"Cardiac Stress Test","STRESS TEST EXERCISE  /OR RX","","",outpatient,"CLEAR SPRINGS EON HEALTH","CLEAR SPRINGS EON HEALTH",1457.0,negotiated_dollar,215.81,reliable
"Northside Hospital Atlanta",json,"Cardiac Stress Test","STRESS TEST EXERCISE  /OR RX","","",outpatient,"VA CCN","VA CCN",1457.0,negotiated_dollar,215.81,reliable
"Northside Hospital Atlanta",json,"Cardiac Stress Test","STRESS TEST EXERCISE  /OR RX","","",outpatient,UHC,"UHC Medicare",1457.0,negotiated_dollar,215.81,reliable
"Northside Hospital Atlanta",json,"Cardiac Stress Test","STRESS TEST EXERCISE  /OR RX","","",inpatient,"Dekalb_Department of Health","Dekalb_Department of Health",1457.0,negotiated_dollar,1457.0,reliable
"Northside Hospital Atlanta",json,"Cardiac Stress Test","STRESS TEST EXERCISE  /OR RX","","",inpatient,FIFA,FIFA,1457.0,negotiated_dollar,1457.0,reliable
"Northside Hospital Atlanta",json,"Cardiac Stress Test","STRESS TEST EXERCISE  /OR RX","","",inpatient,Coventry,"First Health and Coventry National",1457.0,negotiated_dollar,990.76,reliable
"Northside Hospital Atlanta",json,"Cardiac Stress Test","STRESS TEST EXERCISE  /OR RX","","",inpatient,"Georgia Reproductive Specialists","Georgia Reproductive Specialists (SGF)",1457.0,negotiated_dollar,582.8,reliable
"Northside Hospital Atlanta",json,"Cardiac Stress Test","STRESS TEST EXERCISE  /OR RX","","",inpatient,Multiplan,"Multiplan PPO",1457.0,negotiated_dollar,1238.45,reliable
"Northside Hospital Atlanta",json,"Cardiac Stress Test","STRESS TEST EXERCISE  /OR RX","","",inpatient,"Multiplan Workers Comp","Multiplan Workers Comp",1457.0,negotiated_dollar,1238.45,reliable
"Northside Hospital Atlanta",json,"Cardiac Stress Test","STRESS TEST EXERCISE  /OR RX","","",inpatient,NovaNet_PPO,NovaNet_PPO,1457.0,negotiated_dollar,1019.9,reliable
"Northside Hospital Atlanta",json,"Cardiac Stress Test","STRESS TEST EXERCISE  /OR RX","","",inpatient,"Quick Trip","Quick Trip",1457.0,negotiated_dollar,801.35,reliable
"Northside Hospital Atlanta",json,"Cardiac Stress Test","STRESS TEST EXERCISE  /OR RX","","",inpatient,"Rabun County BOC","Rabun County BOC",1457.0,negotiated_dollar,1457.0,reliable
"Northside Hospital Atlanta",json,"Cardiac Stress Test","STRESS TEST EXERCISE  /OR RX","","",inpatient,BCBS,"BCBS PRUDT BUYER",1457.0,negotiated_dollar,1015.53,reliable
"Northside Hospital Atlanta",json,"Cardiac Stress Test","STRESS TEST EXERCISE  /OR RX","","",inpatient,"Beech Steet","Beech Street",1457.0,negotiated_dollar,1238.45,reliable
"Northside Hospital Atlanta",json,"Cardiac Stress Test","STRESS TEST EXERCISE  /OR RX","","",inpatient,CareIQ,CareIQ,1457.0,negotiated_dollar,1457.0,reliable
"Northside Hospital Atlanta",json,"Cardiac Stress Test","STRESS TEST EXERCISE  /OR RX","","",inpatient,CareSource,"CareSource MarketPlace",1457.0,negotiated_dollar,542.0,reliable
"Northside Hospital Atlanta",json,"Cardiac Stress Test","STRESS TEST EXERCISE  /OR RX","","",outpatient,NovaNet_PPO,NovaNet_PPO,1457.0,negotiated_dollar,1019.9,reliable
"Northside Hospital Atlanta",json,"Cardiac Stress Test","STRESS TEST EXERCISE  /OR RX","","",outpatient,"One Call Diagnostics","One Call Diagnostics",1457.0,negotiated_dollar,62.0,reliable
"Northside Hospital Atlanta",json,"Cardiac Stress Test","STRESS TEST EXERCISE  /OR RX","","",outpatient,Oscar,Oscar,1457.0,negotiated_dollar,684.79,reliable
"Northside Hospital Atlanta",json,"Cardiac Stress Test","STRESS TEST EXERCISE  /OR RX","","",outpatient,Aetna,"Aetna HMO/POS/PPO",1457.0,negotiated_dollar,990.76,reliable
"Northside Hospital Atlanta",json,"Cardiac Stress Test","STRESS TEST EXERCISE  /OR RX","","",outpatient,Aetna,"Aetna HMO/POS/PPO-G",1457.0,negotiated_dollar,990.76,reliable
"Northside Hospital Atlanta",json,"Cardiac Stress Test","STRESS TEST EXERCISE  /OR RX","","",outpatient,Aetna,"Aetna HMO/POS/PPO-Q",1457.0,negotiated_dollar,990.76,reliable
"Northside Hospital Atlanta",json,"Cardiac Stress Test","STRESS TEST EXERCISE  /OR RX","","",outpatient,Aetna,"Aetna Whole Health",1457.0,negotiated_dollar,728.5,reliable
"Northside Hospital Atlanta",json,"Cardiac Stress Test","STRESS TEST EXERCISE  /OR RX","","",outpatient,Aetna,"Aetna Whole Health-G",1457.0,negotiated_dollar,728.5,reliable
"Northside Hospital Atlanta",json,"Cardiac Stress Test","STRESS TEST EXERCISE  /OR RX","","",outpatient,Centene,"Ambetter PAR",1457.0,negotiated_dollar,684.79,reliable
"Northside Hospital Atlanta",json,"Cardiac Stress Test","STRESS TEST EXERCISE  /OR RX","","",outpatient,"Employers Choice Network","Employers Choice Network",1457.0,negotiated_dollar,774.92,reliable
"Northside Hospital Atlanta",json,"Cardiac Stress Test","STRESS TEST EXERCISE  /OR RX","","",outpatient,"Fieldale Farms WC","Fieldale Farms WC",1457.0,negotiated_dollar,815.71,reliable
"Northside Hospital Atlanta",json,"Cardiac Stress Test","STRESS TEST EXERCISE  /OR RX","","",outpatient,FIFA,FIFA,1457.0,negotiated_dollar,1457.0,reliable
"Northside Hospital Atlanta",json,"Cardiac Stress Test","STRESS TEST EXERCISE  /OR RX","","",outpatient,Coventry,"First Health and Coventry National",1457.0,negotiated_dollar,874.2,reliable
"Northside Hospital Atlanta",json,"Cardiac Stress Test","STRESS TEST EXERCISE  /OR RX","","",outpatient,"Genex/Priority Care Solutions","Genex/Priority Care Solutions",1457.0,negotiated_dollar,652.57,reliable
"Northside Hospital Atlanta",json,"Cardiac Stress Test","STRESS TEST EXERCISE  /OR RX","","",outpatient,"Georgia Reproductive Specialists","Georgia Reproductive Specialists (SGF)",1457.0,negotiated_dollar,582.8,reliable
"Northside Hospital Atlanta",json,"Cardiac Stress Test","STRESS TEST EXERCISE  /OR RX","","",outpatient,"Georgia Workers Compensation","Georgia Workers Comp",1457.0,negotiated_dollar,815.71,reliable
"Northside Hospital Atlanta",json,"Cardiac Stress Test","STRESS TEST EXERCISE  /OR RX","","",outpatient,Amerigroup,"Amerigroup Medicaid",1457.0,negotiated_dollar,264.73,reliable
"Northside Hospital Atlanta",json,"Cardiac Stress Test","STRESS TEST EXERCISE  /OR RX","","",outpatient,BCBS,BCBS_PATHWAY-L,1457.0,negotiated_dollar,407.09,reliable
"Northside Hospital Atlanta",json,"Cardiac Stress Test","STRESS TEST EXERCISE  /OR RX","","",outpatient,Amerigroup,"Amerigroup Medicare Advantage",1457.0,negotiated_dollar,235.58,reliable
"Northside Hospital Atlanta",json,"Cardiac Stress Test","STRESS TEST EXERCISE  /OR RX","","",outpatient,"Authentic 4D","Authentic 4D",1457.0,negotiated_dollar,734.14,reliable
"Northside Hospital Atlanta",json,"Cardiac Stress Test","STRESS TEST EXERCISE  /OR RX","","",outpatient,BCBS,"BCBS PRUDT BUYER",1457.0,negotiated_dollar,1015.53,reliable
"Northside Hospital Atlanta",json,"Cardiac Stress Test","STRESS TEST EXERCISE  /OR RX","","",outpatient,BCBS,BCBS_HMO,1457.0,negotiated_dollar,814.46,reliable
"Northside Hospital Atlanta",json,"Cardiac Stress Test","STRESS TEST EXERCISE  /OR RX","","",outpatient,BCBS,BCBS_HMO-L,1457.0,negotiated_dollar,814.46,reliable
"Northside Hospital Atlanta",json,"Cardiac Stress Test","STRESS TEST EXERCISE  /OR RX","","",outpatient,BCBS,BCBS_PATHWAY,1457.0,negotiated_dollar,407.09,reliable
"Northside Hospital Atlanta",json,"Cardiac Stress Test","STRESS TEST EXERCISE  /OR RX","","",outpatient,"Health One Alliance_PPO","Health One Alliance_PPO",1457.0,negotiated_dollar,801.35,reliable
"Northside Hospital Atlanta",json,"Cardiac Stress Test","STRESS TEST EXERCISE  /OR RX","","",outpatient,HomeLink,HomeLink,1457.0,negotiated_dollar,65.88,reliable
"Northside Hospital Atlanta",json,"Cardiac Stress Test","STRESS TEST EXERCISE  /OR RX","","",outpatient,Kaiser,"Kaiser Dual Choice PPO-THOR SURG",1457.0,negotiated_dollar,1267.59,reliable
"Northside Hospital Atlanta",json,"Cardiac Stress Test","STRESS TEST EXERCISE  /OR RX","","",outpatient,BCBS,BCBS_PPO,1457.0,negotiated_dollar,968.91,reliable
"Northside Hospital Atlanta",json,"Cardiac Stress Test","STRESS TEST EXERCISE  /OR RX","","",outpatient,BCBS,BCBS_PPO-L,1457.0,negotiated_dollar,968.91,reliable
"Northside Hospital Atlanta",json,"Cardiac Stress Test","STRESS TEST EXERCISE  /OR RX","","",outpatient,"Beech Steet","Beech Street",1457.0,negotiated_dollar,1238.45,reliable
"Northside Hospital Atlanta",json,"Cardiac Stress Test","STRESS TEST EXERCISE  /OR RX","","",outpatient,BCBS,"Blue HPN",1457.0,negotiated_dollar,629.86,reliable
"Northside Hospital Atlanta",json,"Cardiac Stress Test","STRESS TEST EXERCISE  /OR RX","","",outpatient,BCBS,"Blue HPN-L",1457.0,negotiated_dollar,629.86,reliable
"Northside Hospital Atlanta",json,"Cardiac Stress Test","STRESS TEST EXERCISE  /OR RX","","",outpatient,CareIQ,CareIQ,1457.0,negotiated_dollar,1457.0,reliable
"Northside Hospital Atlanta",json,"Cardiac Stress Test","STRESS TEST EXERCISE  /OR RX","","",outpatient,Kaiser,"Kaiser Dual Choice PPO-VASC SURG",1457.0,negotiated_dollar,1267.59,reliable
"Northside Hospital Atlanta",json,"Cardiac Stress Test","STRESS TEST EXERCISE  /OR RX","","",outpatient,Kaiser,Kaiser_HMO,1457.0,negotiated_dollar,947.05,reliable
"Northside Hospital Atlanta",json,"Cardiac Stress Test","STRESS TEST EXERCISE  /OR RX","","",outpatient,Kaiser,Kaiser_SF-GCS,1457.0,negotiated_dollar,947.05,reliable
"Northside Hospital Atlanta",json,"Cardiac Stress Test","STRESS TEST EXERCISE  /OR RX","","",outpatient,Kaiser,Kaiser_SF-GPG/NOAS,1457.0,negotiated_dollar,947.05,reliable
"Northside Hospital Atlanta",json,"Cardiac Stress Test","STRESS TEST EXERCISE  /OR RX","","",outpatient,Kaiser,Kaiser_SF-GYNONC,1457.0,negotiated_dollar,947.05,reliable
"Northside Hospital Atlanta",json,"Cardiac Stress Test","STRESS TEST EXERCISE  /OR RX","","",outpatient,Kaiser,Kaiser_SF-MELANOMA,1457.0,negotiated_dollar,947.05,reliable
"Northside Hospital Atlanta",json,"Cardiac Stress Test","STRESS TEST EXERCISE  /OR RX","","",outpatient,Kaiser,Kaiser_SF-NAPS/CVG/NPCPS/UPS,1457.0,negotiated_dollar,947.05,reliable
"Northside Hospital Atlanta",json,"Cardiac Stress Test","STRESS TEST EXERCISE  /OR RX","","",outpatient,Kaiser,"Kaiser_SF-THOR SURG",1457.0,negotiated_dollar,947.05,reliable
"Northside Hospital Atlanta",json,"Cardiac Stress Test","STRESS TEST EXERCISE  /OR RX","","",outpatient,CareSource,CareSource,1457.0,negotiated_dollar,272.67,reliable
"Northside Hospital Atlanta",json,"Cardiac Stress Test","STRESS TEST EXERCISE  /OR RX","","",outpatient,CareSource,"CareSource MarketPlace",1457.0,negotiated_dollar,542.0,reliable
"Northside Hospital Atlanta",json,"Cardiac Stress Test","STRESS TEST EXERCISE  /OR RX","","",outpatient,"CHAMPUS VA","CHAMPUS VA",1457.0,negotiated_dollar,37.17,reliable
"Northside Hospital Atlanta",json,"Cardiac Stress Test","STRESS TEST EXERCISE  /OR RX","","",outpatient,Cigna,Cigna,1457.0,negotiated_dollar,917.91,reliable
"Northside Hospital Atlanta",json,"Cardiac Stress Test","STRESS TEST EXERCISE  /OR RX","","",outpatient,Cigna,Cigna-G,1457.0,negotiated_dollar,917.91,reliable
"Northside Hospital Atlanta",json,"Cardiac Stress Test","STRESS TEST EXERCISE  /OR RX","","",outpatient,Kaiser,"Kaiser_SF-VASC SURG",1457.0,negotiated_dollar,947.05,reliable
"Northside Hospital Atlanta",json,"Cardiac Stress Test","STRESS TEST EXERCISE  /OR RX","","",outpatient,"Med Care Solutions","Med Care Solutions",1457.0,negotiated_dollar,655.65,reliable
"Northside Hospital Atlanta",json,"Cardiac Stress Test","STRESS TEST EXERCISE  /OR RX","","",outpatient,"MedLien Healthcare Services","MedLien Healthcare Services",1457.0,negotiated_dollar,582.8,reliable
"Northside Hospital Atlanta",json,"Cardiac Stress Test","STRESS TEST EXERCISE  /OR RX","","",outpatient,MTI,MTI,1457.0,negotiated_dollar,62.0,reliable
"Northside Hospital Atlanta",json,"Cardiac Stress Test","STRESS TEST EXERCISE  /OR RX","","",outpatient,Multiplan,"Multiplan PPO",1457.0,negotiated_dollar,1238.45,reliable
"Northside Hospital Atlanta",json,"Cardiac Stress Test","STRESS TEST EXERCISE  /OR RX","","",outpatient,Cigna,Cigna-H,1457.0,negotiated_dollar,917.91,reliable
"Northside Hospital Atlanta",json,"Cardiac Stress Test","STRESS TEST EXERCISE  /OR RX","","",outpatient,Cigna,Cigna-L,1457.0,negotiated_dollar,917.91,reliable
"Northside Hospital Atlanta",json,"Cardiac Stress Test","STRESS TEST EXERCISE  /OR RX","","",outpatient,Cigna,"CIGNA HealthSprings Medicare Advantage",1457.0,negotiated_dollar,237.85,reliable
"Northside Hospital Atlanta",json,"Cardiac Stress Test","STRESS TEST EXERCISE  /OR RX","","",outpatient,"Corvel Workers Comp","Corvel Workers Comp",1457.0,negotiated_dollar,774.92,reliable
"Northside Hospital Atlanta",json,"Cardiac Stress Test","STRESS TEST EXERCISE  /OR RX","","",outpatient,"Dekalb_Department of Health","Dekalb_Department of Health",1457.0,negotiated_dollar,1457.0,reliable
"Northside Hospital Atlanta",json,"Cardiac Stress Test","STRESS TEST EXERCISE  /OR RX","","",outpatient,"Multiplan Workers Comp","Multiplan Workers Comp",1457.0,negotiated_dollar,1238.45,reliable
"Northside Hospital Atlanta",json,"Cardiac Stress Test","STRESS TEST EXERCISE  /OR RX","","",outpatient,"Northside Health Network","Northside Health Network",1457.0,negotiated_dollar,903.34,reliable
"Northside Hospital Atlanta",json,"Cardiac Stress Test","STRESS TEST EXERCISE  /OR RX","","",outpatient,"Northside Health Network","Northside Health Network-S",1457.0,negotiated_dollar,903.34,reliable
"Northside Hospital Atlanta",json,"Cardiac Stress Test","STRESS TEST EXERCISE  /OR RX","","",outpatient,"Institutional 115 Percent_Georgia Medicaid","Institutional 115 Percent_Georgia Medicaid",1457.0,negotiated_dollar,304.44,reliable
"Northside Hospital Atlanta",json,"Cardiac Stress Test","STRESS TEST EXERCISE  /OR RX","","",outpatient,"Institutional GA Medicaid","Institutional GA Medicaid",1457.0,negotiated_dollar,264.73,reliable
"Northside Hospital Atlanta",json,"Cardiac Stress Test","STRESS TEST EXERCISE  /OR RX","","",outpatient,"Institutional Marietta Surgery Center","Institutional Marietta Surgery Center",1457.0,negotiated_dollar,1457.0,reliable
"Northside Hospital Atlanta",json,"Cardiac Stress Test","STRESS TEST EXERCISE  /OR RX","","",outpatient,"Institutional Veterans Evaluation Services","Institutional Veterans Evaluation Services",1457.0,negotiated_dollar,1457.0,reliable
"Northside Hospital Atlanta",json,"Cardiac Stress Test","STRESS TEST EXERCISE  /OR RX","","",outpatient,Kaiser,"Kaiser Dual Choice PPO",1457.0,negotiated_dollar,1267.59,reliable
"Northside Hospital Atlanta",json,"Cardiac Stress Test","STRESS TEST EXERCISE  /OR RX","","",outpatient,Kaiser,"Kaiser Dual Choice PPO-AGA",1457.0,negotiated_dollar,1267.59,reliable
"Northside Hospital Atlanta",json,"Cardiac Stress Test","STRESS TEST EXERCISE  /OR RX","","",outpatient,Kaiser,"Kaiser Dual Choice PPO-BARIATRIC",1457.0,negotiated_dollar,1267.59,reliable
"Northside Hospital Atlanta",json,"Cardiac Stress Test","STRESS TEST EXERCISE  /OR RX","","",outpatient,Kaiser,"Kaiser Dual Choice PPO-GCS",1457.0,negotiated_dollar,1267.59,reliable
"Northside Hospital Atlanta",json,"Cardiac Stress Test","STRESS TEST EXERCISE  /OR RX","","",outpatient,Kaiser,"Kaiser Dual Choice PPO-GPG/NOAS",1457.0,negotiated_dollar,1267.59,reliable
"Northside Hospital Atlanta",json,"Cardiac Stress Test","STRESS TEST EXERCISE  /OR RX","","",outpatient,Kaiser,"Kaiser Dual Choice PPO-GYNONC",1457.0,negotiated_dollar,1267.59,reliable
"Northside Hospital Atlanta",json,"Cardiac Stress Test","STRESS TEST EXERCISE  /OR RX","","",outpatient,Kaiser,"Kaiser Dual Choice PPO-MELANOMA",1457.0,negotiated_dollar,1267.59,reliable
"Northside Hospital Atlanta",json,"Cardiac Stress Test","STRESS TEST EXERCISE  /OR RX","","",outpatient,Kaiser,"Kaiser Dual Choice PPO-NAPS/CVG/NPCPS/UPS",1457.0,negotiated_dollar,1267.59,reliable
"Northside Hospital Atlanta",json,"Cardiac Stress Test","STRESS TEST EXERCISE  /OR RX","","",outpatient,Kaiser,Kaiser_HMO-AGA,1457.0,negotiated_dollar,947.05,reliable
"Northside Hospital Atlanta",json,"Cardiac Stress Test","STRESS TEST EXERCISE  /OR RX","","",outpatient,Kaiser,Kaiser_HMO-BARIATRIC,1457.0,negotiated_dollar,947.05,reliable
"Northside Hospital Atlanta",json,"Cardiac Stress Test","STRESS TEST EXERCISE  /OR RX","","",outpatient,Kaiser,Kaiser_HMO-GCS,1457.0,negotiated_dollar,947.05,reliable
"Northside Hospital Atlanta",json,"Cardiac Stress Test","STRESS TEST EXERCISE  /OR RX","","",outpatient,Kaiser,Kaiser_HMO-GPG/NOAS,1457.0,negotiated_dollar,947.05,reliable
"Northside Hospital Atlanta",json,"Cardiac Stress Test","STRESS TEST EXERCISE  /OR RX","","",outpatient,Kaiser,Kaiser_HMO-GYNONC,1457.0,negotiated_dollar,947.05,reliable
"Northside Hospital Atlanta",json,"Cardiac Stress Test","STRESS TEST EXERCISE  /OR RX","","",outpatient,Kaiser,Kaiser_HMO-MELANOMA,1457.0,negotiated_dollar,947.05,reliable
"Northside Hospital Atlanta",json,"Cardiac Stress Test","STRESS TEST EXERCISE  /OR RX","","",outpatient,Kaiser,Kaiser_HMO-NAPS/CVG/NPCPS/UPS,1457.0,negotiated_dollar,947.05,reliable
"Northside Hospital Atlanta",json,"Cardiac Stress Test","STRESS TEST EXERCISE  /OR RX","","",outpatient,Kaiser,"Kaiser_HMO-VASC SURG",1457.0,negotiated_dollar,947.05,reliable
"Northside Hospital Atlanta",json,"Cardiac Stress Test","STRESS TEST EXERCISE  /OR RX","","",outpatient,Kaiser,Kaiser_SF,1457.0,negotiated_dollar,947.05,reliable
"Northside Hospital Atlanta",json,"Cardiac Stress Test","STRESS TEST EXERCISE  /OR RX","","",outpatient,Kaiser,Kaiser_SF-AGA,1457.0,negotiated_dollar,947.05,reliable
"Northside Hospital Atlanta",json,"Cardiac Stress Test","STRESS TEST EXERCISE  /OR RX","","",outpatient,Kaiser,Kaiser_SF-BARIATRIC,1457.0,negotiated_dollar,947.05,reliable
"Northside Hospital Atlanta",json,"Cardiac Stress Test","STRESS TEST EXERCISE  /OR RX","","",outpatient,Centene,"Peach State Medicaid",1457.0,negotiated_dollar,264.73,reliable
"Northside Hospital Atlanta",json,"Cardiac Stress Test","STRESS TEST EXERCISE  /OR RX","","",outpatient,Centene,"Peach State Medicare",1457.0,negotiated_dollar,298.21,reliable
"Northside Hospital Atlanta",json,"Cardiac Stress Test","STRESS TEST EXERCISE  /OR RX","","",outpatient,PHCS,PHCS,1457.0,negotiated_dollar,1092.75,reliable
"Northside Hospital Atlanta",json,"Cardiac Stress Test","STRESS TEST EXERCISE  /OR RX","","",outpatient,"Quick Trip","Quick Trip",1457.0,negotiated_dollar,801.35,reliable
"Northside Hospital Atlanta",json,"Cardiac Stress Test","STRESS TEST EXERCISE  /OR RX","","",outpatient,"Rabun County BOC","Rabun County BOC",1457.0,negotiated_dollar,1457.0,reliable
"Northside Hospital Atlanta",json,"Cardiac Stress Test","STRESS TEST EXERCISE  /OR RX","","",outpatient,Spreemo,Spreemo,1457.0,negotiated_dollar,652.57,reliable
"Northside Hospital Atlanta",json,"Cardiac Stress Test","STRESS TEST EXERCISE  /OR RX","","",outpatient,"Streamline Imaging","Streamline Imaging",1457.0,negotiated_dollar,734.14,reliable
"Northside Hospital Atlanta",json,"Cardiac Stress Test","STRESS TEST EXERCISE  /OR RX","","",outpatient,Tricare,Tricare,1457.0,negotiated_dollar,219.32,reliable
"Northside Hospital Atlanta",json,"Cardiac Stress Test","STRESS TEST EXERCISE  /OR RX","","",outpatient,"Truths Community","Truths Community",1457.0,negotiated_dollar,312.0,reliable
"Northside Hospital Atlanta",json,"Cardiac Stress Test","STRESS TEST EXERCISE  /OR RX","","",outpatient,UHC,"UHC GA Individual Exchange",1457.0,negotiated_dollar,767.84,reliable
"Northside Hospital Atlanta",json,"Cardiac Stress Test","STRESS TEST EXERCISE  /OR RX","","",outpatient,UHC,"UHC Heritage Select",1457.0,negotiated_dollar,1030.1,reliable
"Northside Hospital Atlanta",json,"Cardiac Stress Test","STRESS TEST EXERCISE  /OR RX","","",outpatient,UHC,"UHC HMO/POS/PPO",1457.0,negotiated_dollar,904.07,reliable
"Northside Hospital Atlanta",json,"Cardiac Stress Test","STRESS TEST EXERCISE  /OR RX","","",outpatient,UHC,"UHC HMO/POS/PPO-G",1457.0,negotiated_dollar,904.07,reliable
"Northside Hospital Atlanta",json,"Cardiac Stress Test","STRESS TEST EXERCISE  /OR RX","","",outpatient,UHC,"UHC HMO/POS/PPO-T",1457.0,negotiated_dollar,904.07,reliable
"Northside Hospital Atlanta",json,"Cardiac Stress Test","STRESS TEST PHARM","","",outpatient,UHC,"UHC Medicare",1457.0,negotiated_dollar,215.81,reliable
"Northside Hospital Atlanta",json,"Cardiac Stress Test","STRESS TEST PHARM","","",outpatient,"US Dept of Labor WC","US Dept of Labor WC",1457.0,negotiated_dollar,274.15,reliable
"Northside Hospital Atlanta",json,"Cardiac Stress Test","STRESS TEST PHARM","","",outpatient,Wellcare,"Wellcare Medicare Advantage",1457.0,negotiated_dollar,222.28,reliable
"Northside Hospital Atlanta",json,"Cardiac Stress Test","STRESS TEST PHARM","","",outpatient,Aetna,"Aetna Medicare",1457.0,negotiated_dollar,220.13,reliable
"Northside Hospital Atlanta",json,"Cardiac Stress Test","STRESS TEST PHARM","","",outpatient,BCBS,"BCBS Medicare Advantage",1457.0,negotiated_dollar,215.81,reliable
"Northside Hospital Atlanta",json,"Cardiac Stress Test","STRESS TEST PHARM","","",outpatient,BCBS,"BCBS Medicare Advantage-P",1457.0,negotiated_dollar,215.81,reliable
"Northside Hospital Atlanta",json,"Cardiac Stress Test","STRESS TEST PHARM","","",outpatient,BCCP,BCCP,1457.0,negotiated_dollar,219.32,reliable
"Northside Hospital Atlanta",json,"Cardiac Stress Test","STRESS TEST PHARM","","",outpatient,CareSource,"CareSource Medicare Advantage",1457.0,negotiated_dollar,222.28,reliable
"Northside Hospital Atlanta",json,"Cardiac Stress Test","STRESS TEST PHARM","","",outpatient,CBWW,CBWW,1457.0,negotiated_dollar,219.32,reliable
"Northside Hospital Atlanta",json,"Cardiac Stress Test","STRESS TEST PHARM","","",outpatient,"Clover Health","Clover Health",1457.0,negotiated_dollar,226.56,reliable
"Northside Hospital Atlanta",json,"Cardiac Stress Test","STRESS TEST PHARM","","",outpatient,Coventry,"Coventry Medicare",1457.0,negotiated_dollar,220.13,reliable
"Northside Hospital Atlanta",json,"Cardiac Stress Test","STRESS TEST PHARM","","",outpatient,"Devoted Medicare Advantage","Devoted Medicare Advantage",1457.0,negotiated_dollar,226.6,reliable
"Northside Hospital Atlanta",json,"Cardiac Stress Test","STRESS TEST PHARM","","",outpatient,"Fairly Group","Fairly Group",1457.0,negotiated_dollar,248.05,reliable
"Northside Hospital Atlanta",json,"Cardiac Stress Test","STRESS TEST PHARM","","",outpatient,Humana,"Humana Medicare Advantage HMO",1457.0,negotiated_dollar,217.97,reliable
"Northside Hospital Atlanta",json,"Cardiac Stress Test","STRESS TEST PHARM","","",outpatient,Humana,"Humana Medicare Advantage PPO",1457.0,negotiated_dollar,224.44,reliable
"Northside Hospital Atlanta",json,"Cardiac Stress Test","STRESS TEST PHARM","","",outpatient,"Institutional 100 Percent of Medicare","Institutional 100 Percent of Medicare",1457.0,negotiated_dollar,215.81,reliable
"Northside Hospital Atlanta",json,"Cardiac Stress Test","STRESS TEST PHARM","","",outpatient,"Institutional 110 Percent of Medicare","Institutional 110 Percent of Medicare",1457.0,negotiated_dollar,241.25,reliable
"Northside Hospital Atlanta",json,"Cardiac Stress Test","STRESS TEST PHARM","","",outpatient,"Institutional 120 Percent of Medicare","Institutional 120 Percent of Medicare",1457.0,negotiated_dollar,263.18,reliable
"Northside Hospital Atlanta",json,"Cardiac Stress Test","STRESS TEST PHARM","","",outpatient,Kaiser,"Kaiser Medicare Advantage",1457.0,negotiated_dollar,222.28,reliable
"Northside Hospital Atlanta",json,"Cardiac Stress Test","STRESS TEST PHARM","","",outpatient,Medicare,Medicare,1457.0,negotiated_dollar,215.81,reliable
"Northside Hospital Atlanta",json,"Cardiac Stress Test","STRESS TEST PHARM","","",outpatient,"CLEAR SPRINGS EON HEALTH","CLEAR SPRINGS EON HEALTH",1457.0,negotiated_dollar,215.81,reliable
"Northside Hospital Atlanta",json,"Cardiac Stress Test","STRESS TEST PHARM","","",outpatient,"VA CCN","VA CCN",1457.0,negotiated_dollar,215.81,reliable
"Northside Hospital Atlanta",json,"Cardiac Stress Test","STRESS TEST PHARM","","",outpatient,"Pruitt Health Premier","Pruitt Health Premier",1457.0,negotiated_dollar,226.6,reliable
"Northside Hospital Atlanta",json,"Cardiac Stress Test","STRESS TEST PHARM","","",inpatient,BCBS,"BCBS PRUDT BUYER",1457.0,negotiated_dollar,1015.53,reliable
"Northside Hospital Atlanta",json,"Cardiac Stress Test","STRESS TEST PHARM","","",inpatient,"Beech Steet","Beech Street",1457.0,negotiated_dollar,1238.45,reliable
"Northside Hospital Atlanta",json,"Cardiac Stress Test","STRESS TEST PHARM","","",inpatient,CareIQ,CareIQ,1457.0,negotiated_dollar,1457.0,reliable
"Northside Hospital Atlanta",json,"Cardiac Stress Test","STRESS TEST PHARM","","",inpatient,CareSource,"CareSource MarketPlace",1457.0,negotiated_dollar,542.0,reliable
"Northside Hospital Atlanta",json,"Cardiac Stress Test","STRESS TEST PHARM","","",inpatient,"Dekalb_Department of Health","Dekalb_Department of Health",1457.0,negotiated_dollar,1457.0,reliable
"Northside Hospital Atlanta",json,"Cardiac Stress Test","STRESS TEST PHARM","","",inpatient,FIFA,FIFA,1457.0,negotiated_dollar,1457.0,reliable
"Northside Hospital Atlanta",json,"Cardiac Stress Test","STRESS TEST PHARM","","",inpatient,Coventry,"First Health and Coventry National",1457.0,negotiated_dollar,990.76,reliable
"Northside Hospital Atlanta",json,"Cardiac Stress Test","STRESS TEST PHARM","","",inpatient,"Georgia Reproductive Specialists","Georgia Reproductive Specialists (SGF)",1457.0,negotiated_dollar,582.8,reliable
"Northside Hospital Atlanta",json,"Cardiac Stress Test","STRESS TEST PHARM","","",inpatient,Multiplan,"Multiplan PPO",1457.0,negotiated_dollar,1238.45,reliable
"Northside Hospital Atlanta",json,"Cardiac Stress Test","STRESS TEST PHARM","","",inpatient,"Multiplan Workers Comp","Multiplan Workers Comp",1457.0,negotiated_dollar,1238.45,reliable
"Northside Hospital Atlanta",json,"Cardiac Stress Test","STRESS TEST PHARM","","",inpatient,NovaNet_PPO,NovaNet_PPO,1457.0,negotiated_dollar,1019.9,reliable
"Northside Hospital Atlanta",json,"Cardiac Stress Test","STRESS TEST PHARM","","",inpatient,"Quick Trip","Quick Trip",1457.0,negotiated_dollar,801.35,reliable
"Northside Hospital Atlanta",json,"Cardiac Stress Test","STRESS TEST PHARM","","",inpatient,"Rabun County BOC","Rabun County BOC",1457.0,negotiated_dollar,1457.0,reliable
"Northside Hospital Atlanta",json,"Cardiac Stress Test","STRESS TEST PHARM","","",outpatient,Aetna,"Aetna HMO/POS/PPO",1457.0,negotiated_dollar,990.76,reliable
"Northside Hospital Atlanta",json,"Cardiac Stress Test","STRESS TEST PHARM","","",outpatient,Aetna,"Aetna HMO/POS/PPO-G",1457.0,negotiated_dollar,990.76,reliable
"Northside Hospital Atlanta",json,"Cardiac Stress Test","STRESS TEST PHARM","","",outpatient,Aetna,"Aetna HMO/POS/PPO-Q",1457.0,negotiated_dollar,990.76,reliable
"Northside Hospital Atlanta",json,"Cardiac Stress Test","STRESS TEST PHARM","","",outpatient,Aetna,"Aetna Whole Health",1457.0,negotiated_dollar,728.5,reliable
"Northside Hospital Atlanta",json,"Cardiac Stress Test","STRESS TEST PHARM","","",outpatient,Aetna,"Aetna Whole Health-G",1457.0,negotiated_dollar,728.5,reliable
"Northside Hospital Atlanta",json,"Cardiac Stress Test","STRESS TEST PHARM","","",outpatient,Centene,"Ambetter PAR",1457.0,negotiated_dollar,684.79,reliable
"Northside Hospital Atlanta",json,"Cardiac Stress Test","STRESS TEST PHARM","","",outpatient,"Employers Choice Network","Employers Choice Network",1457.0,negotiated_dollar,774.92,reliable
"Northside Hospital Atlanta",json,"Cardiac Stress Test","STRESS TEST PHARM","","",outpatient,"Fieldale Farms WC","Fieldale Farms WC",1457.0,negotiated_dollar,815.71,reliable
"Northside Hospital Atlanta",json,"Cardiac Stress Test","STRESS TEST PHARM","","",outpatient,Kaiser,Kaiser_SF-MELANOMA,1457.0,negotiated_dollar,947.05,reliable
"Northside Hospital Atlanta",json,"Cardiac Stress Test","STRESS TEST PHARM","","",outpatient,Kaiser,Kaiser_SF-NAPS/CVG/NPCPS/UPS,1457.0,negotiated_dollar,947.05,reliable
"Northside Hospital Atlanta",json,"Cardiac Stress Test","STRESS TEST PHARM","","",outpatient,Kaiser,"Kaiser_SF-THOR SURG",1457.0,negotiated_dollar,947.05,reliable
"Northside Hospital Atlanta",json,"Cardiac Stress Test","STRESS TEST PHARM","","",outpatient,Kaiser,"Kaiser_SF-VASC SURG",1457.0,negotiated_dollar,947.05,reliable
"Northside Hospital Atlanta",json,"Cardiac Stress Test","STRESS TEST PHARM","","",outpatient,"Med Care Solutions","Med Care Solutions",1457.0,negotiated_dollar,655.65,reliable
"Northside Hospital Atlanta",json,"Cardiac Stress Test","STRESS TEST PHARM","","",outpatient,"MedLien Healthcare Services","MedLien Healthcare Services",1457.0,negotiated_dollar,582.8,reliable
"Northside Hospital Atlanta",json,"Cardiac Stress Test","STRESS TEST PHARM","","",outpatient,MTI,MTI,1457.0,negotiated_dollar,62.0,reliable
"Northside Hospital Atlanta",json,"Cardiac Stress Test","STRESS TEST PHARM","","",outpatient,Multiplan,"Multiplan PPO",1457.0,negotiated_dollar,1238.45,reliable
"Northside Hospital Atlanta",json,"Cardiac Stress Test","STRESS TEST PHARM","","",outpatient,"Multiplan Workers Comp","Multiplan Workers Comp",1457.0,negotiated_dollar,1238.45,reliable
"Northside Hospital Atlanta",json,"Cardiac Stress Test","STRESS TEST PHARM","","",outpatient,"Northside Health Network","Northside Health Network",1457.0,negotiated_dollar,903.34,reliable
"Northside Hospital Atlanta",json,"Cardiac Stress Test","STRESS TEST PHARM","","",outpatient,"Northside Health Network","Northside Health Network-S",1457.0,negotiated_dollar,903.34,reliable
"Northside Hospital Atlanta",json,"Cardiac Stress Test","STRESS TEST PHARM","","",outpatient,Amerigroup,"Amerigroup Medicaid",1457.0,negotiated_dollar,264.73,reliable
"Northside Hospital Atlanta",json,"Cardiac Stress Test","STRESS TEST PHARM","","",outpatient,Amerigroup,"Amerigroup Medicare Advantage",1457.0,negotiated_dollar,235.58,reliable
"Northside Hospital Atlanta",json,"Cardiac Stress Test","STRESS TEST PHARM","","",outpatient,"Authentic 4D","Authentic 4D",1457.0,negotiated_dollar,734.14,reliable
"Northside Hospital Atlanta",json,"Cardiac Stress Test","STRESS TEST PHARM","","",outpatient,BCBS,"BCBS PRUDT BUYER",1457.0,negotiated_dollar,1015.53,reliable
"Northside Hospital Atlanta",json,"Cardiac Stress Test","STRESS TEST PHARM","","",outpatient,Kaiser,"Kaiser_HMO-VASC SURG",1457.0,negotiated_dollar,947.05,reliable
"Northside Hospital Atlanta",json,"Cardiac Stress Test","STRESS TEST PHARM","","",outpatient,Kaiser,Kaiser_SF,1457.0,negotiated_dollar,947.05,reliable
"Northside Hospital Atlanta",json,"Cardiac Stress Test","STRESS TEST PHARM","","",outpatient,Kaiser,Kaiser_SF-AGA,1457.0,negotiated_dollar,947.05,reliable
"Northside Hospital Atlanta",json,"Cardiac Stress Test","STRESS TEST PHARM","","",outpatient,BCBS,BCBS_HMO,1457.0,negotiated_dollar,814.46,reliable
"Northside Hospital Atlanta",json,"Cardiac Stress Test","STRESS TEST PHARM","","",outpatient,BCBS,BCBS_HMO-L,1457.0,negotiated_dollar,814.46,reliable
"Northside Hospital Atlanta",json,"Cardiac Stress Test","STRESS TEST PHARM","","",outpatient,BCBS,BCBS_PATHWAY,1457.0,negotiated_dollar,407.09,reliable
"Northside Hospital Atlanta",json,"Cardiac Stress Test","STRESS TEST PHARM","","",outpatient,BCBS,BCBS_PATHWAY-L,1457.0,negotiated_dollar,407.09,reliable
"Northside Hospital Atlanta",json,"Cardiac Stress Test","STRESS TEST PHARM","","",outpatient,FIFA,FIFA,1457.0,negotiated_dollar,1457.0,reliable
"Northside Hospital Atlanta",json,"Cardiac Stress Test","STRESS TEST PHARM","","",outpatient,Coventry,"First Health and Coventry National",1457.0,negotiated_dollar,874.2,reliable
"Northside Hospital Atlanta",json,"Cardiac Stress Test","STRESS TEST PHARM","","",outpatient,"Genex/Priority Care Solutions","Genex/Priority Care Solutions",1457.0,negotiated_dollar,652.57,reliable
"Northside Hospital Atlanta",json,"Cardiac Stress Test","STRESS TEST PHARM","","",outpatient,"Georgia Reproductive Specialists","Georgia Reproductive Specialists (SGF)",1457.0,negotiated_dollar,582.8,reliable
"Northside Hospital Atlanta",json,"Cardiac Stress Test","STRESS TEST PHARM","","",outpatient,NovaNet_PPO,NovaNet_PPO,1457.0,negotiated_dollar,1019.9,reliable
"Northside Hospital Atlanta",json,"Cardiac Stress Test","STRESS TEST PHARM","","",outpatient,"One Call Diagnostics","One Call Diagnostics",1457.0,negotiated_dollar,62.0,reliable
"Northside Hospital Atlanta",json,"Cardiac Stress Test","STRESS TEST PHARM","","",outpatient,Oscar,Oscar,1457.0,negotiated_dollar,684.79,reliable
"Northside Hospital Atlanta",json,"Cardiac Stress Test","STRESS TEST PHARM","","",outpatient,BCBS,BCBS_PPO,1457.0,negotiated_dollar,968.91,reliable
"Northside Hospital Atlanta",json,"Cardiac Stress Test","STRESS TEST PHARM","","",outpatient,BCBS,BCBS_PPO-L,1457.0,negotiated_dollar,968.91,reliable
"Northside Hospital Atlanta",json,"Cardiac Stress Test","STRESS TEST PHARM","","",outpatient,"Beech Steet","Beech Street",1457.0,negotiated_dollar,1238.45,reliable
"Northside Hospital Atlanta",json,"Cardiac Stress Test","STRESS TEST PHARM","","",outpatient,BCBS,"Blue HPN",1457.0,negotiated_dollar,629.86,reliable
"Northside Hospital Atlanta",json,"Cardiac Stress Test","STRESS TEST PHARM","","",outpatient,BCBS,"Blue HPN-L",1457.0,negotiated_dollar,629.86,reliable
"Northside Hospital Atlanta",json,"Cardiac Stress Test","STRESS TEST PHARM","","",outpatient,CareIQ,CareIQ,1457.0,negotiated_dollar,1457.0,reliable
"Northside Hospital Atlanta",json,"Cardiac Stress Test","STRESS TEST PHARM","","",outpatient,"Georgia Workers Compensation","Georgia Workers Comp",1457.0,negotiated_dollar,815.71,reliable
"Northside Hospital Atlanta",json,"Cardiac Stress Test","STRESS TEST PHARM","","",outpatient,"Health One Alliance_PPO","Health One Alliance_PPO",1457.0,negotiated_dollar,801.35,reliable
"Northside Hospital Atlanta",json,"Cardiac Stress Test","STRESS TEST PHARM","","",outpatient,CareSource,CareSource,1457.0,negotiated_dollar,272.67,reliable
"Northside Hospital Atlanta",json,"Cardiac Stress Test","STRESS TEST PHARM","","",outpatient,CareSource,"CareSource MarketPlace",1457.0,negotiated_dollar,542.0,reliable
"Northside Hospital Atlanta",json,"Cardiac Stress Test","STRESS TEST PHARM","","",outpatient,"CHAMPUS VA","CHAMPUS VA",1457.0,negotiated_dollar,37.17,reliable
"Northside Hospital Atlanta",json,"Cardiac Stress Test","STRESS TEST PHARM","","",outpatient,Cigna,Cigna,1457.0,negotiated_dollar,917.91,reliable
"Northside Hospital Atlanta",json,"Cardiac Stress Test","STRESS TEST PHARM","","",outpatient,Cigna,Cigna-G,1457.0,negotiated_dollar,917.91,reliable
"Northside Hospital Atlanta",json,"Cardiac Stress Test","STRESS TEST PHARM","","",outpatient,HomeLink,HomeLink,1457.0,negotiated_dollar,65.88,reliable
"Northside Hospital Atlanta",json,"Cardiac Stress Test","STRESS TEST PHARM","","",outpatient,Cigna,Cigna-H,1457.0,negotiated_dollar,917.91,reliable
"Northside Hospital Atlanta",json,"Cardiac Stress Test","STRESS TEST PHARM","","",outpatient,Cigna,Cigna-L,1457.0,negotiated_dollar,917.91,reliable
"Northside Hospital Atlanta",json,"Cardiac Stress Test","STRESS TEST PHARM","","",outpatient,Cigna,"CIGNA HealthSprings Medicare Advantage",1457.0,negotiated_dollar,237.85,reliable
"Northside Hospital Atlanta",json,"Cardiac Stress Test","STRESS TEST PHARM","","",outpatient,"Corvel Workers Comp","Corvel Workers Comp",1457.0,negotiated_dollar,774.92,reliable
"Northside Hospital Atlanta",json,"Cardiac Stress Test","STRESS TEST PHARM","","",outpatient,"Dekalb_Department of Health","Dekalb_Department of Health",1457.0,negotiated_dollar,1457.0,reliable
"Northside Hospital Atlanta",json,"Cardiac Stress Test","STRESS TEST PHARM","","",outpatient,Kaiser,Kaiser_SF-BARIATRIC,1457.0,negotiated_dollar,947.05,reliable
"Northside Hospital Atlanta",json,"Cardiac Stress Test","STRESS TEST PHARM","","",outpatient,Kaiser,Kaiser_SF-GCS,1457.0,negotiated_dollar,947.05,reliable
"Northside Hospital Atlanta",json,"Cardiac Stress Test","STRESS TEST PHARM","","",outpatient,Kaiser,Kaiser_SF-GPG/NOAS,1457.0,negotiated_dollar,947.05,reliable
"Northside Hospital Atlanta",json,"Cardiac Stress Test","STRESS TEST PHARM","","",outpatient,Kaiser,Kaiser_SF-GYNONC,1457.0,negotiated_dollar,947.05,reliable
"Northside Hospital Atlanta",json,"Cardiac Stress Test","STRESS TEST PHARM","","",outpatient,"Institutional 115 Percent_Georgia Medicaid","Institutional 115 Percent_Georgia Medicaid",1457.0,negotiated_dollar,304.44,reliable
"Northside Hospital Atlanta",json,"Cardiac Stress Test","STRESS TEST PHARM","","",outpatient,"Institutional GA Medicaid","Institutional GA Medicaid",1457.0,negotiated_dollar,264.73,reliable
"Northside Hospital Atlanta",json,"Cardiac Stress Test","STRESS TEST PHARM","","",outpatient,"Institutional Marietta Surgery Center","Institutional Marietta Surgery Center",1457.0,negotiated_dollar,1457.0,reliable
"Northside Hospital Atlanta",json,"Cardiac Stress Test","STRESS TEST PHARM","","",outpatient,"Institutional Veterans Evaluation Services","Institutional Veterans Evaluation Services",1457.0,negotiated_dollar,1457.0,reliable
"Northside Hospital Atlanta",json,"Cardiac Stress Test","STRESS TEST PHARM","","",outpatient,Kaiser,"Kaiser Dual Choice PPO",1457.0,negotiated_dollar,1267.59,reliable
"Northside Hospital Atlanta",json,"Cardiac Stress Test","STRESS TEST PHARM","","",outpatient,Kaiser,"Kaiser Dual Choice PPO-AGA",1457.0,negotiated_dollar,1267.59,reliable
"Northside Hospital Atlanta",json,"Cardiac Stress Test","STRESS TEST PHARM","","",outpatient,Kaiser,"Kaiser Dual Choice PPO-BARIATRIC",1457.0,negotiated_dollar,1267.59,reliable
"Northside Hospital Atlanta",json,"Cardiac Stress Test","STRESS TEST PHARM","","",outpatient,Kaiser,"Kaiser Dual Choice PPO-GCS",1457.0,negotiated_dollar,1267.59,reliable
"Northside Hospital Atlanta",json,"Cardiac Stress Test","STRESS TEST PHARM","","",outpatient,Kaiser,"Kaiser Dual Choice PPO-GPG/NOAS",1457.0,negotiated_dollar,1267.59,reliable
"Northside Hospital Atlanta",json,"Cardiac Stress Test","STRESS TEST PHARM","","",outpatient,Kaiser,"Kaiser Dual Choice PPO-GYNONC",1457.0,negotiated_dollar,1267.59,reliable
"Northside Hospital Atlanta",json,"Cardiac Stress Test","STRESS TEST PHARM","","",outpatient,Kaiser,"Kaiser Dual Choice PPO-MELANOMA",1457.0,negotiated_dollar,1267.59,reliable
"Northside Hospital Atlanta",json,"Cardiac Stress Test","STRESS TEST PHARM","","",outpatient,Kaiser,"Kaiser Dual Choice PPO-NAPS/CVG/NPCPS/UPS",1457.0,negotiated_dollar,1267.59,reliable
"Northside Hospital Atlanta",json,"Cardiac Stress Test","STRESS TEST PHARM","","",outpatient,Kaiser,"Kaiser Dual Choice PPO-THOR SURG",1457.0,negotiated_dollar,1267.59,reliable
"Northside Hospital Atlanta",json,"Cardiac Stress Test","STRESS TEST PHARM","","",outpatient,Kaiser,"Kaiser Dual Choice PPO-VASC SURG",1457.0,negotiated_dollar,1267.59,reliable
"Northside Hospital Atlanta",json,"Cardiac Stress Test","STRESS TEST PHARM","","",outpatient,Kaiser,Kaiser_HMO,1457.0,negotiated_dollar,947.05,reliable
"Northside Hospital Atlanta",json,"Cardiac Stress Test","STRESS TEST PHARM","","",outpatient,Kaiser,Kaiser_HMO-AGA,1457.0,negotiated_dollar,947.05,reliable
"Northside Hospital Atlanta",json,"Cardiac Stress Test","STRESS TEST PHARM","","",outpatient,Kaiser,Kaiser_HMO-BARIATRIC,1457.0,negotiated_dollar,947.05,reliable
"Northside Hospital Atlanta",json,"Cardiac Stress Test","STRESS TEST PHARM","","",outpatient,Kaiser,Kaiser_HMO-GCS,1457.0,negotiated_dollar,947.05,reliable
"Northside Hospital Atlanta",json,"Cardiac Stress Test","STRESS TEST PHARM","","",outpatient,Kaiser,Kaiser_HMO-GPG/NOAS,1457.0,negotiated_dollar,947.05,reliable
"Northside Hospital Atlanta",json,"Cardiac Stress Test","STRESS TEST PHARM","","",outpatient,Kaiser,Kaiser_HMO-GYNONC,1457.0,negotiated_dollar,947.05,reliable
"Northside Hospital Atlanta",json,"Cardiac Stress Test","STRESS TEST PHARM","","",outpatient,Kaiser,Kaiser_HMO-MELANOMA,1457.0,negotiated_dollar,947.05,reliable
"Northside Hospital Atlanta",json,"Cardiac Stress Test","STRESS TEST PHARM","","",outpatient,Kaiser,Kaiser_HMO-NAPS/CVG/NPCPS/UPS,1457.0,negotiated_dollar,947.05,reliable
"Northside Hospital Atlanta",json,"Cardiac Stress Test","STRESS TEST PHARM","","",outpatient,Centene,"Peach State Medicaid",1457.0,negotiated_dollar,264.73,reliable
"Northside Hospital Atlanta",json,"Cardiac Stress Test","STRESS TEST PHARM","","",outpatient,Centene,"Peach State Medicare",1457.0,negotiated_dollar,298.21,reliable
"Northside Hospital Atlanta",json,"Cardiac Stress Test","STRESS TEST PHARM","","",outpatient,PHCS,PHCS,1457.0,negotiated_dollar,1092.75,reliable
"Northside Hospital Atlanta",json,"Cardiac Stress Test","STRESS TEST PHARM","","",outpatient,"Quick Trip","Quick Trip",1457.0,negotiated_dollar,801.35,reliable
"Northside Hospital Atlanta",json,"Cardiac Stress Test","STRESS TEST PHARM","","",outpatient,"Rabun County BOC","Rabun County BOC",1457.0,negotiated_dollar,1457.0,reliable
"Northside Hospital Atlanta",json,"Cardiac Stress Test","STRESS TEST PHARM","","",outpatient,Spreemo,Spreemo,1457.0,negotiated_dollar,652.57,reliable
"Northside Hospital Atlanta",json,"Cardiac Stress Test","STRESS TEST PHARM","","",outpatient,"Streamline Imaging","Streamline Imaging",1457.0,negotiated_dollar,734.14,reliable
"Northside Hospital Atlanta",json,"Cardiac Stress Test","STRESS TEST PHARM","","",outpatient,Tricare,Tricare,1457.0,negotiated_dollar,219.32,reliable
"Northside Hospital Atlanta",json,"Cardiac Stress Test","STRESS TEST PHARM","","",outpatient,"Truths Community","Truths Community",1457.0,negotiated_dollar,312.0,reliable
"Northside Hospital Atlanta",json,"Cardiac Stress Test","STRESS TEST PHARM","","",outpatient,UHC,"UHC GA Individual Exchange",1457.0,negotiated_dollar,767.84,reliable
"Northside Hospital Atlanta",json,"Cardiac Stress Test","STRESS TEST PHARM","","",outpatient,UHC,"UHC Heritage Select",1457.0,negotiated_dollar,1030.1,reliable
"Northside Hospital Atlanta",json,"Cardiac Stress Test","STRESS TEST PHARM","","",outpatient,UHC,"UHC HMO/POS/PPO",1457.0,negotiated_dollar,904.07,reliable
"Northside Hospital Atlanta",json,"Cardiac Stress Test","STRESS TEST PHARM","","",outpatient,UHC,"UHC HMO/POS/PPO-G",1457.0,negotiated_dollar,904.07,reliable
"Northside Hospital Atlanta",json,"Cardiac Stress Test","STRESS TEST PHARM","","",outpatient,UHC,"UHC HMO/POS/PPO-T",1457.0,negotiated_dollar,904.07,reliable
"Northside Hospital Atlanta",json,"Cardiac Stress Test","STRESS TEST TREADMILL OR PHARM","","",outpatient,UHC,"UHC Medicare",1457.0,negotiated_dollar,215.81,reliable
"Northside Hospital Atlanta",json,"Cardiac Stress Test","STRESS TEST TREADMILL OR PHARM","","",outpatient,"US Dept of Labor WC","US Dept of Labor WC",1457.0,negotiated_dollar,274.15,reliable
"Northside Hospital Atlanta",json,"Cardiac Stress Test","STRESS TEST TREADMILL OR PHARM","","",outpatient,Wellcare,"Wellcare Medicare Advantage",1457.0,negotiated_dollar,222.28,reliable
"Northside Hospital Atlanta",json,"Cardiac Stress Test","STRESS TEST TREADMILL OR PHARM","","",outpatient,Humana,"Humana Medicare Advantage PPO",1457.0,negotiated_dollar,224.44,reliable
"Northside Hospital Atlanta",json,"Cardiac Stress Test","STRESS TEST TREADMILL OR PHARM","","",outpatient,"Institutional 100 Percent of Medicare","Institutional 100 Percent of Medicare",1457.0,negotiated_dollar,215.81,reliable
"Northside Hospital Atlanta",json,"Cardiac Stress Test","STRESS TEST TREADMILL OR PHARM","","",outpatient,"Institutional 110 Percent of Medicare","Institutional 110 Percent of Medicare",1457.0,negotiated_dollar,241.25,reliable
"Northside Hospital Atlanta",json,"Cardiac Stress Test","STRESS TEST TREADMILL OR PHARM","","",outpatient,"Institutional 120 Percent of Medicare","Institutional 120 Percent of Medicare",1457.0,negotiated_dollar,263.18,reliable
"Northside Hospital Atlanta",json,"Cardiac Stress Test","STRESS TEST TREADMILL OR PHARM","","",outpatient,Kaiser,"Kaiser Medicare Advantage",1457.0,negotiated_dollar,222.28,reliable
"Northside Hospital Atlanta",json,"Cardiac Stress Test","STRESS TEST TREADMILL OR PHARM","","",outpatient,Medicare,Medicare,1457.0,negotiated_dollar,215.81,reliable
"Northside Hospital Atlanta",json,"Cardiac Stress Test","STRESS TEST TREADMILL OR PHARM","","",outpatient,"CLEAR SPRINGS EON HEALTH","CLEAR SPRINGS EON HEALTH",1457.0,negotiated_dollar,215.81,reliable
"Northside Hospital Atlanta",json,"Cardiac Stress Test","STRESS TEST TREADMILL OR PHARM","","",outpatient,"VA CCN","VA CCN",1457.0,negotiated_dollar,215.81,reliable
"Northside Hospital Atlanta",json,"Cardiac Stress Test","STRESS TEST TREADMILL OR PHARM","","",outpatient,"Pruitt Health Premier","Pruitt Health Premier",1457.0,negotiated_dollar,226.6,reliable
"Northside Hospital Atlanta",json,"Cardiac Stress Test","STRESS TEST TREADMILL OR PHARM","","",outpatient,Aetna,"Aetna Medicare",1457.0,negotiated_dollar,220.13,reliable
"Northside Hospital Atlanta",json,"Cardiac Stress Test","STRESS TEST TREADMILL OR PHARM","","",outpatient,BCBS,"BCBS Medicare Advantage",1457.0,negotiated_dollar,215.81,reliable
"Northside Hospital Atlanta",json,"Cardiac Stress Test","STRESS TEST TREADMILL OR PHARM","","",outpatient,BCBS,"BCBS Medicare Advantage-P",1457.0,negotiated_dollar,215.81,reliable
"Northside Hospital Atlanta",json,"Cardiac Stress Test","STRESS TEST TREADMILL OR PHARM","","",outpatient,BCCP,BCCP,1457.0,negotiated_dollar,219.32,reliable
"Northside Hospital Atlanta",json,"Cardiac Stress Test","STRESS TEST TREADMILL OR PHARM","","",outpatient,CareSource,"CareSource Medicare Advantage",1457.0,negotiated_dollar,222.28,reliable
"Northside Hospital Atlanta",json,"Cardiac Stress Test","STRESS TEST TREADMILL OR PHARM","","",outpatient,CBWW,CBWW,1457.0,negotiated_dollar,219.32,reliable
"Northside Hospital Atlanta",json,"Cardiac Stress Test","STRESS TEST TREADMILL OR PHARM","","",outpatient,"Clover Health","Clover Health",1457.0,negotiated_dollar,226.56,reliable
"Northside Hospital Atlanta",json,"Cardiac Stress Test","STRESS TEST TREADMILL OR PHARM","","",outpatient,Coventry,"Coventry Medicare",1457.0,negotiated_dollar,220.13,reliable
"Northside Hospital Atlanta",json,"Cardiac Stress Test","STRESS TEST TREADMILL OR PHARM","","",outpatient,"Devoted Medicare Advantage","Devoted Medicare Advantage",1457.0,negotiated_dollar,226.6,reliable
"Northside Hospital Atlanta",json,"Cardiac Stress Test","STRESS TEST TREADMILL OR PHARM","","",outpatient,"Fairly Group","Fairly Group",1457.0,negotiated_dollar,248.05,reliable
"Northside Hospital Atlanta",json,"Cardiac Stress Test","STRESS TEST TREADMILL OR PHARM","","",outpatient,Humana,"Humana Medicare Advantage HMO",1457.0,negotiated_dollar,217.97,reliable
"Northside Hospital Atlanta",json,"Cardiac Stress Test","STRESS TEST TREADMILL OR PHARM","","",inpatient,BCBS,"BCBS PRUDT BUYER",1457.0,negotiated_dollar,1015.53,reliable
"Northside Hospital Atlanta",json,"Cardiac Stress Test","STRESS TEST TREADMILL OR PHARM","","",inpatient,"Beech Steet","Beech Street",1457.0,negotiated_dollar,1238.45,reliable
"Northside Hospital Atlanta",json,"Cardiac Stress Test","STRESS TEST TREADMILL OR PHARM","","",inpatient,CareIQ,CareIQ,1457.0,negotiated_dollar,1457.0,reliable
"Northside Hospital Atlanta",json,"Cardiac Stress Test","STRESS TEST TREADMILL OR PHARM","","",inpatient,CareSource,"CareSource MarketPlace",1457.0,negotiated_dollar,542.0,reliable
"Northside Hospital Atlanta",json,"Cardiac Stress Test","STRESS TEST TREADMILL OR PHARM","","",inpatient,"Dekalb_Department of Health","Dekalb_Department of Health",1457.0,negotiated_dollar,1457.0,reliable
"Northside Hospital Atlanta",json,"Cardiac Stress Test","STRESS TEST TREADMILL OR PHARM","","",inpatient,FIFA,FIFA,1457.0,negotiated_dollar,1457.0,reliable
"Northside Hospital Atlanta",json,"Cardiac Stress Test","STRESS TEST TREADMILL OR PHARM","","",inpatient,Coventry,"First Health and Coventry National",1457.0,negotiated_dollar,990.76,reliable
"Northside Hospital Atlanta",json,"Cardiac Stress Test","STRESS TEST TREADMILL OR PHARM","","",inpatient,"Georgia Reproductive Specialists","Georgia Reproductive Specialists (SGF)",1457.0,negotiated_dollar,582.8,reliable
"Northside Hospital Atlanta",json,"Cardiac Stress Test","STRESS TEST TREADMILL OR PHARM","","",inpatient,Multiplan,"Multiplan PPO",1457.0,negotiated_dollar,1238.45,reliable
"Northside Hospital Atlanta",json,"Cardiac Stress Test","STRESS TEST TREADMILL OR PHARM","","",inpatient,"Multiplan Workers Comp","Multiplan Workers Comp",1457.0,negotiated_dollar,1238.45,reliable
"Northside Hospital Atlanta",json,"Cardiac Stress Test","STRESS TEST TREADMILL OR PHARM","","",inpatient,NovaNet_PPO,NovaNet_PPO,1457.0,negotiated_dollar,1019.9,reliable
"Northside Hospital Atlanta",json,"Cardiac Stress Test","STRESS TEST TREADMILL OR PHARM","","",inpatient,"Quick Trip","Quick Trip",1457.0,negotiated_dollar,801.35,reliable
"Northside Hospital Atlanta",json,"Cardiac Stress Test","STRESS TEST TREADMILL OR PHARM","","",inpatient,"Rabun County BOC","Rabun County BOC",1457.0,negotiated_dollar,1457.0,reliable
"Northside Hospital Atlanta",json,"Cardiac Stress Test","STRESS TEST TREADMILL OR PHARM","","",outpatient,Kaiser,Kaiser_SF-GCS,1457.0,negotiated_dollar,947.05,reliable
"Northside Hospital Atlanta",json,"Cardiac Stress Test","STRESS TEST TREADMILL OR PHARM","","",outpatient,Kaiser,Kaiser_SF-GPG/NOAS,1457.0,negotiated_dollar,947.05,reliable
"Northside Hospital Atlanta",json,"Cardiac Stress Test","STRESS TEST TREADMILL OR PHARM","","",outpatient,Kaiser,Kaiser_SF-GYNONC,1457.0,negotiated_dollar,947.05,reliable
"Northside Hospital Atlanta",json,"Cardiac Stress Test","STRESS TEST TREADMILL OR PHARM","","",outpatient,Kaiser,Kaiser_SF-MELANOMA,1457.0,negotiated_dollar,947.05,reliable
"Northside Hospital Atlanta",json,"Cardiac Stress Test","STRESS TEST TREADMILL OR PHARM","","",outpatient,Kaiser,Kaiser_SF-NAPS/CVG/NPCPS/UPS,1457.0,negotiated_dollar,947.05,reliable
"Northside Hospital Atlanta",json,"Cardiac Stress Test","STRESS TEST TREADMILL OR PHARM","","",outpatient,Kaiser,"Kaiser_SF-THOR SURG",1457.0,negotiated_dollar,947.05,reliable
"Northside Hospital Atlanta",json,"Cardiac Stress Test","STRESS TEST TREADMILL OR PHARM","","",outpatient,Kaiser,"Kaiser_SF-VASC SURG",1457.0,negotiated_dollar,947.05,reliable
"Northside Hospital Atlanta",json,"Cardiac Stress Test","STRESS TEST TREADMILL OR PHARM","","",outpatient,"Med Care Solutions","Med Care Solutions",1457.0,negotiated_dollar,655.65,reliable
"Northside Hospital Atlanta",json,"Cardiac Stress Test","STRESS TEST TREADMILL OR PHARM","","",outpatient,"MedLien Healthcare Services","MedLien Healthcare Services",1457.0,negotiated_dollar,582.8,reliable
"Northside Hospital Atlanta",json,"Cardiac Stress Test","STRESS TEST TREADMILL OR PHARM","","",outpatient,MTI,MTI,1457.0,negotiated_dollar,62.0,reliable
"Northside Hospital Atlanta",json,"Cardiac Stress Test","STRESS TEST TREADMILL OR PHARM","","",outpatient,Multiplan,"Multiplan PPO",1457.0,negotiated_dollar,1238.45,reliable
"Northside Hospital Atlanta",json,"Cardiac Stress Test","STRESS TEST TREADMILL OR PHARM","","",outpatient,"Multiplan Workers Comp","Multiplan Workers Comp",1457.0,negotiated_dollar,1238.45,reliable
"Northside Hospital Atlanta",json,"Cardiac Stress Test","STRESS TEST TREADMILL OR PHARM","","",outpatient,"Northside Health Network","Northside Health Network",1457.0,negotiated_dollar,903.34,reliable
"Northside Hospital Atlanta",json,"Cardiac Stress Test","STRESS TEST TREADMILL OR PHARM","","",outpatient,"Northside Health Network","Northside Health Network-S",1457.0,negotiated_dollar,903.34,reliable
"Northside Hospital Atlanta",json,"Cardiac Stress Test","STRESS TEST TREADMILL OR PHARM","","",outpatient,NovaNet_PPO,NovaNet_PPO,1457.0,negotiated_dollar,1019.9,reliable
"Northside Hospital Atlanta",json,"Cardiac Stress Test","STRESS TEST TREADMILL OR PHARM","","",outpatient,"One Call Diagnostics","One Call Diagnostics",1457.0,negotiated_dollar,62.0,reliable
"Northside Hospital Atlanta",json,"Cardiac Stress Test","STRESS TEST TREADMILL OR PHARM","","",outpatient,Oscar,Oscar,1457.0,negotiated_dollar,684.79,reliable
"Northside Hospital Atlanta",json,"Cardiac Stress Test","STRESS TEST TREADMILL OR PHARM","","",outpatient,Aetna,"Aetna HMO/POS/PPO",1457.0,negotiated_dollar,990.76,reliable
"Northside Hospital Atlanta",json,"Cardiac Stress Test","STRESS TEST TREADMILL OR PHARM","","",outpatient,Aetna,"Aetna HMO/POS/PPO-G",1457.0,negotiated_dollar,990.76,reliable
"Northside Hospital Atlanta",json,"Cardiac Stress Test","STRESS TEST TREADMILL OR PHARM","","",outpatient,Aetna,"Aetna HMO/POS/PPO-Q",1457.0,negotiated_dollar,990.76,reliable
"Northside Hospital Atlanta",json,"Cardiac Stress Test","STRESS TEST TREADMILL OR PHARM","","",outpatient,Aetna,"Aetna Whole Health",1457.0,negotiated_dollar,728.5,reliable
"Northside Hospital Atlanta",json,"Cardiac Stress Test","STRESS TEST TREADMILL OR PHARM","","",outpatient,Aetna,"Aetna Whole Health-G",1457.0,negotiated_dollar,728.5,reliable
"Northside Hospital Atlanta",json,"Cardiac Stress Test","STRESS TEST TREADMILL OR PHARM","","",outpatient,Centene,"Ambetter PAR",1457.0,negotiated_dollar,684.79,reliable
"Northside Hospital Atlanta",json,"Cardiac Stress Test","STRESS TEST TREADMILL OR PHARM","","",outpatient,BCBS,"BCBS PRUDT BUYER",1457.0,negotiated_dollar,1015.53,reliable
"Northside Hospital Atlanta",json,"Cardiac Stress Test","STRESS TEST TREADMILL OR PHARM","","",outpatient,"Employers Choice Network","Employers Choice Network",1457.0,negotiated_dollar,774.92,reliable
"Northside Hospital Atlanta",json,"Cardiac Stress Test","STRESS TEST TREADMILL OR PHARM","","",outpatient,"Fieldale Farms WC","Fieldale Farms WC",1457.0,negotiated_dollar,815.71,reliable
"Northside Hospital Atlanta",json,"Cardiac Stress Test","STRESS TEST TREADMILL OR PHARM","","",outpatient,Amerigroup,"Amerigroup Medicaid",1457.0,negotiated_dollar,264.73,reliable
"Northside Hospital Atlanta",json,"Cardiac Stress Test","STRESS TEST TREADMILL OR PHARM","","",outpatient,Kaiser,"Kaiser Dual Choice PPO",1457.0,negotiated_dollar,1267.59,reliable
"Northside Hospital Atlanta",json,"Cardiac Stress Test","STRESS TEST TREADMILL OR PHARM","","",outpatient,Kaiser,"Kaiser Dual Choice PPO-AGA",1457.0,negotiated_dollar,1267.59,reliable
"Northside Hospital Atlanta",json,"Cardiac Stress Test","STRESS TEST TREADMILL OR PHARM","","",outpatient,Kaiser,"Kaiser Dual Choice PPO-BARIATRIC",1457.0,negotiated_dollar,1267.59,reliable
"Northside Hospital Atlanta",json,"Cardiac Stress Test","STRESS TEST TREADMILL OR PHARM","","",outpatient,Kaiser,"Kaiser Dual Choice PPO-GCS",1457.0,negotiated_dollar,1267.59,reliable
"Northside Hospital Atlanta",json,"Cardiac Stress Test","STRESS TEST TREADMILL OR PHARM","","",outpatient,Kaiser,"Kaiser Dual Choice PPO-GYNONC",1457.0,negotiated_dollar,1267.59,reliable
"Northside Hospital Atlanta",json,"Cardiac Stress Test","STRESS TEST TREADMILL OR PHARM","","",outpatient,Amerigroup,"Amerigroup Medicare Advantage",1457.0,negotiated_dollar,235.58,reliable
"Northside Hospital Atlanta",json,"Cardiac Stress Test","STRESS TEST TREADMILL OR PHARM","","",outpatient,"Authentic 4D","Authentic 4D",1457.0,negotiated_dollar,734.14,reliable
"Northside Hospital Atlanta",json,"Cardiac Stress Test","STRESS TEST TREADMILL OR PHARM","","",outpatient,BCBS,BCBS_HMO,1457.0,negotiated_dollar,814.46,reliable
"Northside Hospital Atlanta",json,"Cardiac Stress Test","STRESS TEST TREADMILL OR PHARM","","",outpatient,BCBS,BCBS_HMO-L,1457.0,negotiated_dollar,814.46,reliable
"Northside Hospital Atlanta",json,"Cardiac Stress Test","STRESS TEST TREADMILL OR PHARM","","",outpatient,BCBS,BCBS_PATHWAY,1457.0,negotiated_dollar,407.09,reliable
"Northside Hospital Atlanta",json,"Cardiac Stress Test","STRESS TEST TREADMILL OR PHARM","","",outpatient,Kaiser,"Kaiser Dual Choice PPO-MELANOMA",1457.0,negotiated_dollar,1267.59,reliable
"Northside Hospital Atlanta",json,"Cardiac Stress Test","STRESS TEST TREADMILL OR PHARM","","",outpatient,Kaiser,"Kaiser Dual Choice PPO-NAPS/CVG/NPCPS/UPS",1457.0,negotiated_dollar,1267.59,reliable
"Northside Hospital Atlanta",json,"Cardiac Stress Test","STRESS TEST TREADMILL OR PHARM","","",outpatient,Kaiser,"Kaiser Dual Choice PPO-THOR SURG",1457.0,negotiated_dollar,1267.59,reliable
"Northside Hospital Atlanta",json,"Cardiac Stress Test","STRESS TEST TREADMILL OR PHARM","","",outpatient,BCBS,BCBS_PATHWAY-L,1457.0,negotiated_dollar,407.09,reliable
"Northside Hospital Atlanta",json,"Cardiac Stress Test","STRESS TEST TREADMILL OR PHARM","","",outpatient,FIFA,FIFA,1457.0,negotiated_dollar,1457.0,reliable
"Northside Hospital Atlanta",json,"Cardiac Stress Test","STRESS TEST TREADMILL OR PHARM","","",outpatient,Coventry,"First Health and Coventry National",1457.0,negotiated_dollar,874.2,reliable
"Northside Hospital Atlanta",json,"Cardiac Stress Test","STRESS TEST TREADMILL OR PHARM","","",outpatient,"Genex/Priority Care Solutions","Genex/Priority Care Solutions",1457.0,negotiated_dollar,652.57,reliable
"Northside Hospital Atlanta",json,"Cardiac Stress Test","STRESS TEST TREADMILL OR PHARM","","",outpatient,BCBS,BCBS_PPO,1457.0,negotiated_dollar,968.91,reliable
"Northside Hospital Atlanta",json,"Cardiac Stress Test","STRESS TEST TREADMILL OR PHARM","","",outpatient,BCBS,BCBS_PPO-L,1457.0,negotiated_dollar,968.91,reliable
"Northside Hospital Atlanta",json,"Cardiac Stress Test","STRESS TEST TREADMILL OR PHARM","","",outpatient,"Beech Steet","Beech Street",1457.0,negotiated_dollar,1238.45,reliable
"Northside Hospital Atlanta",json,"Cardiac Stress Test","STRESS TEST TREADMILL OR PHARM","","",outpatient,BCBS,"Blue HPN",1457.0,negotiated_dollar,629.86,reliable
"Northside Hospital Atlanta",json,"Cardiac Stress Test","STRESS TEST TREADMILL OR PHARM","","",outpatient,Kaiser,"Kaiser Dual Choice PPO-VASC SURG",1457.0,negotiated_dollar,1267.59,reliable
"Northside Hospital Atlanta",json,"Cardiac Stress Test","STRESS TEST TREADMILL OR PHARM","","",outpatient,Kaiser,Kaiser_HMO,1457.0,negotiated_dollar,947.05,reliable
"Northside Hospital Atlanta",json,"Cardiac Stress Test","STRESS TEST TREADMILL OR PHARM","","",outpatient,Kaiser,Kaiser_HMO-AGA,1457.0,negotiated_dollar,947.05,reliable
"Northside Hospital Atlanta",json,"Cardiac Stress Test","STRESS TEST TREADMILL OR PHARM","","",outpatient,Kaiser,Kaiser_HMO-BARIATRIC,1457.0,negotiated_dollar,947.05,reliable
"Northside Hospital Atlanta",json,"Cardiac Stress Test","STRESS TEST TREADMILL OR PHARM","","",outpatient,Kaiser,Kaiser_HMO-GCS,1457.0,negotiated_dollar,947.05,reliable
"Northside Hospital Atlanta",json,"Cardiac Stress Test","STRESS TEST TREADMILL OR PHARM","","",outpatient,Kaiser,Kaiser_HMO-GPG/NOAS,1457.0,negotiated_dollar,947.05,reliable
"Northside Hospital Atlanta",json,"Cardiac Stress Test","STRESS TEST TREADMILL OR PHARM","","",outpatient,BCBS,"Blue HPN-L",1457.0,negotiated_dollar,629.86,reliable
"Northside Hospital Atlanta",json,"Cardiac Stress Test","STRESS TEST TREADMILL OR PHARM","","",outpatient,CareIQ,CareIQ,1457.0,negotiated_dollar,1457.0,reliable
"Northside Hospital Atlanta",json,"Cardiac Stress Test","STRESS TEST TREADMILL OR PHARM","","",outpatient,Kaiser,"Kaiser Dual Choice PPO-GPG/NOAS",1457.0,negotiated_dollar,1267.59,reliable
"Northside Hospital Atlanta",json,"Cardiac Stress Test","STRESS TEST TREADMILL OR PHARM","","",outpatient,CareSource,CareSource,1457.0,negotiated_dollar,272.67,reliable
"Northside Hospital Atlanta",json,"Cardiac Stress Test","STRESS TEST TREADMILL OR PHARM","","",outpatient,CareSource,"CareSource MarketPlace",1457.0,negotiated_dollar,542.0,reliable
"Northside Hospital Atlanta",json,"Cardiac Stress Test","STRESS TEST TREADMILL OR PHARM","","",outpatient,"CHAMPUS VA","CHAMPUS VA",1457.0,negotiated_dollar,37.17,reliable
"Northside Hospital Atlanta",json,"Cardiac Stress Test","STRESS TEST TREADMILL OR PHARM","","",outpatient,Cigna,Cigna,1457.0,negotiated_dollar,917.91,reliable
"Northside Hospital Atlanta",json,"Cardiac Stress Test","STRESS TEST TREADMILL OR PHARM","","",outpatient,Kaiser,Kaiser_HMO-GYNONC,1457.0,negotiated_dollar,947.05,reliable
"Northside Hospital Atlanta",json,"Cardiac Stress Test","STRESS TEST TREADMILL OR PHARM","","",outpatient,Kaiser,Kaiser_HMO-MELANOMA,1457.0,negotiated_dollar,947.05,reliable
"Northside Hospital Atlanta",json,"Cardiac Stress Test","STRESS TEST TREADMILL OR PHARM","","",outpatient,Kaiser,Kaiser_HMO-NAPS/CVG/NPCPS/UPS,1457.0,negotiated_dollar,947.05,reliable
"Northside Hospital Atlanta",json,"Cardiac Stress Test","STRESS TEST TREADMILL OR PHARM","","",outpatient,Kaiser,"Kaiser_HMO-VASC SURG",1457.0,negotiated_dollar,947.05,reliable
"Northside Hospital Atlanta",json,"Cardiac Stress Test","STRESS TEST TREADMILL OR PHARM","","",outpatient,Kaiser,Kaiser_SF,1457.0,negotiated_dollar,947.05,reliable
"Northside Hospital Atlanta",json,"Cardiac Stress Test","STRESS TEST TREADMILL OR PHARM","","",outpatient,Kaiser,Kaiser_SF-AGA,1457.0,negotiated_dollar,947.05,reliable
"Northside Hospital Atlanta",json,"Cardiac Stress Test","STRESS TEST TREADMILL OR PHARM","","",outpatient,Kaiser,Kaiser_SF-BARIATRIC,1457.0,negotiated_dollar,947.05,reliable
"Northside Hospital Atlanta",json,"Cardiac Stress Test","STRESS TEST TREADMILL OR PHARM","","",outpatient,Cigna,Cigna-G,1457.0,negotiated_dollar,917.91,reliable
"Northside Hospital Atlanta",json,"Cardiac Stress Test","STRESS TEST TREADMILL OR PHARM","","",outpatient,Cigna,Cigna-H,1457.0,negotiated_dollar,917.91,reliable
"Northside Hospital Atlanta",json,"Cardiac Stress Test","STRESS TEST TREADMILL OR PHARM","","",outpatient,Cigna,Cigna-L,1457.0,negotiated_dollar,917.91,reliable
"Northside Hospital Atlanta",json,"Cardiac Stress Test","STRESS TEST TREADMILL OR PHARM","","",outpatient,Cigna,"CIGNA HealthSprings Medicare Advantage",1457.0,negotiated_dollar,237.85,reliable
"Northside Hospital Atlanta",json,"Cardiac Stress Test","STRESS TEST TREADMILL OR PHARM","","",outpatient,"Corvel Workers Comp","Corvel Workers Comp",1457.0,negotiated_dollar,774.92,reliable
"Northside Hospital Atlanta",json,"Cardiac Stress Test","STRESS TEST TREADMILL OR PHARM","","",outpatient,"Dekalb_Department of Health","Dekalb_Department of Health",1457.0,negotiated_dollar,1457.0,reliable
"Northside Hospital Atlanta",json,"Cardiac Stress Test","STRESS TEST TREADMILL OR PHARM","","",outpatient,"Georgia Reproductive Specialists","Georgia Reproductive Specialists (SGF)",1457.0,negotiated_dollar,582.8,reliable
"Northside Hospital Atlanta",json,"Cardiac Stress Test","STRESS TEST TREADMILL OR PHARM","","",outpatient,"Georgia Workers Compensation","Georgia Workers Comp",1457.0,negotiated_dollar,815.71,reliable
"Northside Hospital Atlanta",json,"Cardiac Stress Test","STRESS TEST TREADMILL OR PHARM","","",outpatient,"Health One Alliance_PPO","Health One Alliance_PPO",1457.0,negotiated_dollar,801.35,reliable
"Northside Hospital Atlanta",json,"Cardiac Stress Test","STRESS TEST TREADMILL OR PHARM","","",outpatient,HomeLink,HomeLink,1457.0,negotiated_dollar,65.88,reliable
"Northside Hospital Atlanta",json,"Cardiac Stress Test","STRESS TEST TREADMILL OR PHARM","","",outpatient,"Institutional 115 Percent_Georgia Medicaid","Institutional 115 Percent_Georgia Medicaid",1457.0,negotiated_dollar,304.44,reliable
"Northside Hospital Atlanta",json,"Cardiac Stress Test","STRESS TEST TREADMILL OR PHARM","","",outpatient,"Institutional GA Medicaid","Institutional GA Medicaid",1457.0,negotiated_dollar,264.73,reliable
"Northside Hospital Atlanta",json,"Cardiac Stress Test","STRESS TEST TREADMILL OR PHARM","","",outpatient,"Institutional Marietta Surgery Center","Institutional Marietta Surgery Center",1457.0,negotiated_dollar,1457.0,reliable
"Northside Hospital Atlanta",json,"Cardiac Stress Test","STRESS TEST TREADMILL OR PHARM","","",outpatient,"Institutional Veterans Evaluation Services","Institutional Veterans Evaluation Services",1457.0,negotiated_dollar,1457.0,reliable
"Northside Hospital Atlanta",json,"Cardiac Stress Test","STRESS TEST TREADMILL OR PHARM","","",outpatient,Centene,"Peach State Medicaid",1457.0,negotiated_dollar,264.73,reliable
"Northside Hospital Atlanta",json,"Cardiac Stress Test","STRESS TEST TREADMILL OR PHARM","","",outpatient,UHC,"UHC Heritage Select",1457.0,negotiated_dollar,1030.1,reliable
"Northside Hospital Atlanta",json,"Cardiac Stress Test","STRESS TEST TREADMILL OR PHARM","","",outpatient,UHC,"UHC HMO/POS/PPO",1457.0,negotiated_dollar,904.07,reliable
"Northside Hospital Atlanta",json,"Cardiac Stress Test","STRESS TEST TREADMILL OR PHARM","","",outpatient,UHC,"UHC HMO/POS/PPO-G",1457.0,negotiated_dollar,904.07,reliable
"Northside Hospital Atlanta",json,"Cardiac Stress Test","STRESS TEST TREADMILL OR PHARM","","",outpatient,UHC,"UHC HMO/POS/PPO-T",1457.0,negotiated_dollar,904.07,reliable
"Northside Hospital Atlanta",json,"Cardiac Stress Test","STRESS TEST TREADMILL OR PHARM","","",outpatient,Centene,"Peach State Medicare",1457.0,negotiated_dollar,298.21,reliable
"Northside Hospital Atlanta",json,"Cardiac Stress Test","STRESS TEST TREADMILL OR PHARM","","",outpatient,PHCS,PHCS,1457.0,negotiated_dollar,1092.75,reliable
"Northside Hospital Atlanta",json,"Cardiac Stress Test","STRESS TEST TREADMILL OR PHARM","","",outpatient,"Quick Trip","Quick Trip",1457.0,negotiated_dollar,801.35,reliable
"Northside Hospital Atlanta",json,"Cardiac Stress Test","STRESS TEST TREADMILL OR PHARM","","",outpatient,"Rabun County BOC","Rabun County BOC",1457.0,negotiated_dollar,1457.0,reliable
"Northside Hospital Atlanta",json,"Cardiac Stress Test","STRESS TEST TREADMILL OR PHARM","","",outpatient,Spreemo,Spreemo,1457.0,negotiated_dollar,652.57,reliable
"Northside Hospital Atlanta",json,"Cardiac Stress Test","STRESS TEST TREADMILL OR PHARM","","",outpatient,"Streamline Imaging","Streamline Imaging",1457.0,negotiated_dollar,734.14,reliable
"Northside Hospital Atlanta",json,"Cardiac Stress Test","STRESS TEST TREADMILL OR PHARM","","",outpatient,Tricare,Tricare,1457.0,negotiated_dollar,219.32,reliable
"Northside Hospital Atlanta",json,"Cardiac Stress Test","STRESS TEST TREADMILL OR PHARM","","",outpatient,"Truths Community","Truths Community",1457.0,negotiated_dollar,312.0,reliable
"Northside Hospital Atlanta",json,"Cardiac Stress Test","STRESS TEST TREADMILL OR PHARM","","",outpatient,UHC,"UHC GA Individual Exchange",1457.0,negotiated_dollar,767.84,reliable
"Piedmont Atlanta Hospital",zip_csv,"Cardiac Stress Test","HC Stress Test Trace Only","","",both,"BEECHSTREET [10800]",Beechstreet,3622.3,negotiated_dollar,2897.84,reliable
"Piedmont Atlanta Hospital",zip_csv,"Cardiac Stress Test","HC Stress Test Trace Only","","",both,"PEACH STATE MEDICAID [20101]","Peach State Medicaid",3622.3,negotiated_dollar,433.95,reliable
"Piedmont Atlanta Hospital",zip_csv,"Cardiac Stress Test","HC Stress Test Trace Only","","",both,"AETNA [10100]","Aetna PPO",3622.3,negotiated_dollar,2644.28,reliable
"Piedmont Atlanta Hospital",zip_csv,"Cardiac Stress Test","HC Stress Test Trace Only","","",both,"FIRST HEALTH [10303]","First Health",3622.3,negotiated_dollar,2535.61,reliable
"Piedmont Atlanta Hospital",zip_csv,"Cardiac Stress Test","HC Stress Test Trace Only","","",both,"NOVANET [10819]",Novanet,3622.3,negotiated_dollar,2716.73,reliable
"Piedmont Atlanta Hospital",zip_csv,"Cardiac Stress Test","HC Stress Test Trace Only","","",both,"UNITED HEALTHCARE EXCHANGE  [11110]","United Healthcare Exchange",3622.3,negotiated_dollar,1394.0,reliable
"Piedmont Atlanta Hospital",zip_csv,"Cardiac Stress Test","HC Stress Test Trace Only","","",both,"PHCS [10601]",PHCS,3622.3,negotiated_dollar,2535.61,reliable
"Piedmont Atlanta Hospital",zip_csv,"Cardiac Stress Test","HC Stress Test Trace Only","","",both,"CIGNA [10200]",Cigna,3622.3,negotiated_dollar,2463.16,reliable
"Piedmont Atlanta Hospital",zip_csv,"Cardiac Stress Test","HC Stress Test Trace Only","","",both,"ALLIANT HEALTH PLANS OF GEORGIA [10952]",Alliant,3622.3,negotiated_dollar,2463.16,reliable
"Piedmont Atlanta Hospital",zip_csv,"Cardiac Stress Test","HC Stress Test Trace Only","","",both,"BLUE CROSS [10001]","Blue Cross PPO",3622.3,median_estimate,2484.9,reliable
"Piedmont Atlanta Hospital",zip_csv,"Cardiac Stress Test","HC Stress Test Trace Only","","",both,"CIGNA GEORGIA CIGNA CONNECT  [11107]","Cigna Connect",3622.3,negotiated_dollar,1760.44,reliable
"Piedmont Atlanta Hospital",zip_csv,"Cardiac Stress Test","HC Stress Test Trace Only","","",both,"AMERIGROUP MEDICAID [20100]",Amerigroup,3622.3,negotiated_dollar,413.3,reliable
"Piedmont Atlanta Hospital",zip_csv,"Cardiac Stress Test","HC Stress Test Trace Only","","",both,"BLUE CROSS [10001]","Blue Cross HMO",3622.3,median_estimate,2484.9,reliable
"Piedmont Atlanta Hospital",zip_csv,"Cardiac Stress Test","HC Stress Test Trace Only","","",both,"MULTIPLAN [10600]",Multiplan,3622.3,negotiated_dollar,3078.96,reliable
"Piedmont Atlanta Hospital",zip_csv,"Cardiac Stress Test","HC Stress Test Trace Only","","",both,"AETNA [10100]","Aetna HMO",3622.3,negotiated_dollar,2644.28,reliable
"Piedmont Atlanta Hospital",zip_csv,"Cardiac Stress Test","HC Stress Test Trace Only","","",both,"KAISER [10500]",Kaiser,3622.3,negotiated_dollar,2680.5,reliable
"Piedmont Atlanta Hospital",zip_csv,"Cardiac Stress Test","HC Stress Test Trace Only","","",both,"CARESOURCE MEDICAID [20104]","Caresource Medicaid",3622.3,negotiated_dollar,433.95,reliable
"Piedmont Atlanta Hospital",zip_csv,"Cardiac Stress Test","HC Stress Test Trace Only","","",both,"UHC [10700]","United Healthcare",3622.3,negotiated_dollar,2144.0,reliable
"Piedmont Atlanta Hospital",zip_csv,"Cardiac Stress Test","HC Stress Test Trace Only","","",both,"BEECHSTREET [10800]",Beechstreet,3622.3,negotiated_dollar,2897.84,reliable
"Piedmont Atlanta Hospital",zip_csv,"Cardiac Stress Test","HC Stress Test Trace Only","","",both,"PEACH STATE MEDICAID [20101]","Peach State Medicaid",3622.3,negotiated_dollar,433.95,reliable
"Piedmont Atlanta Hospital",zip_csv,"Cardiac Stress Test","HC Stress Test Trace Only","","",both,"AETNA [10100]","Aetna PPO",3622.3,negotiated_dollar,2644.28,reliable
"Piedmont Atlanta Hospital",zip_csv,"Cardiac Stress Test","HC Stress Test Trace Only","","",both,"FIRST HEALTH [10303]","First Health",3622.3,negotiated_dollar,2535.61,reliable
"Piedmont Atlanta Hospital",zip_csv,"Cardiac Stress Test","HC Stress Test Trace Only","","",both,"NOVANET [10819]",Novanet,3622.3,negotiated_dollar,2716.73,reliable
"Piedmont Atlanta Hospital",zip_csv,"Cardiac Stress Test","HC Stress Test Trace Only","","",both,"UNITED HEALTHCARE EXCHANGE  [11110]","United Healthcare Exchange",3622.3,negotiated_dollar,1394.0,reliable
"Piedmont Atlanta Hospital",zip_csv,"Cardiac Stress Test","HC Stress Test Trace Only","","",both,"PHCS [10601]",PHCS,3622.3,negotiated_dollar,2535.61,reliable
"Piedmont Atlanta Hospital",zip_csv,"Cardiac Stress Test","HC Stress Test Trace Only","","",both,"CIGNA [10200]",Cigna,3622.3,negotiated_dollar,2463.16,reliable
"Piedmont Atlanta Hospital",zip_csv,"Cardiac Stress Test","HC Stress Test Trace Only","","",both,"ALLIANT HEALTH PLANS OF GEORGIA [10952]",Alliant,3622.3,negotiated_dollar,2463.16,reliable
"Piedmont Atlanta Hospital",zip_csv,"Cardiac Stress Test","HC Stress Test Trace Only","","",both,"BLUE CROSS [10001]","Blue Cross PPO",3622.3,median_estimate,2484.9,reliable
"Piedmont Atlanta Hospital",zip_csv,"Cardiac Stress Test","HC Stress Test Trace Only","","",both,"CIGNA GEORGIA CIGNA CONNECT  [11107]","Cigna Connect",3622.3,negotiated_dollar,1760.44,reliable
"Piedmont Atlanta Hospital",zip_csv,"Cardiac Stress Test","HC Stress Test Trace Only","","",both,"AMERIGROUP MEDICAID [20100]",Amerigroup,3622.3,negotiated_dollar,413.3,reliable
"Piedmont Atlanta Hospital",zip_csv,"Cardiac Stress Test","HC Stress Test Trace Only","","",both,"BLUE CROSS [10001]","Blue Cross HMO",3622.3,median_estimate,2484.9,reliable
"Piedmont Atlanta Hospital",zip_csv,"Cardiac Stress Test","HC Stress Test Trace Only","","",both,"MULTIPLAN [10600]",Multiplan,3622.3,negotiated_dollar,3078.96,reliable
"Piedmont Atlanta Hospital",zip_csv,"Cardiac Stress Test","HC Stress Test Trace Only","","",both,"AETNA [10100]","Aetna HMO",3622.3,negotiated_dollar,2644.28,reliable
"Piedmont Atlanta Hospital",zip_csv,"Cardiac Stress Test","HC Stress Test Trace Only","","",both,"KAISER [10500]",Kaiser,3622.3,negotiated_dollar,2680.5,reliable
"Piedmont Atlanta Hospital",zip_csv,"Cardiac Stress Test","HC Stress Test Trace Only","","",both,"CARESOURCE MEDICAID [20104]","Caresource Medicaid",3622.3,negotiated_dollar,433.95,reliable
"Piedmont Atlanta Hospital",zip_csv,"Cardiac Stress Test","HC Stress Test Trace Only","","",both,"UHC [10700]","United Healthcare",3622.3,negotiated_dollar,2144.0,reliable
"Piedmont Atlanta Hospital",zip_csv,"Cardiac Stress Test","HC Stress Test Trace Only","","",both,"BEECHSTREET [10800]",Beechstreet,3622.3,negotiated_dollar,2897.84,reliable
"Piedmont Atlanta Hospital",zip_csv,"Cardiac Stress Test","HC Stress Test Trace Only","","",both,"PEACH STATE MEDICAID [20101]","Peach State Medicaid",3622.3,negotiated_dollar,433.95,reliable
"Piedmont Atlanta Hospital",zip_csv,"Cardiac Stress Test","HC Stress Test Trace Only","","",both,"AETNA [10100]","Aetna PPO",3622.3,negotiated_dollar,2644.28,reliable
"Piedmont Atlanta Hospital",zip_csv,"Cardiac Stress Test","HC Stress Test Trace Only","","",both,"FIRST HEALTH [10303]","First Health",3622.3,negotiated_dollar,2535.61,reliable
"Piedmont Atlanta Hospital",zip_csv,"Cardiac Stress Test","HC Stress Test Trace Only","","",both,"NOVANET [10819]",Novanet,3622.3,negotiated_dollar,2716.73,reliable
"Piedmont Atlanta Hospital",zip_csv,"Cardiac Stress Test","HC Stress Test Trace Only","","",both,"UNITED HEALTHCARE EXCHANGE  [11110]","United Healthcare Exchange",3622.3,negotiated_dollar,1394.0,reliable
"Piedmont Atlanta Hospital",zip_csv,"Cardiac Stress Test","HC Stress Test Trace Only","","",both,"PHCS [10601]",PHCS,3622.3,negotiated_dollar,2535.61,reliable
"Piedmont Atlanta Hospital",zip_csv,"Cardiac Stress Test","HC Stress Test Trace Only","","",both,"CIGNA [10200]",Cigna,3622.3,negotiated_dollar,2463.16,reliable
"Piedmont Atlanta Hospital",zip_csv,"Cardiac Stress Test","HC Stress Test Trace Only","","",both,"ALLIANT HEALTH PLANS OF GEORGIA [10952]",Alliant,3622.3,negotiated_dollar,2463.16,reliable
"Piedmont Atlanta Hospital",zip_csv,"Cardiac Stress Test","HC Stress Test Trace Only","","",both,"BLUE CROSS [10001]","Blue Cross PPO",3622.3,median_estimate,2484.9,reliable
"Piedmont Atlanta Hospital",zip_csv,"Cardiac Stress Test","HC Stress Test Trace Only","","",both,"CIGNA GEORGIA CIGNA CONNECT  [11107]","Cigna Connect",3622.3,negotiated_dollar,1760.44,reliable
"Piedmont Atlanta Hospital",zip_csv,"Cardiac Stress Test","HC Stress Test Trace Only","","",both,"AMERIGROUP MEDICAID [20100]",Amerigroup,3622.3,negotiated_dollar,413.3,reliable
"Piedmont Atlanta Hospital",zip_csv,"Cardiac Stress Test","HC Stress Test Trace Only","","",both,"BLUE CROSS [10001]","Blue Cross HMO",3622.3,median_estimate,2484.9,reliable
"Piedmont Atlanta Hospital",zip_csv,"Cardiac Stress Test","HC Stress Test Trace Only","","",both,"MULTIPLAN [10600]",Multiplan,3622.3,negotiated_dollar,3078.96,reliable
"Piedmont Atlanta Hospital",zip_csv,"Cardiac Stress Test","HC Stress Test Trace Only","","",both,"AETNA [10100]","Aetna HMO",3622.3,negotiated_dollar,2644.28,reliable
"Piedmont Atlanta Hospital",zip_csv,"Cardiac Stress Test","HC Stress Test Trace Only","","",both,"KAISER [10500]",Kaiser,3622.3,negotiated_dollar,2680.5,reliable
"Piedmont Atlanta Hospital",zip_csv,"Cardiac Stress Test","HC Stress Test Trace Only","","",both,"CARESOURCE MEDICAID [20104]","Caresource Medicaid",3622.3,negotiated_dollar,433.95,reliable
"Piedmont Atlanta Hospital",zip_csv,"Cardiac Stress Test","HC Stress Test Trace Only","","",both,"UHC [10700]","United Healthcare",3622.3,negotiated_dollar,2144.0,reliable
"Piedmont Atlanta Hospital",zip_csv,"Cardiac Stress Test","HC Stress Test Trace Only","","",both,"BEECHSTREET [10800]",Beechstreet,3622.3,negotiated_dollar,2897.84,reliable
"Piedmont Atlanta Hospital",zip_csv,"Cardiac Stress Test","HC Stress Test Trace Only","","",both,"PEACH STATE MEDICAID [20101]","Peach State Medicaid",3622.3,negotiated_dollar,433.95,reliable
"Piedmont Atlanta Hospital",zip_csv,"Cardiac Stress Test","HC Stress Test Trace Only","","",both,"AETNA [10100]","Aetna PPO",3622.3,negotiated_dollar,2644.28,reliable
"Piedmont Atlanta Hospital",zip_csv,"Cardiac Stress Test","HC Stress Test Trace Only","","",both,"FIRST HEALTH [10303]","First Health",3622.3,negotiated_dollar,2535.61,reliable
"Piedmont Atlanta Hospital",zip_csv,"Cardiac Stress Test","HC Stress Test Trace Only","","",both,"NOVANET [10819]",Novanet,3622.3,negotiated_dollar,2716.73,reliable
"Piedmont Atlanta Hospital",zip_csv,"Cardiac Stress Test","HC Stress Test Trace Only","","",both,"UNITED HEALTHCARE EXCHANGE  [11110]","United Healthcare Exchange",3622.3,negotiated_dollar,1394.0,reliable
"Piedmont Atlanta Hospital",zip_csv,"Cardiac Stress Test","HC Stress Test Trace Only","","",both,"PHCS [10601]",PHCS,3622.3,negotiated_dollar,2535.61,reliable
"Piedmont Atlanta Hospital",zip_csv,"Cardiac Stress Test","HC Stress Test Trace Only","","",both,"CIGNA [10200]",Cigna,3622.3,negotiated_dollar,2463.16,reliable
"Piedmont Atlanta Hospital",zip_csv,"Cardiac Stress Test","HC Stress Test Trace Only","","",both,"ALLIANT HEALTH PLANS OF GEORGIA [10952]",Alliant,3622.3,negotiated_dollar,2463.16,reliable
"Piedmont Atlanta Hospital",zip_csv,"Cardiac Stress Test","HC Stress Test Trace Only","","",both,"BLUE CROSS [10001]","Blue Cross PPO",3622.3,median_estimate,2484.9,reliable
"Piedmont Atlanta Hospital",zip_csv,"Cardiac Stress Test","HC Stress Test Trace Only","","",both,"CIGNA GEORGIA CIGNA CONNECT  [11107]","Cigna Connect",3622.3,negotiated_dollar,1760.44,reliable
"Piedmont Atlanta Hospital",zip_csv,"Cardiac Stress Test","HC Stress Test Trace Only","","",both,"AMERIGROUP MEDICAID [20100]",Amerigroup,3622.3,negotiated_dollar,413.3,reliable
"Piedmont Atlanta Hospital",zip_csv,"Cardiac Stress Test","HC Stress Test Trace Only","","",both,"BLUE CROSS [10001]","Blue Cross HMO",3622.3,median_estimate,2484.9,reliable
"Piedmont Atlanta Hospital",zip_csv,"Cardiac Stress Test","HC Stress Test Trace Only","","",both,"MULTIPLAN [10600]",Multiplan,3622.3,negotiated_dollar,3078.96,reliable
"Piedmont Atlanta Hospital",zip_csv,"Cardiac Stress Test","HC Stress Test Trace Only","","",both,"AETNA [10100]","Aetna HMO",3622.3,negotiated_dollar,2644.28,reliable
"Piedmont Atlanta Hospital",zip_csv,"Cardiac Stress Test","HC Stress Test Trace Only","","",both,"KAISER [10500]",Kaiser,3622.3,negotiated_dollar,2680.5,reliable
"Piedmont Atlanta Hospital",zip_csv,"Cardiac Stress Test","HC Stress Test Trace Only","","",both,"CARESOURCE MEDICAID [20104]","Caresource Medicaid",3622.3,negotiated_dollar,433.95,reliable
"Piedmont Atlanta Hospital",zip_csv,"Cardiac Stress Test","HC Stress Test Trace Only","","",both,"UHC [10700]","United Healthcare",3622.3,negotiated_dollar,2144.0,reliable
"Piedmont Atlanta Hospital",zip_csv,"Cardiac Stress Test","HC Stress Test Trace Only","","",both,"BEECHSTREET [10800]",Beechstreet,3622.3,negotiated_dollar,2897.84,reliable
"Piedmont Atlanta Hospital",zip_csv,"Cardiac Stress Test","HC Stress Test Trace Only","","",both,"PEACH STATE MEDICAID [20101]","Peach State Medicaid",3622.3,negotiated_dollar,433.95,reliable
"Piedmont Atlanta Hospital",zip_csv,"Cardiac Stress Test","HC Stress Test Trace Only","","",both,"AETNA [10100]","Aetna PPO",3622.3,negotiated_dollar,2644.28,reliable
"Piedmont Atlanta Hospital",zip_csv,"Cardiac Stress Test","HC Stress Test Trace Only","","",both,"FIRST HEALTH [10303]","First Health",3622.3,negotiated_dollar,2535.61,reliable
"Piedmont Atlanta Hospital",zip_csv,"Cardiac Stress Test","HC Stress Test Trace Only","","",both,"NOVANET [10819]",Novanet,3622.3,negotiated_dollar,2716.73,reliable
"Piedmont Atlanta Hospital",zip_csv,"Cardiac Stress Test","HC Stress Test Trace Only","","",both,"UNITED HEALTHCARE EXCHANGE  [11110]","United Healthcare Exchange",3622.3,negotiated_dollar,1394.0,reliable
"Piedmont Atlanta Hospital",zip_csv,"Cardiac Stress Test","HC Stress Test Trace Only","","",both,"PHCS [10601]",PHCS,3622.3,negotiated_dollar,2535.61,reliable
"Piedmont Atlanta Hospital",zip_csv,"Cardiac Stress Test","HC Stress Test Trace Only","","",both,"CIGNA [10200]",Cigna,3622.3,negotiated_dollar,2463.16,reliable
"Piedmont Atlanta Hospital",zip_csv,"Cardiac Stress Test","HC Stress Test Trace Only","","",both,"ALLIANT HEALTH PLANS OF GEORGIA [10952]",Alliant,3622.3,negotiated_dollar,2463.16,reliable
"Piedmont Atlanta Hospital",zip_csv,"Cardiac Stress Test","HC Stress Test Trace Only","","",both,"BLUE CROSS [10001]","Blue Cross PPO",3622.3,median_estimate,2484.9,reliable
"Piedmont Atlanta Hospital",zip_csv,"Cardiac Stress Test","HC Stress Test Trace Only","","",both,"CIGNA GEORGIA CIGNA CONNECT  [11107]","Cigna Connect",3622.3,negotiated_dollar,1760.44,reliable
"Piedmont Atlanta Hospital",zip_csv,"Cardiac Stress Test","HC Stress Test Trace Only","","",both,"AMERIGROUP MEDICAID [20100]",Amerigroup,3622.3,negotiated_dollar,413.3,reliable
"Piedmont Atlanta Hospital",zip_csv,"Cardiac Stress Test","HC Stress Test Trace Only","","",both,"BLUE CROSS [10001]","Blue Cross HMO",3622.3,median_estimate,2484.9,reliable
"Piedmont Atlanta Hospital",zip_csv,"Cardiac Stress Test","HC Stress Test Trace Only","","",both,"MULTIPLAN [10600]",Multiplan,3622.3,negotiated_dollar,3078.96,reliable
"Piedmont Atlanta Hospital",zip_csv,"Cardiac Stress Test","HC Stress Test Trace Only","","",both,"AETNA [10100]","Aetna HMO",3622.3,negotiated_dollar,2644.28,reliable
"Piedmont Atlanta Hospital",zip_csv,"Cardiac Stress Test","HC Stress Test Trace Only","","",both,"KAISER [10500]",Kaiser,3622.3,negotiated_dollar,2680.5,reliable
"Piedmont Atlanta Hospital",zip_csv,"Cardiac Stress Test","HC Stress Test Trace Only","","",both,"CARESOURCE MEDICAID [20104]","Caresource Medicaid",3622.3,negotiated_dollar,433.95,reliable
"Piedmont Atlanta Hospital",zip_csv,"Cardiac Stress Test","HC Stress Test Trace Only","","",both,"UHC [10700]","United Healthcare",3622.3,negotiated_dollar,2144.0,reliable
"Wellstar Kennestone Hospital",csv_flat,"Cardiac Stress Test","Hc Pet Cv Stress Test",facility,"",both,"","",3270.0,unavailable,,low_confidence
"Wellstar Kennestone Hospital",csv_flat,"Cardiac Stress Test","Hc Pet Cv Stress Test",facility,"",both,"","",1325.0,unavailable,,low_confidence
"Wellstar Kennestone Hospital",csv_flat,"Cardiac Stress Test","Hc Pet Cv Stress Test",facility,"",both,"","",3270.0,unavailable,,low_confidence
"Wellstar Kennestone Hospital",csv_flat,"Cardiac Stress Test","Hc Cardiovascular Stress Test",facility,"",both,"","",1325.0,unavailable,,low_confidence
"Wellstar Kennestone Hospital",csv_flat,"Cardiac Stress Test","Hc Cardiovascular Stress Test",facility,"",both,"","",3270.0,unavailable,,low_confidence
"Wellstar Kennestone Hospital",csv_flat,"Cardiac Stress Test","Hc Cardiovascular Stress Test",facility,"",both,"","",150.0,unavailable,,low_confidence
"Wellstar Kennestone Hospital",csv_flat,"Cardiac Stress Test","Hc Cardiovascular Stress Test",facility,"",both,"","",3270.0,unavailable,,low_confidence
"Wellstar Kennestone Hospital",csv_flat,"Cardiac Stress Test","Hc Nm Cv Stress Test",facility,"",both,"","",3270.0,unavailable,,low_confidence
"Wellstar Kennestone Hospital",csv_flat,"Cardiac Stress Test","Hc Nm Cv Stress Test",facility,"",both,"","",1325.0,unavailable,,low_confidence
"Wellstar Kennestone Hospital",csv_flat,"Cardiac Stress Test","Hc Nm Cv Stress Test",facility,"",both,"","",3270.0,unavailable,,low_confidence
"Wellstar Kennestone Hospital",csv_flat,"Cardiac Stress Test","Cardiovascular stress test",facility,"",outpatient,Bcbs,Hmo/Pos,,negotiated_dollar,823.3,low_confidence
"Wellstar Kennestone Hospital",csv_flat,"Cardiac Stress Test","Cardiovascular stress test",facility,"",outpatient,Bcbs,"Shbp Other Commercial Plan",,negotiated_dollar,649.83,low_confidence
"Wellstar Kennestone Hospital",csv_flat,"Cardiac Stress Test","Cardiovascular stress test",facility,"",outpatient,Aetna,"Medicare Managed Care Plan",,negotiated_dollar,219.32,low_confidence
"Wellstar Kennestone Hospital",csv_flat,"Cardiac Stress Test","Cardiovascular stress test",facility,"",outpatient,Ambetter,"Select Exchange",,negotiated_dollar,386.0,low_confidence
"Wellstar Kennestone Hospital",csv_flat,"Cardiac Stress Test","Cardiovascular stress test",facility,"",outpatient,Bcbs,"Medicare Managed Care Plan",,negotiated_dollar,223.7,low_confidence
"Wellstar Kennestone Hospital",csv_flat,"Cardiac Stress Test","Cardiovascular stress test",facility,"",outpatient,Caresource,Exchange,,negotiated_dollar,429.86,low_confidence
"Wellstar Kennestone Hospital",csv_flat,"Cardiac Stress Test","Cardiovascular stress test",facility,"",outpatient,Caresource,"Medicare Managed Care Plan",,negotiated_dollar,234.67,low_confidence
"Wellstar Kennestone Hospital",csv_flat,"Cardiac Stress Test","Cardiovascular stress test",facility,"",outpatient,Cigna,"Medicare Managed Care Plan",,negotiated_dollar,230.28,low_confidence
"Wellstar Kennestone Hospital",csv_flat,"Cardiac Stress Test","Cardiovascular stress test",facility,"",outpatient,"Oscar Healthplan",Exchange,,negotiated_dollar,405.73,low_confidence
"Wellstar Kennestone Hospital",csv_flat,"Cardiac Stress Test","Hc Pet Cv Stress Test",facility,"",both,"","",3270.0,unavailable,,low_confidence
"Wellstar Kennestone Hospital",csv_flat,"Cardiac Stress Test","Hc Pet Cv Stress Test",facility,"",both,"","",1325.0,unavailable,,low_confidence
"Wellstar Kennestone Hospital",csv_flat,"Cardiac Stress Test","Hc Pet Cv Stress Test",facility,"",both,"","",3270.0,unavailable,,low_confidence
"Wellstar Kennestone Hospital",csv_flat,"Cardiac Stress Test","Hc Cardiovascular Stress Test",facility,"",both,"","",1325.0,unavailable,,low_confidence
"Wellstar Kennestone Hospital",csv_flat,"Cardiac Stress Test","Hc Cardiovascular Stress Test",facility,"",both,"","",3270.0,unavailable,,low_confidence
"Wellstar Kennestone Hospital",csv_flat,"Cardiac Stress Test","Hc Cardiovascular Stress Test",facility,"",both,"","",150.0,unavailable,,low_confidence
"Wellstar Kennestone Hospital",csv_flat,"Cardiac Stress Test","Hc Cardiovascular Stress Test",facility,"",both,"","",3270.0,unavailable,,low_confidence
"Wellstar Kennestone Hospital",csv_flat,"Cardiac Stress Test","Hc Nm Cv Stress Test",facility,"",both,"","",3270.0,unavailable,,low_confidence
"Wellstar Kennestone Hospital",csv_flat,"Cardiac Stress Test","Hc Nm Cv Stress Test",facility,"",both,"","",1325.0,unavailable,,low_confidence
"Wellstar Kennestone Hospital",csv_flat,"Cardiac Stress Test","Hc Nm Cv Stress Test",facility,"",both,"","",3270.0,unavailable,,low_confidence
"Wellstar Kennestone Hospital",csv_flat,"Cardiac Stress Test","Cardiovascular stress test",facility,"",outpatient,Bcbs,Hmo/Pos,,negotiated_dollar,823.3,low_confidence
"Wellstar Kennestone Hospital",csv_flat,"Cardiac Stress Test","Cardiovascular stress test",facility,"",outpatient,Bcbs,"Shbp Other Commercial Plan",,negotiated_dollar,649.83,low_confidence
"Wellstar Kennestone Hospital",csv_flat,"Cardiac Stress Test","Cardiovascular stress test",facility,"",outpatient,Aetna,"Medicare Managed Care Plan",,negotiated_dollar,219.32,low_confidence
"Wellstar Kennestone Hospital",csv_flat,"Cardiac Stress Test","Cardiovascular stress test",facility,"",outpatient,Ambetter,"Select Exchange",,negotiated_dollar,386.0,low_confidence
"Wellstar Kennestone Hospital",csv_flat,"Cardiac Stress Test","Cardiovascular stress test",facility,"",outpatient,Bcbs,"Medicare Managed Care Plan",,negotiated_dollar,223.7,low_confidence
"Wellstar Kennestone Hospital",csv_flat,"Cardiac Stress Test","Cardiovascular stress test",facility,"",outpatient,Caresource,Exchange,,negotiated_dollar,429.86,low_confidence
"Wellstar Kennestone Hospital",csv_flat,"Cardiac Stress Test","Cardiovascular stress test",facility,"",outpatient,Caresource,"Medicare Managed Care Plan",,negotiated_dollar,234.67,low_confidence
"Wellstar Kennestone Hospital",csv_flat,"Cardiac Stress Test","Cardiovascular stress test",facility,"",outpatient,Cigna,"Medicare Managed Care Plan",,negotiated_dollar,230.28,low_confidence
"Wellstar Kennestone Hospital",csv_flat,"Cardiac Stress Test","Cardiovascular stress test",facility,"",outpatient,"Oscar Healthplan",Exchange,,negotiated_dollar,405.73,low_confidence
"Emory University Hospital",csv_flat,Colonoscopy,"Hc Colonoscopy Flx Dx W/Collj Spec When Pfrmd - Colonoscopy",facility,"",both,"","",3992.0,unavailable,,low_confidence
"Emory University Hospital",csv_flat,Colonoscopy,"Hc Colonoscopy Flx Dx W/Collj Spec When Pfrmd - Colonoscopy",facility,"",both,"","",3307.0,unavailable,,low_confidence
"Emory University Hospital",csv_flat,Colonoscopy,"Diagnostic colonoscopy",facility,"",outpatient,Aetna,Exchange,,negotiated_dollar,3295.0,low_confidence
"Emory University Hospital",csv_flat,Colonoscopy,"Diagnostic colonoscopy",facility,"",outpatient,Aetna,"Hpn Whole Health Other Commercial Plan",,negotiated_dollar,3826.0,low_confidence
"Emory University Hospital",csv_flat,Colonoscopy,"Diagnostic colonoscopy",facility,"",outpatient,Bcbs,"Blue Pathways Exchange",,negotiated_dollar,2678.54,low_confidence
"Emory University Hospital",csv_flat,Colonoscopy,"Diagnostic colonoscopy",facility,"",outpatient,Bcbs,Hmo,,negotiated_dollar,4221.48,low_confidence
"Emory University Hospital",csv_flat,Colonoscopy,"Diagnostic colonoscopy",facility,"",outpatient,Bcbs,"Hpn Other Commercial Plan",,negotiated_dollar,3722.82,low_confidence
"Emory University Hospital",csv_flat,Colonoscopy,"Diagnostic colonoscopy",facility,"",outpatient,Cigna,Hmo/Pos,,negotiated_dollar,4797.0,low_confidence
"Emory University Hospital",csv_flat,Colonoscopy,"Diagnostic colonoscopy",facility,"",outpatient,Humana,Hmo/Pos,,negotiated_dollar,5345.54,low_confidence
"Emory University Hospital",csv_flat,Colonoscopy,"Diagnostic colonoscopy",facility,"",outpatient,Humana,"Medicare Managed Care Plan",,negotiated_dollar,5345.54,low_confidence
"Emory University Hospital",csv_flat,Colonoscopy,"Diagnostic colonoscopy",facility,"",outpatient,Kaiser,Hmo,,negotiated_dollar,3051.0,low_confidence
"Emory University Hospital",csv_flat,Colonoscopy,"Diagnostic colonoscopy",facility,"",outpatient,"Oscar Health",Exchange,,negotiated_dollar,4249.0,low_confidence
"Emory University Hospital",csv_flat,Colonoscopy,"Diagnostic colonoscopy",facility,"",outpatient,Unitedhealthcare,Hmo/Pos,,negotiated_dollar,3425.0,low_confidence
"Emory University Hospital",csv_flat,Colonoscopy,"Diagnostic colonoscopy",facility,"",outpatient,Unitedhealthcare,"Core/Charter/Nexus Other Commercial Plan",,negotiated_dollar,2912.0,low_confidence
"Emory University Hospital",csv_flat,Colonoscopy,"Diagnostic colonoscopy",facility,"",outpatient,Aetna,"Medicare Managed Care Plan",,negotiated_dollar,951.43,low_confidence
"Emory University Hospital",csv_flat,Colonoscopy,"Diagnostic colonoscopy",facility,"",outpatient,"Ambetter Health","Peach State Exchange",,negotiated_dollar,1977.47,low_confidence
"Emory University Hospital",csv_flat,Colonoscopy,"Diagnostic colonoscopy",facility,"",outpatient,Bcbs,"Blue Value Secure Medicare Managed Care Plan",,negotiated_dollar,942.1,low_confidence
"Emory University Hospital",csv_flat,Colonoscopy,"Diagnostic colonoscopy",facility,"",outpatient,Cigna,"Healthspring Medicare Managed Care Plan",,negotiated_dollar,960.75,low_confidence
"Emory University Hospital",csv_flat,Colonoscopy,"Diagnostic colonoscopy",facility,"",outpatient,"Clover Health","Medicare Managed Care Plan",,negotiated_dollar,979.41,low_confidence
"Emory University Hospital",csv_flat,Colonoscopy,"Diagnostic colonoscopy",facility,"",outpatient,"Devoted Health","Medicare Managed Care Plan",,negotiated_dollar,932.77,low_confidence
"Emory University Hospital",csv_flat,Colonoscopy,"Diagnostic colonoscopy",facility,"",outpatient,Wellcare,"Medicare Managed Care Plan",,negotiated_dollar,988.74,low_confidence
"Emory University Hospital",csv_flat,Colonoscopy,"Hc Colonoscopy W/Biopsy Single/Multiple - Colonoscopy",facility,"",both,"","",3992.0,unavailable,,low_confidence
"Emory University Hospital",csv_flat,Colonoscopy,"Hc Colonoscopy W/Biopsy Single/Multiple - Colonoscopy",facility,"",both,"","",3472.0,unavailable,,low_confidence
"Emory University Hospital",csv_flat,Colonoscopy,"Colonoscopy and biopsy",facility,"",outpatient,Aetna,Exchange,,negotiated_dollar,3295.0,low_confidence
"Emory University Hospital",csv_flat,Colonoscopy,"Colonoscopy and biopsy",facility,"",outpatient,Aetna,"Hpn Whole Health Other Commercial Plan",,negotiated_dollar,3826.0,low_confidence
"Emory University Hospital",csv_flat,Colonoscopy,"Colonoscopy and biopsy",facility,"",outpatient,Bcbs,"Blue Pathways Exchange",,negotiated_dollar,3011.79,low_confidence
"Emory University Hospital",csv_flat,Colonoscopy,"Colonoscopy and biopsy",facility,"",outpatient,Bcbs,Hmo,,negotiated_dollar,5051.48,low_confidence
"Emory University Hospital",csv_flat,Colonoscopy,"Colonoscopy and biopsy",facility,"",outpatient,Bcbs,"Hpn Other Commercial Plan",,negotiated_dollar,4454.79,low_confidence
"Emory University Hospital",csv_flat,Colonoscopy,"Colonoscopy and biopsy",facility,"",outpatient,Cigna,Hmo/Pos,,negotiated_dollar,4797.0,low_confidence
"Emory University Hospital",csv_flat,Colonoscopy,"Colonoscopy and biopsy",facility,"",outpatient,Humana,Hmo/Pos,,negotiated_dollar,5345.54,low_confidence
"Emory University Hospital",csv_flat,Colonoscopy,"Colonoscopy and biopsy",facility,"",outpatient,Humana,"Medicare Managed Care Plan",,negotiated_dollar,5345.54,low_confidence
"Emory University Hospital",csv_flat,Colonoscopy,"Colonoscopy and biopsy",facility,"",outpatient,Kaiser,Hmo,,negotiated_dollar,3051.0,low_confidence
"Emory University Hospital",csv_flat,Colonoscopy,"Colonoscopy and biopsy",facility,"",outpatient,"Oscar Health",Exchange,,negotiated_dollar,4249.0,low_confidence
"Emory University Hospital",csv_flat,Colonoscopy,"Colonoscopy and biopsy",facility,"",outpatient,Unitedhealthcare,Hmo/Pos,,negotiated_dollar,3425.0,low_confidence
"Emory University Hospital",csv_flat,Colonoscopy,"Colonoscopy and biopsy",facility,"",outpatient,Unitedhealthcare,"Core/Charter/Nexus Other Commercial Plan",,negotiated_dollar,2912.0,low_confidence
"Emory University Hospital",csv_flat,Colonoscopy,"Colonoscopy and biopsy",facility,"",outpatient,Aetna,"Medicare Managed Care Plan",,negotiated_dollar,1224.27,low_confidence
"Emory University Hospital",csv_flat,Colonoscopy,"Colonoscopy and biopsy",facility,"",outpatient,"Ambetter Health","Peach State Exchange",,negotiated_dollar,2544.55,low_confidence
"Emory University Hospital",csv_flat,Colonoscopy,"Colonoscopy and biopsy",facility,"",outpatient,Bcbs,"Blue Value Secure Medicare Managed Care Plan",,negotiated_dollar,1212.26,low_confidence
"Emory University Hospital",csv_flat,Colonoscopy,"Colonoscopy and biopsy",facility,"",outpatient,Cigna,"Healthspring Medicare Managed Care Plan",,negotiated_dollar,1236.27,low_confidence
"Emory University Hospital",csv_flat,Colonoscopy,"Colonoscopy and biopsy",facility,"",outpatient,"Clover Health","Medicare Managed Care Plan",,negotiated_dollar,1260.27,low_confidence
"Emory University Hospital",csv_flat,Colonoscopy,"Colonoscopy and biopsy",facility,"",outpatient,"Devoted Health","Medicare Managed Care Plan",,negotiated_dollar,1200.26,low_confidence
"Emory University Hospital",csv_flat,Colonoscopy,"Colonoscopy and biopsy",facility,"",outpatient,Wellcare,"Medicare Managed Care Plan",,negotiated_dollar,1272.28,low_confidence
"Grady Memorial Hospital",csv_wide,Colonoscopy,"Diagnostic colonoscopy",facility,"",outpatient,Aetna,Commercial,,negotiated_dollar,2891.0,reliable
"Grady Memorial Hospital",csv_wide,Colonoscopy,"Diagnostic colonoscopy",facility,"",outpatient,Aetna,Medicare,,negotiated_dollar,907.11,reliable
"Grady Memorial Hospital",csv_wide,Colonoscopy,"Diagnostic colonoscopy",facility,"",outpatient,Ambetter,Marketplace,,negotiated_dollar,907.11,reliable
"Grady Memorial Hospital",csv_wide,Colonoscopy,"Diagnostic colonoscopy",facility,"",outpatient,"Anthem BCBS",HMO/POS,,negotiated_dollar,3933.13,reliable
"Grady Memorial Hospital",csv_wide,Colonoscopy,"Diagnostic colonoscopy",facility,"",outpatient,"Anthem BCBS",Medicare,,negotiated_dollar,907.11,reliable
"Grady Memorial Hospital",csv_wide,Colonoscopy,"Diagnostic colonoscopy",facility,"",outpatient,"Anthem BCBS",PPO,,negotiated_dollar,4275.0,reliable
"Grady Memorial Hospital",csv_wide,Colonoscopy,"Diagnostic colonoscopy",facility,"",outpatient,"Anthem BCBS",Pathways/Marketplace,,negotiated_dollar,3933.13,reliable
"Grady Memorial Hospital",csv_wide,Colonoscopy,"Diagnostic colonoscopy",facility,"",outpatient,Caresource,Marketplace,,negotiated_dollar,1451.38,reliable
"Grady Memorial Hospital",csv_wide,Colonoscopy,"Diagnostic colonoscopy",facility,"",outpatient,Cigna,Commercial,,negotiated_dollar,2836.0,reliable
"Grady Memorial Hospital",csv_wide,Colonoscopy,"Diagnostic colonoscopy",facility,"",outpatient,Cigna,IFP,,negotiated_dollar,1230.45,reliable
"Grady Memorial Hospital",csv_wide,Colonoscopy,"Diagnostic colonoscopy",facility,"",outpatient,Cigna,"Local Plus",,negotiated_dollar,1362.0,reliable
"Grady Memorial Hospital",csv_wide,Colonoscopy,"Diagnostic colonoscopy",facility,"",outpatient,Cigna,Medicare,,negotiated_dollar,907.11,reliable
"Grady Memorial Hospital",csv_wide,Colonoscopy,"Diagnostic colonoscopy",facility,"",outpatient,"Clear Spring Health",Medicare,,negotiated_dollar,952.47,reliable
"Grady Memorial Hospital",csv_wide,Colonoscopy,"Diagnostic colonoscopy",facility,"",outpatient,Clover,Medicare,,negotiated_dollar,952.47,reliable
"Grady Memorial Hospital",csv_wide,Colonoscopy,"Diagnostic colonoscopy",facility,"",outpatient,Humana,Medicare,,negotiated_dollar,907.11,reliable
"Grady Memorial Hospital",csv_wide,Colonoscopy,"Diagnostic colonoscopy",facility,"",outpatient,Kaiser,Medicare,,negotiated_dollar,907.11,reliable
"Grady Memorial Hospital",csv_wide,Colonoscopy,"Diagnostic colonoscopy",facility,"",outpatient,Medicare,Medicare,,negotiated_dollar,907.11,reliable
"Grady Memorial Hospital",csv_wide,Colonoscopy,"Diagnostic colonoscopy",facility,"",outpatient,"Oscar Health",Commercial/Marketplace,,negotiated_dollar,1504.32,reliable
"Grady Memorial Hospital",csv_wide,Colonoscopy,"Diagnostic colonoscopy",facility,"",outpatient,"Peach State",Medicaid,,negotiated_dollar,214.67,reliable
"Grady Memorial Hospital",csv_wide,Colonoscopy,"Diagnostic colonoscopy",facility,"",outpatient,UHC,Charter,,negotiated_dollar,2880.0,reliable
"Grady Memorial Hospital",csv_wide,Colonoscopy,"Diagnostic colonoscopy",facility,"",outpatient,UHC,Commercial,,negotiated_dollar,2880.0,reliable
"Grady Memorial Hospital",csv_wide,Colonoscopy,"Diagnostic colonoscopy",facility,"",outpatient,UHC,Core,,negotiated_dollar,2592.0,reliable
"Grady Memorial Hospital",csv_wide,Colonoscopy,"Diagnostic colonoscopy",facility,"",outpatient,UHC,Exchange/Marketplace,,negotiated_dollar,2304.0,reliable
"Grady Memorial Hospital",csv_wide,Colonoscopy,"Diagnostic colonoscopy",facility,"",outpatient,UHC,Medicare,,negotiated_dollar,907.11,reliable
"Grady Memorial Hospital",csv_wide,Colonoscopy,"Diagnostic colonoscopy",facility,"",outpatient,UHC,"Surest Health",,negotiated_dollar,2880.0,reliable
"Grady Memorial Hospital",csv_wide,Colonoscopy,"Diagnostic colonoscopy",facility,"",outpatient,"USP Naphcare",Commercial,,negotiated_dollar,1678.16,reliable
"Grady Memorial Hospital",csv_wide,Colonoscopy,"Diagnostic colonoscopy",facility,"",outpatient,VACCN,Commercial,,negotiated_dollar,907.11,reliable
"Grady Memorial Hospital",csv_wide,Colonoscopy,"Diagnostic colonoscopy",facility,"",outpatient,WellCare,Medicare,,negotiated_dollar,907.11,reliable
"Grady Memorial Hospital",csv_wide,Colonoscopy,"Colonoscopy and biopsy",facility,"",outpatient,Aetna,Commercial,,negotiated_dollar,2891.0,reliable
"Grady Memorial Hospital",csv_wide,Colonoscopy,"Colonoscopy and biopsy",facility,"",outpatient,Aetna,Medicare,,negotiated_dollar,1173.14,reliable
"Grady Memorial Hospital",csv_wide,Colonoscopy,"Colonoscopy and biopsy",facility,"",outpatient,Ambetter,Marketplace,,negotiated_dollar,1173.14,reliable
"Grady Memorial Hospital",csv_wide,Colonoscopy,"Colonoscopy and biopsy",facility,"",outpatient,"Anthem BCBS",HMO/POS,,negotiated_dollar,5537.81,reliable
"Grady Memorial Hospital",csv_wide,Colonoscopy,"Colonoscopy and biopsy",facility,"",outpatient,"Anthem BCBS",Medicare,,negotiated_dollar,1173.14,reliable
"Grady Memorial Hospital",csv_wide,Colonoscopy,"Colonoscopy and biopsy",facility,"",outpatient,"Anthem BCBS",PPO,,negotiated_dollar,5612.5,reliable
"Grady Memorial Hospital",csv_wide,Colonoscopy,"Colonoscopy and biopsy",facility,"",outpatient,"Anthem BCBS",Pathways/Marketplace,,negotiated_dollar,5537.81,reliable
"Grady Memorial Hospital",csv_wide,Colonoscopy,"Colonoscopy and biopsy",facility,"",outpatient,Caresource,Marketplace,,negotiated_dollar,1877.02,reliable
"Grady Memorial Hospital",csv_wide,Colonoscopy,"Colonoscopy and biopsy",facility,"",outpatient,Cigna,Commercial,,negotiated_dollar,2836.0,reliable
"Grady Memorial Hospital",csv_wide,Colonoscopy,"Colonoscopy and biopsy",facility,"",outpatient,Cigna,IFP,,negotiated_dollar,1588.71,reliable
"Grady Memorial Hospital",csv_wide,Colonoscopy,"Colonoscopy and biopsy",facility,"",outpatient,Cigna,"Local Plus",,negotiated_dollar,1362.0,reliable
"Grady Memorial Hospital",csv_wide,Colonoscopy,"Colonoscopy and biopsy",facility,"",outpatient,Cigna,Medicare,,negotiated_dollar,1173.14,reliable
"Grady Memorial Hospital",csv_wide,Colonoscopy,"Colonoscopy and biopsy",facility,"",outpatient,"Clear Spring Health",Medicare,,negotiated_dollar,1231.8,reliable
"Grady Memorial Hospital",csv_wide,Colonoscopy,"Colonoscopy and biopsy",facility,"",outpatient,Clover,Medicare,,negotiated_dollar,1231.8,reliable
"Grady Memorial Hospital",csv_wide,Colonoscopy,"Colonoscopy and biopsy",facility,"",outpatient,Humana,Medicare,,negotiated_dollar,1173.14,reliable
"Grady Memorial Hospital",csv_wide,Colonoscopy,"Colonoscopy and biopsy",facility,"",outpatient,Kaiser,Medicare,,negotiated_dollar,1173.14,reliable
"Grady Memorial Hospital",csv_wide,Colonoscopy,"Colonoscopy and biopsy",facility,"",outpatient,Medicare,Medicare,,negotiated_dollar,1173.14,reliable
"Grady Memorial Hospital",csv_wide,Colonoscopy,"Colonoscopy and biopsy",facility,"",outpatient,"Oscar Health",Commercial/Marketplace,,negotiated_dollar,1945.49,reliable
"Grady Memorial Hospital",csv_wide,Colonoscopy,"Colonoscopy and biopsy",facility,"",outpatient,"Peach State",Medicaid,,negotiated_dollar,231.71,reliable
"Grady Memorial Hospital",csv_wide,Colonoscopy,"Colonoscopy and biopsy",facility,"",outpatient,UHC,Charter,,negotiated_dollar,2880.0,reliable
"Grady Memorial Hospital",csv_wide,Colonoscopy,"Colonoscopy and biopsy",facility,"",outpatient,UHC,Commercial,,negotiated_dollar,2880.0,reliable
"Grady Memorial Hospital",csv_wide,Colonoscopy,"Colonoscopy and biopsy",facility,"",outpatient,UHC,Core,,negotiated_dollar,2592.0,reliable
"Grady Memorial Hospital",csv_wide,Colonoscopy,"Colonoscopy and biopsy",facility,"",outpatient,UHC,Exchange/Marketplace,,negotiated_dollar,2304.0,reliable
"Grady Memorial Hospital",csv_wide,Colonoscopy,"Colonoscopy and biopsy",facility,"",outpatient,UHC,Medicare,,negotiated_dollar,1173.14,reliable
"Grady Memorial Hospital",csv_wide,Colonoscopy,"Colonoscopy and biopsy",facility,"",outpatient,UHC,"Surest Health",,negotiated_dollar,2880.0,reliable
"Grady Memorial Hospital",csv_wide,Colonoscopy,"Colonoscopy and biopsy",facility,"",outpatient,"USP Naphcare",Commercial,,negotiated_dollar,2170.31,reliable
"Grady Memorial Hospital",csv_wide,Colonoscopy,"Colonoscopy and biopsy",facility,"",outpatient,VACCN,Commercial,,negotiated_dollar,1173.14,reliable
"Grady Memorial Hospital",csv_wide,Colonoscopy,"Colonoscopy and biopsy",facility,"",outpatient,WellCare,Medicare,,negotiated_dollar,1173.14,reliable
"Northside Hospital Atlanta",json,Colonoscopy,"DIAGNOSTIC COLONOSCOPY","","",outpatient,Humana,"Humana Medicare Advantage PPO",,negotiated_dollar,4150.11,reliable
"Northside Hospital Atlanta",json,Colonoscopy,"DIAGNOSTIC COLONOSCOPY","","",outpatient,"Institutional 100 Percent of Medicare","Institutional 100 Percent of Medicare",,negotiated_dollar,3990.49,reliable
"Northside Hospital Atlanta",json,Colonoscopy,"DIAGNOSTIC COLONOSCOPY","","",outpatient,"Institutional 110 Percent of Medicare","Institutional 110 Percent of Medicare",,negotiated_dollar,4474.88,reliable
"Northside Hospital Atlanta",json,Colonoscopy,"DIAGNOSTIC COLONOSCOPY","","",outpatient,"Institutional 120 Percent of Medicare","Institutional 120 Percent of Medicare",,negotiated_dollar,4881.68,reliable
"Northside Hospital Atlanta",json,Colonoscopy,"DIAGNOSTIC COLONOSCOPY","","",outpatient,Kaiser,"Kaiser Medicare Advantage",,negotiated_dollar,4110.2,reliable
"Northside Hospital Atlanta",json,Colonoscopy,"DIAGNOSTIC COLONOSCOPY","","",outpatient,Medicare,Medicare,,negotiated_dollar,3990.49,reliable
"Northside Hospital Atlanta",json,Colonoscopy,"DIAGNOSTIC COLONOSCOPY","","",outpatient,"CLEAR SPRINGS EON HEALTH","CLEAR SPRINGS EON HEALTH",,negotiated_dollar,3990.49,reliable
"Northside Hospital Atlanta",json,Colonoscopy,"DIAGNOSTIC COLONOSCOPY","","",outpatient,"VA CCN","VA CCN",,negotiated_dollar,3990.49,reliable
"Northside Hospital Atlanta",json,Colonoscopy,"DIAGNOSTIC COLONOSCOPY","","",outpatient,"Pruitt Health Premier","Pruitt Health Premier",,negotiated_dollar,4190.01,reliable
"Northside Hospital Atlanta",json,Colonoscopy,"DIAGNOSTIC COLONOSCOPY","","",outpatient,Aetna,"Aetna Medicare",,negotiated_dollar,4070.3,reliable
"Northside Hospital Atlanta",json,Colonoscopy,"DIAGNOSTIC COLONOSCOPY","","",outpatient,BCBS,"BCBS Medicare Advantage",,negotiated_dollar,3990.49,reliable
"Northside Hospital Atlanta",json,Colonoscopy,"DIAGNOSTIC COLONOSCOPY","","",outpatient,BCBS,"BCBS Medicare Advantage-P",,negotiated_dollar,3990.49,reliable
"Northside Hospital Atlanta",json,Colonoscopy,"DIAGNOSTIC COLONOSCOPY","","",outpatient,BCCP,BCCP,,negotiated_dollar,4068.07,reliable
"Northside Hospital Atlanta",json,Colonoscopy,"DIAGNOSTIC COLONOSCOPY","","",outpatient,CareSource,"CareSource Medicare Advantage",,negotiated_dollar,4110.2,reliable
"Northside Hospital Atlanta",json,Colonoscopy,"DIAGNOSTIC COLONOSCOPY","","",outpatient,CBWW,CBWW,,negotiated_dollar,4068.07,reliable
"Northside Hospital Atlanta",json,Colonoscopy,"DIAGNOSTIC COLONOSCOPY","","",outpatient,"Clover Health","Clover Health",,negotiated_dollar,4189.83,reliable
"Northside Hospital Atlanta",json,Colonoscopy,"DIAGNOSTIC COLONOSCOPY","","",outpatient,Coventry,"Coventry Medicare",,negotiated_dollar,4070.3,reliable
"Northside Hospital Atlanta",json,Colonoscopy,"DIAGNOSTIC COLONOSCOPY","","",outpatient,"Devoted Medicare Advantage","Devoted Medicare Advantage",,negotiated_dollar,4190.01,reliable
"Northside Hospital Atlanta",json,Colonoscopy,"DIAGNOSTIC COLONOSCOPY","","",outpatient,"Fairly Group","Fairly Group",,negotiated_dollar,4588.5,reliable
"Northside Hospital Atlanta",json,Colonoscopy,"DIAGNOSTIC COLONOSCOPY","","",outpatient,Humana,"Humana Medicare Advantage HMO",,negotiated_dollar,4030.39,reliable
"Northside Hospital Atlanta",json,Colonoscopy,"DIAGNOSTIC COLONOSCOPY","","",outpatient,"Truths Community","Truths Community",,negotiated_dollar,4068.07,reliable
"Northside Hospital Atlanta",json,Colonoscopy,"DIAGNOSTIC COLONOSCOPY","","",outpatient,UHC,"UHC Medicare",,negotiated_dollar,3990.49,reliable
"Northside Hospital Atlanta",json,Colonoscopy,"DIAGNOSTIC COLONOSCOPY","","",outpatient,"US Dept of Labor WC","US Dept of Labor WC",,negotiated_dollar,5085.09,reliable
"Northside Hospital Atlanta",json,Colonoscopy,"DIAGNOSTIC COLONOSCOPY","","",outpatient,Wellcare,"Wellcare Medicare Advantage",,negotiated_dollar,4110.2,reliable
"Northside Hospital Atlanta",json,Colonoscopy,"DIAGNOSTIC COLONOSCOPY","","",outpatient,Multiplan,"Multiplan PPO",,unavailable,,reliable
"Northside Hospital Atlanta",json,Colonoscopy,"DIAGNOSTIC COLONOSCOPY","","",outpatient,"Multiplan Workers Comp","Multiplan Workers Comp",,unavailable,,reliable
"Northside Hospital Atlanta",json,Colonoscopy,"DIAGNOSTIC COLONOSCOPY","","",outpatient,"Northside Health Network","Northside Health Network",,negotiated_dollar,7875.0,reliable
"Northside Hospital Atlanta",json,Colonoscopy,"DIAGNOSTIC COLONOSCOPY","","",outpatient,"Northside Health Network","Northside Health Network-S",,negotiated_dollar,7875.0,reliable
"Northside Hospital Atlanta",json,Colonoscopy,"DIAGNOSTIC COLONOSCOPY","","",outpatient,Aetna,"Aetna HMO/POS/PPO",,negotiated_dollar,6519.0,reliable
"Northside Hospital Atlanta",json,Colonoscopy,"DIAGNOSTIC COLONOSCOPY","","",outpatient,Aetna,"Aetna HMO/POS/PPO-G",,negotiated_dollar,6519.0,reliable
"Northside Hospital Atlanta",json,Colonoscopy,"DIAGNOSTIC COLONOSCOPY","","",outpatient,Aetna,"Aetna HMO/POS/PPO-Q",,negotiated_dollar,6519.0,reliable
"Northside Hospital Atlanta",json,Colonoscopy,"DIAGNOSTIC COLONOSCOPY","","",outpatient,Aetna,"Aetna Whole Health",,negotiated_dollar,4712.0,reliable
"Northside Hospital Atlanta",json,Colonoscopy,"DIAGNOSTIC COLONOSCOPY","","",outpatient,Aetna,"Aetna Whole Health-G",,negotiated_dollar,4712.0,reliable
"Northside Hospital Atlanta",json,Colonoscopy,"DIAGNOSTIC COLONOSCOPY","","",outpatient,"CHAMPUS VA","CHAMPUS VA",,negotiated_dollar,50000.0,reliable
"Northside Hospital Atlanta",json,Colonoscopy,"DIAGNOSTIC COLONOSCOPY","","",outpatient,Cigna,Cigna,,negotiated_dollar,5210.0,reliable
"Northside Hospital Atlanta",json,Colonoscopy,"DIAGNOSTIC COLONOSCOPY","","",outpatient,Cigna,Cigna-G,,negotiated_dollar,5210.0,reliable
"Northside Hospital Atlanta",json,Colonoscopy,"DIAGNOSTIC COLONOSCOPY","","",outpatient,Cigna,Cigna-H,,negotiated_dollar,5210.0,reliable
"Northside Hospital Atlanta",json,Colonoscopy,"DIAGNOSTIC COLONOSCOPY","","",outpatient,Cigna,Cigna-L,,negotiated_dollar,5210.0,reliable
"Northside Hospital Atlanta",json,Colonoscopy,"DIAGNOSTIC COLONOSCOPY","","",outpatient,"Health One Alliance_PPO","Health One Alliance_PPO",,negotiated_dollar,12000.0,reliable
"Northside Hospital Atlanta",json,Colonoscopy,"DIAGNOSTIC COLONOSCOPY","","",outpatient,HomeLink,HomeLink,,negotiated_dollar,580.26,reliable
"Northside Hospital Atlanta",json,Colonoscopy,"DIAGNOSTIC COLONOSCOPY","","",outpatient,Kaiser,Kaiser_SF-MELANOMA,,negotiated_dollar,1099.0,reliable
"Northside Hospital Atlanta",json,Colonoscopy,"DIAGNOSTIC COLONOSCOPY","","",outpatient,Kaiser,Kaiser_SF-NAPS/CVG/NPCPS/UPS,,negotiated_dollar,1099.0,reliable
"Northside Hospital Atlanta",json,Colonoscopy,"DIAGNOSTIC COLONOSCOPY","","",outpatient,Kaiser,"Kaiser_SF-THOR SURG",,negotiated_dollar,1099.0,reliable
"Northside Hospital Atlanta",json,Colonoscopy,"DIAGNOSTIC COLONOSCOPY","","",outpatient,Kaiser,"Kaiser_SF-VASC SURG",,negotiated_dollar,1099.0,reliable
"Northside Hospital Atlanta",json,Colonoscopy,"DIAGNOSTIC COLONOSCOPY","","",outpatient,"Med Care Solutions","Med Care Solutions",,unavailable,,reliable
"Northside Hospital Atlanta",json,Colonoscopy,"DIAGNOSTIC COLONOSCOPY","","",outpatient,Centene,"Ambetter PAR",,negotiated_dollar,1959.86,reliable
"Northside Hospital Atlanta",json,Colonoscopy,"DIAGNOSTIC COLONOSCOPY","","",outpatient,UHC,"UHC GA Individual Exchange",,negotiated_dollar,5352.0,reliable
"Northside Hospital Atlanta",json,Colonoscopy,"DIAGNOSTIC COLONOSCOPY","","",outpatient,UHC,"UHC Heritage Select",,negotiated_dollar,5774.0,reliable
"Northside Hospital Atlanta",json,Colonoscopy,"DIAGNOSTIC COLONOSCOPY","","",outpatient,"MedLien Healthcare Services","MedLien Healthcare Services",,unavailable,,reliable
"Northside Hospital Atlanta",json,Colonoscopy,"DIAGNOSTIC COLONOSCOPY","","",outpatient,MTI,MTI,,negotiated_dollar,546.13,reliable
"Northside Hospital Atlanta",json,Colonoscopy,"DIAGNOSTIC COLONOSCOPY","","",outpatient,Amerigroup,"Amerigroup Medicaid",,negotiated_dollar,9084.66,reliable
"Northside Hospital Atlanta",json,Colonoscopy,"DIAGNOSTIC COLONOSCOPY","","",outpatient,Kaiser,Kaiser_HMO,,negotiated_dollar,1237.0,reliable
"Northside Hospital Atlanta",json,Colonoscopy,"DIAGNOSTIC COLONOSCOPY","","",outpatient,Kaiser,Kaiser_HMO-AGA,,negotiated_dollar,1237.0,reliable
"Northside Hospital Atlanta",json,Colonoscopy,"DIAGNOSTIC COLONOSCOPY","","",outpatient,Kaiser,Kaiser_HMO-BARIATRIC,,negotiated_dollar,1237.0,reliable
"Northside Hospital Atlanta",json,Colonoscopy,"DIAGNOSTIC COLONOSCOPY","","",outpatient,Kaiser,Kaiser_HMO-GCS,,negotiated_dollar,1237.0,reliable
"Northside Hospital Atlanta",json,Colonoscopy,"DIAGNOSTIC COLONOSCOPY","","",outpatient,Kaiser,Kaiser_HMO-GPG/NOAS,,negotiated_dollar,1237.0,reliable
"Northside Hospital Atlanta",json,Colonoscopy,"DIAGNOSTIC COLONOSCOPY","","",outpatient,Kaiser,Kaiser_HMO-GYNONC,,negotiated_dollar,1237.0,reliable
"Northside Hospital Atlanta",json,Colonoscopy,"DIAGNOSTIC COLONOSCOPY","","",outpatient,Kaiser,Kaiser_HMO-MELANOMA,,negotiated_dollar,1237.0,reliable
"Northside Hospital Atlanta",json,Colonoscopy,"DIAGNOSTIC COLONOSCOPY","","",outpatient,Kaiser,Kaiser_HMO-NAPS/CVG/NPCPS/UPS,,negotiated_dollar,1237.0,reliable
"Northside Hospital Atlanta",json,Colonoscopy,"DIAGNOSTIC COLONOSCOPY","","",outpatient,Amerigroup,"Amerigroup Medicare Advantage",,negotiated_dollar,8084.54,reliable
"Northside Hospital Atlanta",json,Colonoscopy,"DIAGNOSTIC COLONOSCOPY","","",outpatient,"Authentic 4D","Authentic 4D",,negotiated_dollar,2149.4,reliable
"Northside Hospital Atlanta",json,Colonoscopy,"DIAGNOSTIC COLONOSCOPY","","",outpatient,BCBS,"BCBS PRUDT BUYER",,negotiated_dollar,34850.0,reliable
"Northside Hospital Atlanta",json,Colonoscopy,"DIAGNOSTIC COLONOSCOPY","","",outpatient,BCBS,BCBS_HMO,,negotiated_dollar,6938.0,reliable
"Northside Hospital Atlanta",json,Colonoscopy,"DIAGNOSTIC COLONOSCOPY","","",outpatient,BCBS,BCBS_HMO-L,,negotiated_dollar,6938.0,reliable
"Northside Hospital Atlanta",json,Colonoscopy,"DIAGNOSTIC COLONOSCOPY","","",outpatient,BCBS,BCBS_PATHWAY,,negotiated_dollar,3194.0,reliable
"Northside Hospital Atlanta",json,Colonoscopy,"DIAGNOSTIC COLONOSCOPY","","",outpatient,BCBS,BCBS_PATHWAY-L,,negotiated_dollar,3194.0,reliable
"Northside Hospital Atlanta",json,Colonoscopy,"DIAGNOSTIC COLONOSCOPY","","",outpatient,BCBS,BCBS_PPO,,negotiated_dollar,7633.0,reliable
"Northside Hospital Atlanta",json,Colonoscopy,"DIAGNOSTIC COLONOSCOPY","","",outpatient,BCBS,BCBS_PPO-L,,negotiated_dollar,7633.0,reliable
"Northside Hospital Atlanta",json,Colonoscopy,"DIAGNOSTIC COLONOSCOPY","","",outpatient,"Beech Steet","Beech Street",,unavailable,,reliable
"Northside Hospital Atlanta",json,Colonoscopy,"DIAGNOSTIC COLONOSCOPY","","",outpatient,BCBS,"Blue HPN",,negotiated_dollar,4962.0,reliable
"Northside Hospital Atlanta",json,Colonoscopy,"DIAGNOSTIC COLONOSCOPY","","",outpatient,BCBS,"Blue HPN-L",,negotiated_dollar,4962.0,reliable
"Northside Hospital Atlanta",json,Colonoscopy,"DIAGNOSTIC COLONOSCOPY","","",outpatient,CareIQ,CareIQ,,unavailable,,reliable
"Northside Hospital Atlanta",json,Colonoscopy,"DIAGNOSTIC COLONOSCOPY","","",outpatient,Kaiser,"Kaiser_HMO-VASC SURG",,negotiated_dollar,1237.0,reliable
"Northside Hospital Atlanta",json,Colonoscopy,"DIAGNOSTIC COLONOSCOPY","","",outpatient,Kaiser,Kaiser_SF,,negotiated_dollar,1099.0,reliable
"Northside Hospital Atlanta",json,Colonoscopy,"DIAGNOSTIC COLONOSCOPY","","",outpatient,Kaiser,Kaiser_SF-AGA,,negotiated_dollar,1099.0,reliable
"Northside Hospital Atlanta",json,Colonoscopy,"DIAGNOSTIC COLONOSCOPY","","",outpatient,Kaiser,Kaiser_SF-BARIATRIC,,negotiated_dollar,1099.0,reliable
"Northside Hospital Atlanta",json,Colonoscopy,"DIAGNOSTIC COLONOSCOPY","","",outpatient,Kaiser,Kaiser_SF-GCS,,negotiated_dollar,1099.0,reliable
"Northside Hospital Atlanta",json,Colonoscopy,"DIAGNOSTIC COLONOSCOPY","","",outpatient,CareSource,CareSource,,negotiated_dollar,9357.2,reliable
"Northside Hospital Atlanta",json,Colonoscopy,"DIAGNOSTIC COLONOSCOPY","","",outpatient,CareSource,"CareSource MarketPlace",,negotiated_dollar,18600.0,reliable
"Northside Hospital Atlanta",json,Colonoscopy,"DIAGNOSTIC COLONOSCOPY","","",outpatient,Cigna,"CIGNA HealthSprings Medicare Advantage",,negotiated_dollar,8162.28,reliable
"Northside Hospital Atlanta",json,Colonoscopy,"DIAGNOSTIC COLONOSCOPY","","",outpatient,"Corvel Workers Comp","Corvel Workers Comp",,negotiated_dollar,2388.22,reliable
"Northside Hospital Atlanta",json,Colonoscopy,"DIAGNOSTIC COLONOSCOPY","","",outpatient,"Dekalb_Department of Health","Dekalb_Department of Health",,unavailable,,reliable
"Northside Hospital Atlanta",json,Colonoscopy,"DIAGNOSTIC COLONOSCOPY","","",outpatient,Kaiser,Kaiser_SF-GPG/NOAS,,negotiated_dollar,1099.0,reliable
"Northside Hospital Atlanta",json,Colonoscopy,"DIAGNOSTIC COLONOSCOPY","","",outpatient,Kaiser,Kaiser_SF-GYNONC,,negotiated_dollar,1099.0,reliable
"Northside Hospital Atlanta",json,Colonoscopy,"DIAGNOSTIC COLONOSCOPY","","",outpatient,Lantern,Lantern,,negotiated_dollar,1081.92,reliable
"Northside Hospital Atlanta",json,Colonoscopy,"DIAGNOSTIC COLONOSCOPY","","",outpatient,"Employers Choice Network","Employers Choice Network",,negotiated_dollar,2388.22,reliable
"Northside Hospital Atlanta",json,Colonoscopy,"DIAGNOSTIC COLONOSCOPY","","",outpatient,"Fieldale Farms WC","Fieldale Farms WC",,negotiated_dollar,2388.22,reliable
"Northside Hospital Atlanta",json,Colonoscopy,"DIAGNOSTIC COLONOSCOPY","","",outpatient,FIFA,FIFA,,unavailable,,reliable
"Northside Hospital Atlanta",json,Colonoscopy,"DIAGNOSTIC COLONOSCOPY","","",outpatient,Coventry,"First Health and Coventry National",,negotiated_dollar,30000.0,reliable
"Northside Hospital Atlanta",json,Colonoscopy,"DIAGNOSTIC COLONOSCOPY","","",outpatient,"Genex/Priority Care Solutions","Genex/Priority Care Solutions",,negotiated_dollar,1910.58,reliable
"Northside Hospital Atlanta",json,Colonoscopy,"DIAGNOSTIC COLONOSCOPY","","",outpatient,"Georgia Reproductive Specialists","Georgia Reproductive Specialists (SGF)",,unavailable,,reliable
"Northside Hospital Atlanta",json,Colonoscopy,"DIAGNOSTIC COLONOSCOPY","","",outpatient,"Georgia Workers Compensation","Georgia Workers Comp",,negotiated_dollar,2388.22,reliable
"Northside Hospital Atlanta",json,Colonoscopy,"DIAGNOSTIC COLONOSCOPY","","",outpatient,"Institutional 115 Percent_Georgia Medicaid","Institutional 115 Percent_Georgia Medicaid",,negotiated_dollar,10447.36,reliable
"Northside Hospital Atlanta",json,Colonoscopy,"DIAGNOSTIC COLONOSCOPY","","",outpatient,"Institutional GA Medicaid","Institutional GA Medicaid",,negotiated_dollar,9084.66,reliable
"Northside Hospital Atlanta",json,Colonoscopy,"DIAGNOSTIC COLONOSCOPY","","",outpatient,"Institutional Marietta Surgery Center","Institutional Marietta Surgery Center",,unavailable,,reliable
"Northside Hospital Atlanta",json,Colonoscopy,"DIAGNOSTIC COLONOSCOPY","","",outpatient,"Institutional Veterans Evaluation Services","Institutional Veterans Evaluation Services",,unavailable,,reliable
"Northside Hospital Atlanta",json,Colonoscopy,"DIAGNOSTIC COLONOSCOPY","","",outpatient,Kaiser,"Kaiser Dual Choice PPO",,negotiated_dollar,1441.0,reliable
"Northside Hospital Atlanta",json,Colonoscopy,"DIAGNOSTIC COLONOSCOPY","","",outpatient,Kaiser,"Kaiser Dual Choice PPO-AGA",,negotiated_dollar,1441.0,reliable
"Northside Hospital Atlanta",json,Colonoscopy,"DIAGNOSTIC COLONOSCOPY","","",outpatient,Kaiser,"Kaiser Dual Choice PPO-BARIATRIC",,negotiated_dollar,1441.0,reliable
"Northside Hospital Atlanta",json,Colonoscopy,"DIAGNOSTIC COLONOSCOPY","","",outpatient,Kaiser,"Kaiser Dual Choice PPO-GCS",,negotiated_dollar,1441.0,reliable
"Northside Hospital Atlanta",json,Colonoscopy,"DIAGNOSTIC COLONOSCOPY","","",outpatient,Kaiser,"Kaiser Dual Choice PPO-GPG/NOAS",,negotiated_dollar,1441.0,reliable
"Northside Hospital Atlanta",json,Colonoscopy,"DIAGNOSTIC COLONOSCOPY","","",outpatient,Kaiser,"Kaiser Dual Choice PPO-GYNONC",,negotiated_dollar,1441.0,reliable
"Northside Hospital Atlanta",json,Colonoscopy,"DIAGNOSTIC COLONOSCOPY","","",outpatient,Kaiser,"Kaiser Dual Choice PPO-MELANOMA",,negotiated_dollar,1441.0,reliable
"Northside Hospital Atlanta",json,Colonoscopy,"DIAGNOSTIC COLONOSCOPY","","",outpatient,Kaiser,"Kaiser Dual Choice PPO-NAPS/CVG/NPCPS/UPS",,negotiated_dollar,1441.0,reliable
"Northside Hospital Atlanta",json,Colonoscopy,"DIAGNOSTIC COLONOSCOPY","","",outpatient,Kaiser,"Kaiser Dual Choice PPO-THOR SURG",,negotiated_dollar,1441.0,reliable
"Northside Hospital Atlanta",json,Colonoscopy,"DIAGNOSTIC COLONOSCOPY","","",outpatient,Kaiser,"Kaiser Dual Choice PPO-VASC SURG",,negotiated_dollar,1441.0,reliable
"Northside Hospital Atlanta",json,Colonoscopy,"DIAGNOSTIC COLONOSCOPY","","",outpatient,NovaNet_PPO,NovaNet_PPO,,negotiated_dollar,35000.0,reliable
"Northside Hospital Atlanta",json,Colonoscopy,"DIAGNOSTIC COLONOSCOPY","","",outpatient,"One Call Diagnostics","One Call Diagnostics",,negotiated_dollar,436.9,reliable
"Northside Hospital Atlanta",json,Colonoscopy,"DIAGNOSTIC COLONOSCOPY","","",outpatient,Oscar,Oscar,,negotiated_dollar,5939.85,reliable
"Northside Hospital Atlanta",json,Colonoscopy,"DIAGNOSTIC COLONOSCOPY","","",outpatient,Centene,"Peach State Medicaid",,negotiated_dollar,9084.66,reliable
"Northside Hospital Atlanta",json,Colonoscopy,"DIAGNOSTIC COLONOSCOPY","","",outpatient,Centene,"Peach State Medicare",,negotiated_dollar,10233.6,reliable
"Northside Hospital Atlanta",json,Colonoscopy,"DIAGNOSTIC COLONOSCOPY","","",outpatient,PHCS,PHCS,,negotiated_dollar,37500.0,reliable
"Northside Hospital Atlanta",json,Colonoscopy,"DIAGNOSTIC COLONOSCOPY","","",outpatient,"Quick Trip","Quick Trip",,negotiated_dollar,27500.0,reliable
"Northside Hospital Atlanta",json,Colonoscopy,"DIAGNOSTIC COLONOSCOPY","","",outpatient,"Rabun County BOC","Rabun County BOC",,unavailable,,reliable
"Northside Hospital Atlanta",json,Colonoscopy,"DIAGNOSTIC COLONOSCOPY","","",outpatient,Spreemo,Spreemo,,negotiated_dollar,1910.58,reliable
"Northside Hospital Atlanta",json,Colonoscopy,"DIAGNOSTIC COLONOSCOPY","","",outpatient,"Streamline Imaging","Streamline Imaging",,negotiated_dollar,2149.4,reliable
"Northside Hospital Atlanta",json,Colonoscopy,"DIAGNOSTIC COLONOSCOPY","","",outpatient,Tricare,Tricare,,negotiated_dollar,5143.07,reliable
"Northside Hospital Atlanta",json,Colonoscopy,"DIAGNOSTIC COLONOSCOPY","","",outpatient,UHC,"UHC HMO/POS/PPO",,negotiated_dollar,6943.0,reliable
"Northside Hospital Atlanta",json,Colonoscopy,"DIAGNOSTIC COLONOSCOPY","","",outpatient,UHC,"UHC HMO/POS/PPO-G",,negotiated_dollar,6943.0,reliable
"Northside Hospital Atlanta",json,Colonoscopy,"DIAGNOSTIC COLONOSCOPY","","",outpatient,UHC,"UHC HMO/POS/PPO-T",,negotiated_dollar,6943.0,reliable
"Northside Hospital Atlanta",json,Colonoscopy,"DIAGNOSTIC COLONOSCOPY","","",inpatient,UHC,"UHC HMO/POS/PPO-T",552.0,negotiated_dollar,338.03,reliable
"Northside Hospital Atlanta",json,Colonoscopy,"DIAGNOSTIC COLONOSCOPY","","",inpatient,UHC,"UHC Medicare",552.0,negotiated_dollar,168.45,reliable
"Northside Hospital Atlanta",json,Colonoscopy,"DIAGNOSTIC COLONOSCOPY","","",inpatient,Cigna,"CIGNA HealthSprings Medicare Advantage",552.0,negotiated_dollar,173.5,reliable
"Northside Hospital Atlanta",json,Colonoscopy,"DIAGNOSTIC COLONOSCOPY","","",inpatient,Wellcare,"Wellcare Medicare Advantage",552.0,negotiated_dollar,168.45,reliable
"Northside Hospital Atlanta",json,Colonoscopy,"DIAGNOSTIC COLONOSCOPY","","",inpatient,Tricare,Tricare,552.0,negotiated_dollar,178.87,reliable
"Northside Hospital Atlanta",json,Colonoscopy,"DIAGNOSTIC COLONOSCOPY","","",inpatient,UHC,"UHC GA Individual Exchange",552.0,negotiated_dollar,330.92,reliable
"Northside Hospital Atlanta",json,Colonoscopy,"DIAGNOSTIC COLONOSCOPY","","",inpatient,Kaiser,"Kaiser Dual Choice PPO-MELANOMA",552.0,negotiated_dollar,320.05,reliable
"Northside Hospital Atlanta",json,Colonoscopy,"DIAGNOSTIC COLONOSCOPY","","",inpatient,Kaiser,"Kaiser Dual Choice PPO-NAPS/CVG/NPCPS/UPS",552.0,negotiated_dollar,218.98,reliable
"Northside Hospital Atlanta",json,Colonoscopy,"DIAGNOSTIC COLONOSCOPY","","",inpatient,Kaiser,"Kaiser Dual Choice PPO-VASC SURG",552.0,negotiated_dollar,202.14,reliable
"Northside Hospital Atlanta",json,Colonoscopy,"DIAGNOSTIC COLONOSCOPY","","",inpatient,Kaiser,"Kaiser Medicare Advantage",552.0,negotiated_dollar,168.45,reliable
"Northside Hospital Atlanta",json,Colonoscopy,"DIAGNOSTIC COLONOSCOPY","","",inpatient,Medicare,Medicare,552.0,negotiated_dollar,168.45,reliable
"Northside Hospital Atlanta",json,Colonoscopy,"DIAGNOSTIC COLONOSCOPY","","",inpatient,"CLEAR SPRINGS EON HEALTH","CLEAR SPRINGS EON HEALTH",552.0,negotiated_dollar,176.87,reliable
"Northside Hospital Atlanta",json,Colonoscopy,"DIAGNOSTIC COLONOSCOPY","","",inpatient,"VA CCN","VA CCN",552.0,negotiated_dollar,168.45,reliable
"Northside Hospital Atlanta",json,Colonoscopy,"DIAGNOSTIC COLONOSCOPY","","",inpatient,"Northside Health Network","Northside Health Network",552.0,negotiated_dollar,314.0,reliable
"Northside Hospital Atlanta",json,Colonoscopy,"DIAGNOSTIC COLONOSCOPY","","",inpatient,"Northside Health Network","Northside Health Network-S",552.0,negotiated_dollar,392.5,reliable
"Northside Hospital Atlanta",json,Colonoscopy,"DIAGNOSTIC COLONOSCOPY","","",inpatient,NovaNet_PPO,NovaNet_PPO,552.0,negotiated_dollar,441.6,reliable
"Northside Hospital Atlanta",json,Colonoscopy,"DIAGNOSTIC COLONOSCOPY","","",inpatient,UHC,"UHC HMO/POS/PPO",552.0,negotiated_dollar,400.74,reliable
"Northside Hospital Atlanta",json,Colonoscopy,"DIAGNOSTIC COLONOSCOPY","","",inpatient,UHC,"UHC HMO/POS/PPO-G",552.0,negotiated_dollar,575.99,reliable
"Northside Hospital Atlanta",json,Colonoscopy,"DIAGNOSTIC COLONOSCOPY","","",inpatient,Oscar,Oscar,552.0,negotiated_dollar,227.41,reliable
"Northside Hospital Atlanta",json,Colonoscopy,"DIAGNOSTIC COLONOSCOPY","","",inpatient,Centene,"Peach State Medicaid",552.0,negotiated_dollar,290.95,reliable
"Northside Hospital Atlanta",json,Colonoscopy,"DIAGNOSTIC COLONOSCOPY","","",inpatient,"Pruitt Health Premier","Pruitt Health Premier",552.0,negotiated_dollar,176.87,reliable
"Northside Hospital Atlanta",json,Colonoscopy,"DIAGNOSTIC COLONOSCOPY","","",inpatient,Kaiser,"Kaiser Dual Choice PPO-THOR SURG",552.0,negotiated_dollar,218.98,reliable
"Northside Hospital Atlanta",json,Colonoscopy,"DIAGNOSTIC COLONOSCOPY","","",inpatient,"Beech Steet","Beech Street",552.0,negotiated_dollar,571.06,reliable
"Northside Hospital Atlanta",json,Colonoscopy,"DIAGNOSTIC COLONOSCOPY","","",inpatient,CareSource,CareSource,552.0,negotiated_dollar,290.95,reliable
"Northside Hospital Atlanta",json,Colonoscopy,"DIAGNOSTIC COLONOSCOPY","","",inpatient,Cigna,Cigna,552.0,negotiated_dollar,316.04,reliable
"Northside Hospital Atlanta",json,Colonoscopy,"DIAGNOSTIC COLONOSCOPY","","",inpatient,CareSource,"CareSource MarketPlace",552.0,negotiated_dollar,168.45,reliable
"Northside Hospital Atlanta",json,Colonoscopy,"DIAGNOSTIC COLONOSCOPY","","",inpatient,CareSource,"CareSource Medicare Advantage",552.0,negotiated_dollar,176.87,reliable
"Northside Hospital Atlanta",json,Colonoscopy,"DIAGNOSTIC COLONOSCOPY","","",inpatient,Cigna,Cigna-G,552.0,negotiated_dollar,344.59,reliable
"Northside Hospital Atlanta",json,Colonoscopy,"DIAGNOSTIC COLONOSCOPY","","",inpatient,Cigna,Cigna-H,552.0,negotiated_dollar,306.38,reliable
"Northside Hospital Atlanta",json,Colonoscopy,"DIAGNOSTIC COLONOSCOPY","","",inpatient,Cigna,Cigna-L,552.0,negotiated_dollar,334.61,reliable
"Northside Hospital Atlanta",json,Colonoscopy,"DIAGNOSTIC COLONOSCOPY","","",inpatient,Coventry,"First Health and Coventry National",552.0,negotiated_dollar,489.49,reliable
"Northside Hospital Atlanta",json,Colonoscopy,"DIAGNOSTIC COLONOSCOPY","","",inpatient,"Georgia Workers Compensation","Georgia Workers Comp",552.0,negotiated_dollar,682.66,reliable
"Northside Hospital Atlanta",json,Colonoscopy,"DIAGNOSTIC COLONOSCOPY","","",inpatient,Humana,"Humana Medicare Advantage HMO",552.0,negotiated_dollar,168.45,reliable
"Northside Hospital Atlanta",json,Colonoscopy,"DIAGNOSTIC COLONOSCOPY","","",inpatient,Humana,"Humana Medicare Advantage PPO",552.0,negotiated_dollar,168.45,reliable
"Northside Hospital Atlanta",json,Colonoscopy,"DIAGNOSTIC COLONOSCOPY","","",inpatient,Kaiser,"Kaiser Dual Choice PPO",552.0,negotiated_dollar,214.97,reliable
"Northside Hospital Atlanta",json,Colonoscopy,"DIAGNOSTIC COLONOSCOPY","","",inpatient,Kaiser,"Kaiser Dual Choice PPO-AGA",552.0,negotiated_dollar,193.72,reliable
"Northside Hospital Atlanta",json,Colonoscopy,"DIAGNOSTIC COLONOSCOPY","","",inpatient,Kaiser,"Kaiser Dual Choice PPO-BARIATRIC",552.0,negotiated_dollar,252.67,reliable
"Northside Hospital Atlanta",json,Colonoscopy,"DIAGNOSTIC COLONOSCOPY","","",inpatient,Kaiser,"Kaiser Dual Choice PPO-GCS",552.0,negotiated_dollar,252.67,reliable
"Northside Hospital Atlanta",json,Colonoscopy,"DIAGNOSTIC COLONOSCOPY","","",inpatient,Kaiser,"Kaiser Dual Choice PPO-GPG/NOAS",552.0,negotiated_dollar,294.79,reliable
"Northside Hospital Atlanta",json,Colonoscopy,"DIAGNOSTIC COLONOSCOPY","","",inpatient,Kaiser,"Kaiser Dual Choice PPO-GYNONC",552.0,negotiated_dollar,284.68,reliable
"Northside Hospital Atlanta",json,Colonoscopy,"DIAGNOSTIC COLONOSCOPY","","",inpatient,"Clover Health","Clover Health",552.0,negotiated_dollar,176.87,reliable
"Northside Hospital Atlanta",json,Colonoscopy,"DIAGNOSTIC COLONOSCOPY","","",inpatient,Coventry,"Coventry Medicare",552.0,negotiated_dollar,168.45,reliable
"Northside Hospital Atlanta",json,Colonoscopy,"DIAGNOSTIC COLONOSCOPY","","",inpatient,Aetna,"Aetna Whole Health",552.0,negotiated_dollar,405.33,reliable
"Northside Hospital Atlanta",json,Colonoscopy,"DIAGNOSTIC COLONOSCOPY","","",inpatient,Aetna,"Aetna Whole Health-G",552.0,negotiated_dollar,547.08,reliable
"Northside Hospital Atlanta",json,Colonoscopy,"DIAGNOSTIC COLONOSCOPY","","",inpatient,Aetna,"Aetna Medicare",552.0,negotiated_dollar,168.45,reliable
"Northside Hospital Atlanta",json,Colonoscopy,"DIAGNOSTIC COLONOSCOPY","","",inpatient,Aetna,"Aetna HMO/POS/PPO",552.0,negotiated_dollar,471.77,reliable
"Northside Hospital Atlanta",json,Colonoscopy,"DIAGNOSTIC COLONOSCOPY","","",inpatient,Aetna,"Aetna HMO/POS/PPO-G",552.0,negotiated_dollar,637.89,reliable
"Northside Hospital Atlanta",json,Colonoscopy,"DIAGNOSTIC COLONOSCOPY","","",inpatient,Aetna,"Aetna HMO/POS/PPO-Q",552.0,negotiated_dollar,462.91,reliable
"Northside Hospital Atlanta",json,Colonoscopy,"DIAGNOSTIC COLONOSCOPY","","",inpatient,BCBS,"BCBS Medicare Advantage-P",552.0,negotiated_dollar,168.45,reliable
"Northside Hospital Atlanta",json,Colonoscopy,"DIAGNOSTIC COLONOSCOPY","","",inpatient,BCBS,BCBS_HMO,552.0,negotiated_dollar,458.0,reliable
"Northside Hospital Atlanta",json,Colonoscopy,"DIAGNOSTIC COLONOSCOPY","","",inpatient,BCBS,BCBS_HMO-L,552.0,negotiated_dollar,836.0,reliable
"Northside Hospital Atlanta",json,Colonoscopy,"DIAGNOSTIC COLONOSCOPY","","",inpatient,Centene,"Ambetter PAR",552.0,negotiated_dollar,309.95,reliable
"Northside Hospital Atlanta",json,Colonoscopy,"DIAGNOSTIC COLONOSCOPY","","",inpatient,Amerigroup,"Amerigroup Medicaid",552.0,negotiated_dollar,290.95,reliable
"Northside Hospital Atlanta",json,Colonoscopy,"DIAGNOSTIC COLONOSCOPY","","",inpatient,BCBS,"BCBS Medicare Advantage",552.0,negotiated_dollar,168.45,reliable
"Northside Hospital Atlanta",json,Colonoscopy,"DIAGNOSTIC COLONOSCOPY","","",inpatient,BCBS,BCBS_PATHWAY-L,552.0,negotiated_dollar,454.0,reliable
"Northside Hospital Atlanta",json,Colonoscopy,"DIAGNOSTIC COLONOSCOPY","","",inpatient,BCBS,BCBS_PATHWAY,552.0,negotiated_dollar,454.0,reliable
"Northside Hospital Atlanta",json,Colonoscopy,"DIAGNOSTIC COLONOSCOPY","","",inpatient,BCBS,BCBS_PPO-L,552.0,negotiated_dollar,456.0,reliable
"Northside Hospital Atlanta",json,Colonoscopy,"DIAGNOSTIC COLONOSCOPY","","",inpatient,BCBS,BCBS_PPO,552.0,negotiated_dollar,456.0,reliable
"Northside Hospital Atlanta",json,Colonoscopy,"DIAGNOSTIC COLONOSCOPY","","",outpatient,Wellcare,"Wellcare Medicare Advantage",552.0,negotiated_dollar,168.45,reliable
"Northside Hospital Atlanta",json,Colonoscopy,"DIAGNOSTIC COLONOSCOPY","","",outpatient,UHC,"UHC HMO/POS/PPO-T",552.0,negotiated_dollar,338.03,reliable
"Northside Hospital Atlanta",json,Colonoscopy,"DIAGNOSTIC COLONOSCOPY","","",outpatient,UHC,"UHC Medicare",552.0,negotiated_dollar,168.45,reliable
"Northside Hospital Atlanta",json,Colonoscopy,"DIAGNOSTIC COLONOSCOPY","","",outpatient,Oscar,Oscar,552.0,negotiated_dollar,227.41,reliable
"Northside Hospital Atlanta",json,Colonoscopy,"DIAGNOSTIC COLONOSCOPY","","",outpatient,Centene,"Peach State Medicaid",552.0,negotiated_dollar,290.95,reliable
"Northside Hospital Atlanta",json,Colonoscopy,"DIAGNOSTIC COLONOSCOPY","","",outpatient,"Pruitt Health Premier","Pruitt Health Premier",552.0,negotiated_dollar,176.87,reliable
"Northside Hospital Atlanta",json,Colonoscopy,"DIAGNOSTIC COLONOSCOPY","","",outpatient,BCBS,"BCBS Medicare Advantage-P",552.0,negotiated_dollar,168.45,reliable
"Northside Hospital Atlanta",json,Colonoscopy,"DIAGNOSTIC COLONOSCOPY","","",outpatient,Aetna,"Aetna Whole Health",552.0,negotiated_dollar,405.33,reliable
"Northside Hospital Atlanta",json,Colonoscopy,"DIAGNOSTIC COLONOSCOPY","","",outpatient,Aetna,"Aetna Whole Health-G",552.0,negotiated_dollar,547.08,reliable
"Northside Hospital Atlanta",json,Colonoscopy,"DIAGNOSTIC COLONOSCOPY","","",outpatient,BCBS,BCBS_HMO,552.0,negotiated_dollar,458.0,reliable
"Northside Hospital Atlanta",json,Colonoscopy,"DIAGNOSTIC COLONOSCOPY","","",outpatient,BCBS,BCBS_PATHWAY-L,552.0,negotiated_dollar,454.0,reliable
"Northside Hospital Atlanta",json,Colonoscopy,"DIAGNOSTIC COLONOSCOPY","","",outpatient,BCBS,BCBS_PPO,552.0,negotiated_dollar,456.0,reliable
"Northside Hospital Atlanta",json,Colonoscopy,"DIAGNOSTIC COLONOSCOPY","","",outpatient,BCBS,BCBS_HMO-L,552.0,negotiated_dollar,836.0,reliable
"Northside Hospital Atlanta",json,Colonoscopy,"DIAGNOSTIC COLONOSCOPY","","",outpatient,BCBS,BCBS_PATHWAY,552.0,negotiated_dollar,454.0,reliable
"Northside Hospital Atlanta",json,Colonoscopy,"DIAGNOSTIC COLONOSCOPY","","",outpatient,Aetna,"Aetna HMO/POS/PPO",552.0,negotiated_dollar,471.77,reliable
"Northside Hospital Atlanta",json,Colonoscopy,"DIAGNOSTIC COLONOSCOPY","","",outpatient,Aetna,"Aetna HMO/POS/PPO-G",552.0,negotiated_dollar,637.89,reliable
"Northside Hospital Atlanta",json,Colonoscopy,"DIAGNOSTIC COLONOSCOPY","","",outpatient,Aetna,"Aetna HMO/POS/PPO-Q",552.0,negotiated_dollar,462.91,reliable
"Northside Hospital Atlanta",json,Colonoscopy,"DIAGNOSTIC COLONOSCOPY","","",outpatient,Centene,"Ambetter PAR",552.0,negotiated_dollar,309.95,reliable
"Northside Hospital Atlanta",json,Colonoscopy,"DIAGNOSTIC COLONOSCOPY","","",outpatient,Amerigroup,"Amerigroup Medicaid",552.0,negotiated_dollar,290.95,reliable
"Northside Hospital Atlanta",json,Colonoscopy,"DIAGNOSTIC COLONOSCOPY","","",outpatient,BCBS,"BCBS Medicare Advantage",552.0,negotiated_dollar,168.45,reliable
"Northside Hospital Atlanta",json,Colonoscopy,"DIAGNOSTIC COLONOSCOPY","","",outpatient,Aetna,"Aetna Medicare",552.0,negotiated_dollar,168.45,reliable
"Northside Hospital Atlanta",json,Colonoscopy,"DIAGNOSTIC COLONOSCOPY","","",outpatient,Coventry,"Coventry Medicare",552.0,negotiated_dollar,168.45,reliable
"Northside Hospital Atlanta",json,Colonoscopy,"DIAGNOSTIC COLONOSCOPY","","",outpatient,Humana,"Humana Medicare Advantage HMO",552.0,negotiated_dollar,168.45,reliable
"Northside Hospital Atlanta",json,Colonoscopy,"DIAGNOSTIC COLONOSCOPY","","",outpatient,Humana,"Humana Medicare Advantage PPO",552.0,negotiated_dollar,168.45,reliable
"Northside Hospital Atlanta",json,Colonoscopy,"DIAGNOSTIC COLONOSCOPY","","",outpatient,Kaiser,"Kaiser Dual Choice PPO",552.0,negotiated_dollar,214.97,reliable
"Northside Hospital Atlanta",json,Colonoscopy,"DIAGNOSTIC COLONOSCOPY","","",outpatient,Kaiser,"Kaiser Dual Choice PPO-AGA",552.0,negotiated_dollar,193.72,reliable
"Northside Hospital Atlanta",json,Colonoscopy,"DIAGNOSTIC COLONOSCOPY","","",outpatient,Cigna,"CIGNA HealthSprings Medicare Advantage",552.0,negotiated_dollar,173.5,reliable
"Northside Hospital Atlanta",json,Colonoscopy,"DIAGNOSTIC COLONOSCOPY","","",outpatient,Cigna,Cigna-L,552.0,negotiated_dollar,334.61,reliable
"Northside Hospital Atlanta",json,Colonoscopy,"DIAGNOSTIC COLONOSCOPY","","",outpatient,Coventry,"First Health and Coventry National",552.0,negotiated_dollar,489.49,reliable
"Northside Hospital Atlanta",json,Colonoscopy,"DIAGNOSTIC COLONOSCOPY","","",outpatient,"Georgia Workers Compensation","Georgia Workers Comp",552.0,negotiated_dollar,682.66,reliable
"Northside Hospital Atlanta",json,Colonoscopy,"DIAGNOSTIC COLONOSCOPY","","",outpatient,"Clover Health","Clover Health",552.0,negotiated_dollar,176.87,reliable
"Northside Hospital Atlanta",json,Colonoscopy,"DIAGNOSTIC COLONOSCOPY","","",outpatient,CareSource,"CareSource MarketPlace",552.0,negotiated_dollar,168.45,reliable
"Northside Hospital Atlanta",json,Colonoscopy,"DIAGNOSTIC COLONOSCOPY","","",outpatient,"Beech Steet","Beech Street",552.0,negotiated_dollar,571.06,reliable
"Northside Hospital Atlanta",json,Colonoscopy,"DIAGNOSTIC COLONOSCOPY","","",outpatient,CareSource,CareSource,552.0,negotiated_dollar,290.95,reliable
"Northside Hospital Atlanta",json,Colonoscopy,"DIAGNOSTIC COLONOSCOPY","","",outpatient,Cigna,Cigna,552.0,negotiated_dollar,316.04,reliable
"Northside Hospital Atlanta",json,Colonoscopy,"DIAGNOSTIC COLONOSCOPY","","",outpatient,Cigna,Cigna-G,552.0,negotiated_dollar,344.59,reliable
"Northside Hospital Atlanta",json,Colonoscopy,"DIAGNOSTIC COLONOSCOPY","","",outpatient,BCBS,BCBS_PPO-L,552.0,negotiated_dollar,456.0,reliable
"Northside Hospital Atlanta",json,Colonoscopy,"DIAGNOSTIC COLONOSCOPY","","",outpatient,Cigna,Cigna-H,552.0,negotiated_dollar,306.38,reliable
"Northside Hospital Atlanta",json,Colonoscopy,"DIAGNOSTIC COLONOSCOPY","","",outpatient,CareSource,"CareSource Medicare Advantage",552.0,negotiated_dollar,176.87,reliable
"Northside Hospital Atlanta",json,Colonoscopy,"DIAGNOSTIC COLONOSCOPY","","",outpatient,Kaiser,"Kaiser Medicare Advantage",552.0,negotiated_dollar,168.45,reliable
"Northside Hospital Atlanta",json,Colonoscopy,"DIAGNOSTIC COLONOSCOPY","","",outpatient,Medicare,Medicare,552.0,negotiated_dollar,168.45,reliable
"Northside Hospital Atlanta",json,Colonoscopy,"DIAGNOSTIC COLONOSCOPY","","",outpatient,"CLEAR SPRINGS EON HEALTH","CLEAR SPRINGS EON HEALTH",552.0,negotiated_dollar,176.87,reliable
"Northside Hospital Atlanta",json,Colonoscopy,"DIAGNOSTIC COLONOSCOPY","","",outpatient,"VA CCN","VA CCN",552.0,negotiated_dollar,168.45,reliable
"Northside Hospital Atlanta",json,Colonoscopy,"DIAGNOSTIC COLONOSCOPY","","",outpatient,"Northside Health Network","Northside Health Network",552.0,negotiated_dollar,314.0,reliable
"Northside Hospital Atlanta",json,Colonoscopy,"DIAGNOSTIC COLONOSCOPY","","",outpatient,"Northside Health Network","Northside Health Network-S",552.0,negotiated_dollar,392.5,reliable
"Northside Hospital Atlanta",json,Colonoscopy,"DIAGNOSTIC COLONOSCOPY","","",outpatient,NovaNet_PPO,NovaNet_PPO,552.0,negotiated_dollar,441.6,reliable
"Northside Hospital Atlanta",json,Colonoscopy,"DIAGNOSTIC COLONOSCOPY","","",outpatient,UHC,"UHC HMO/POS/PPO",552.0,negotiated_dollar,400.74,reliable
"Northside Hospital Atlanta",json,Colonoscopy,"DIAGNOSTIC COLONOSCOPY","","",outpatient,UHC,"UHC HMO/POS/PPO-G",552.0,negotiated_dollar,575.99,reliable
"Northside Hospital Atlanta",json,Colonoscopy,"DIAGNOSTIC COLONOSCOPY","","",outpatient,Tricare,Tricare,552.0,negotiated_dollar,178.87,reliable
"Northside Hospital Atlanta",json,Colonoscopy,"DIAGNOSTIC COLONOSCOPY","","",outpatient,UHC,"UHC GA Individual Exchange",552.0,negotiated_dollar,330.92,reliable
"Northside Hospital Atlanta",json,Colonoscopy,"DIAGNOSTIC COLONOSCOPY","","",outpatient,Kaiser,"Kaiser Dual Choice PPO-THOR SURG",552.0,negotiated_dollar,218.98,reliable
"Northside Hospital Atlanta",json,Colonoscopy,"DIAGNOSTIC COLONOSCOPY","","",outpatient,Kaiser,"Kaiser Dual Choice PPO-VASC SURG",552.0,negotiated_dollar,202.14,reliable
"Northside Hospital Atlanta",json,Colonoscopy,"DIAGNOSTIC COLONOSCOPY","","",outpatient,Kaiser,"Kaiser Dual Choice PPO-MELANOMA",552.0,negotiated_dollar,320.05,reliable
"Northside Hospital Atlanta",json,Colonoscopy,"DIAGNOSTIC COLONOSCOPY","","",outpatient,Kaiser,"Kaiser Dual Choice PPO-NAPS/CVG/NPCPS/UPS",552.0,negotiated_dollar,218.98,reliable
"Northside Hospital Atlanta",json,Colonoscopy,"DIAGNOSTIC COLONOSCOPY","","",outpatient,Kaiser,"Kaiser Dual Choice PPO-BARIATRIC",552.0,negotiated_dollar,252.67,reliable
"Northside Hospital Atlanta",json,Colonoscopy,"DIAGNOSTIC COLONOSCOPY","","",outpatient,Kaiser,"Kaiser Dual Choice PPO-GCS",552.0,negotiated_dollar,252.67,reliable
"Northside Hospital Atlanta",json,Colonoscopy,"DIAGNOSTIC COLONOSCOPY","","",outpatient,Kaiser,"Kaiser Dual Choice PPO-GPG/NOAS",552.0,negotiated_dollar,294.79,reliable
"Northside Hospital Atlanta",json,Colonoscopy,"DIAGNOSTIC COLONOSCOPY","","",outpatient,Kaiser,"Kaiser Dual Choice PPO-GYNONC",552.0,negotiated_dollar,284.68,reliable
"Northside Hospital Atlanta",json,Colonoscopy,"COLONOSCOPY AND BIOPSY","","",outpatient,"Institutional 120 Percent of Medicare","Institutional 120 Percent of Medicare",,negotiated_dollar,4922.32,reliable
"Northside Hospital Atlanta",json,Colonoscopy,"COLONOSCOPY AND BIOPSY","","",outpatient,Aetna,"Aetna Medicare",,negotiated_dollar,4105.25,reliable
"Northside Hospital Atlanta",json,Colonoscopy,"COLONOSCOPY AND BIOPSY","","",outpatient,BCBS,"BCBS Medicare Advantage",,negotiated_dollar,4024.75,reliable
"Northside Hospital Atlanta",json,Colonoscopy,"COLONOSCOPY AND BIOPSY","","",outpatient,BCBS,"BCBS Medicare Advantage-P",,negotiated_dollar,4024.75,reliable
"Northside Hospital Atlanta",json,Colonoscopy,"COLONOSCOPY AND BIOPSY","","",outpatient,BCCP,BCCP,,negotiated_dollar,4101.93,reliable
"Northside Hospital Atlanta",json,Colonoscopy,"COLONOSCOPY AND BIOPSY","","",outpatient,CareSource,"CareSource Medicare Advantage",,negotiated_dollar,4145.49,reliable
"Northside Hospital Atlanta",json,Colonoscopy,"COLONOSCOPY AND BIOPSY","","",outpatient,CBWW,CBWW,,negotiated_dollar,4101.93,reliable
"Northside Hospital Atlanta",json,Colonoscopy,"COLONOSCOPY AND BIOPSY","","",outpatient,"Clover Health","Clover Health",,negotiated_dollar,4225.74,reliable
"Northside Hospital Atlanta",json,Colonoscopy,"COLONOSCOPY AND BIOPSY","","",outpatient,Coventry,"Coventry Medicare",,negotiated_dollar,4105.25,reliable
"Northside Hospital Atlanta",json,Colonoscopy,"COLONOSCOPY AND BIOPSY","","",outpatient,"Devoted Medicare Advantage","Devoted Medicare Advantage",,negotiated_dollar,4225.99,reliable
"Northside Hospital Atlanta",json,Colonoscopy,"COLONOSCOPY AND BIOPSY","","",outpatient,"Fairly Group","Fairly Group",,negotiated_dollar,4627.74,reliable
"Northside Hospital Atlanta",json,Colonoscopy,"COLONOSCOPY AND BIOPSY","","",outpatient,Humana,"Humana Medicare Advantage HMO",,negotiated_dollar,4065.0,reliable
"Northside Hospital Atlanta",json,Colonoscopy,"COLONOSCOPY AND BIOPSY","","",outpatient,Humana,"Humana Medicare Advantage PPO",,negotiated_dollar,4185.74,reliable
"Northside Hospital Atlanta",json,Colonoscopy,"COLONOSCOPY AND BIOPSY","","",outpatient,"Institutional 100 Percent of Medicare","Institutional 100 Percent of Medicare",,negotiated_dollar,4024.75,reliable
"Northside Hospital Atlanta",json,Colonoscopy,"COLONOSCOPY AND BIOPSY","","",outpatient,"Institutional 110 Percent of Medicare","Institutional 110 Percent of Medicare",,negotiated_dollar,4512.12,reliable
"Northside Hospital Atlanta",json,Colonoscopy,"COLONOSCOPY AND BIOPSY","","",outpatient,"Truths Community","Truths Community",,negotiated_dollar,4101.93,reliable
"Northside Hospital Atlanta",json,Colonoscopy,"COLONOSCOPY AND BIOPSY","","",outpatient,UHC,"UHC Medicare",,negotiated_dollar,4024.75,reliable
"Northside Hospital Atlanta",json,Colonoscopy,"COLONOSCOPY AND BIOPSY","","",outpatient,"US Dept of Labor WC","US Dept of Labor WC",,negotiated_dollar,5127.41,reliable
"Northside Hospital Atlanta",json,Colonoscopy,"COLONOSCOPY AND BIOPSY","","",outpatient,Wellcare,"Wellcare Medicare Advantage",,negotiated_dollar,4145.49,reliable
"Northside Hospital Atlanta",json,Colonoscopy,"COLONOSCOPY AND BIOPSY","","",outpatient,Medicare,Medicare,,negotiated_dollar,4024.75,reliable
"Northside Hospital Atlanta",json,Colonoscopy,"COLONOSCOPY AND BIOPSY","","",outpatient,"CLEAR SPRINGS EON HEALTH","CLEAR SPRINGS EON HEALTH",,negotiated_dollar,4024.75,reliable
"Northside Hospital Atlanta",json,Colonoscopy,"COLONOSCOPY AND BIOPSY","","",outpatient,"VA CCN","VA CCN",,negotiated_dollar,4024.75,reliable
"Northside Hospital Atlanta",json,Colonoscopy,"COLONOSCOPY AND BIOPSY","","",outpatient,"Pruitt Health Premier","Pruitt Health Premier",,negotiated_dollar,4225.99,reliable
"Northside Hospital Atlanta",json,Colonoscopy,"COLONOSCOPY AND BIOPSY","","",outpatient,Kaiser,"Kaiser Medicare Advantage",,negotiated_dollar,4145.49,reliable
"Northside Hospital Atlanta",json,Colonoscopy,"COLONOSCOPY AND BIOPSY","","",outpatient,UHC,"UHC GA Individual Exchange",,negotiated_dollar,5352.0,reliable
"Northside Hospital Atlanta",json,Colonoscopy,"COLONOSCOPY AND BIOPSY","","",outpatient,UHC,"UHC Heritage Select",,negotiated_dollar,5774.0,reliable
"Northside Hospital Atlanta",json,Colonoscopy,"COLONOSCOPY AND BIOPSY","","",outpatient,UHC,"UHC HMO/POS/PPO",,negotiated_dollar,6943.0,reliable
"Northside Hospital Atlanta",json,Colonoscopy,"COLONOSCOPY AND BIOPSY","","",outpatient,UHC,"UHC HMO/POS/PPO-G",,negotiated_dollar,6943.0,reliable
"Northside Hospital Atlanta",json,Colonoscopy,"COLONOSCOPY AND BIOPSY","","",outpatient,UHC,"UHC HMO/POS/PPO-T",,negotiated_dollar,6943.0,reliable
"Northside Hospital Atlanta",json,Colonoscopy,"COLONOSCOPY AND BIOPSY","","",outpatient,CareSource,CareSource,,negotiated_dollar,9357.2,reliable
"Northside Hospital Atlanta",json,Colonoscopy,"COLONOSCOPY AND BIOPSY","","",outpatient,CareSource,"CareSource MarketPlace",,negotiated_dollar,18600.0,reliable
"Northside Hospital Atlanta",json,Colonoscopy,"COLONOSCOPY AND BIOPSY","","",outpatient,"CHAMPUS VA","CHAMPUS VA",,negotiated_dollar,50000.0,reliable
"Northside Hospital Atlanta",json,Colonoscopy,"COLONOSCOPY AND BIOPSY","","",outpatient,Cigna,Cigna,,negotiated_dollar,5210.0,reliable
"Northside Hospital Atlanta",json,Colonoscopy,"COLONOSCOPY AND BIOPSY","","",outpatient,Cigna,Cigna-G,,negotiated_dollar,5210.0,reliable
"Northside Hospital Atlanta",json,Colonoscopy,"COLONOSCOPY AND BIOPSY","","",outpatient,Cigna,Cigna-H,,negotiated_dollar,5210.0,reliable
"Northside Hospital Atlanta",json,Colonoscopy,"COLONOSCOPY AND BIOPSY","","",outpatient,Aetna,"Aetna HMO/POS/PPO",,negotiated_dollar,6519.0,reliable
"Northside Hospital Atlanta",json,Colonoscopy,"COLONOSCOPY AND BIOPSY","","",outpatient,Aetna,"Aetna HMO/POS/PPO-G",,negotiated_dollar,6519.0,reliable
"Northside Hospital Atlanta",json,Colonoscopy,"COLONOSCOPY AND BIOPSY","","",outpatient,Aetna,"Aetna HMO/POS/PPO-Q",,negotiated_dollar,6519.0,reliable
"Northside Hospital Atlanta",json,Colonoscopy,"COLONOSCOPY AND BIOPSY","","",outpatient,Aetna,"Aetna Whole Health",,negotiated_dollar,4712.0,reliable
"Northside Hospital Atlanta",json,Colonoscopy,"COLONOSCOPY AND BIOPSY","","",outpatient,Aetna,"Aetna Whole Health-G",,negotiated_dollar,4712.0,reliable
"Northside Hospital Atlanta",json,Colonoscopy,"COLONOSCOPY AND BIOPSY","","",outpatient,Cigna,Cigna-L,,negotiated_dollar,5210.0,reliable
"Northside Hospital Atlanta",json,Colonoscopy,"COLONOSCOPY AND BIOPSY","","",outpatient,Kaiser,"Kaiser Dual Choice PPO-GCS",,negotiated_dollar,1441.0,reliable
"Northside Hospital Atlanta",json,Colonoscopy,"COLONOSCOPY AND BIOPSY","","",outpatient,Kaiser,"Kaiser Dual Choice PPO-GPG/NOAS",,negotiated_dollar,1441.0,reliable
"Northside Hospital Atlanta",json,Colonoscopy,"COLONOSCOPY AND BIOPSY","","",outpatient,Kaiser,"Kaiser Dual Choice PPO-GYNONC",,negotiated_dollar,1441.0,reliable
"Northside Hospital Atlanta",json,Colonoscopy,"COLONOSCOPY AND BIOPSY","","",outpatient,Kaiser,"Kaiser Dual Choice PPO-MELANOMA",,negotiated_dollar,1441.0,reliable
"Northside Hospital Atlanta",json,Colonoscopy,"COLONOSCOPY AND BIOPSY","","",outpatient,Amerigroup,"Amerigroup Medicaid",,negotiated_dollar,9084.66,reliable
"Northside Hospital Atlanta",json,Colonoscopy,"COLONOSCOPY AND BIOPSY","","",outpatient,Kaiser,Kaiser_SF-GCS,,negotiated_dollar,1099.0,reliable
"Northside Hospital Atlanta",json,Colonoscopy,"COLONOSCOPY AND BIOPSY","","",outpatient,Kaiser,Kaiser_SF-GPG/NOAS,,negotiated_dollar,1099.0,reliable
"Northside Hospital Atlanta",json,Colonoscopy,"COLONOSCOPY AND BIOPSY","","",outpatient,Kaiser,Kaiser_SF-GYNONC,,negotiated_dollar,1099.0,reliable
"Northside Hospital Atlanta",json,Colonoscopy,"COLONOSCOPY AND BIOPSY","","",outpatient,Kaiser,Kaiser_SF-MELANOMA,,negotiated_dollar,1099.0,reliable
"Northside Hospital Atlanta",json,Colonoscopy,"COLONOSCOPY AND BIOPSY","","",outpatient,Kaiser,Kaiser_SF-NAPS/CVG/NPCPS/UPS,,negotiated_dollar,1099.0,reliable
"Northside Hospital Atlanta",json,Colonoscopy,"COLONOSCOPY AND BIOPSY","","",outpatient,Kaiser,"Kaiser_SF-THOR SURG",,negotiated_dollar,1099.0,reliable
"Northside Hospital Atlanta",json,Colonoscopy,"COLONOSCOPY AND BIOPSY","","",outpatient,Kaiser,"Kaiser_SF-VASC SURG",,negotiated_dollar,1099.0,reliable
"Northside Hospital Atlanta",json,Colonoscopy,"COLONOSCOPY AND BIOPSY","","",outpatient,Kaiser,"Kaiser Dual Choice PPO-NAPS/CVG/NPCPS/UPS",,negotiated_dollar,1441.0,reliable
"Northside Hospital Atlanta",json,Colonoscopy,"COLONOSCOPY AND BIOPSY","","",outpatient,Kaiser,"Kaiser Dual Choice PPO-THOR SURG",,negotiated_dollar,1441.0,reliable
"Northside Hospital Atlanta",json,Colonoscopy,"COLONOSCOPY AND BIOPSY","","",outpatient,Kaiser,"Kaiser Dual Choice PPO-VASC SURG",,negotiated_dollar,1441.0,reliable
"Northside Hospital Atlanta",json,Colonoscopy,"COLONOSCOPY AND BIOPSY","","",outpatient,Multiplan,"Multiplan PPO",,unavailable,,reliable
"Northside Hospital Atlanta",json,Colonoscopy,"COLONOSCOPY AND BIOPSY","","",outpatient,"Multiplan Workers Comp","Multiplan Workers Comp",,unavailable,,reliable
"Northside Hospital Atlanta",json,Colonoscopy,"COLONOSCOPY AND BIOPSY","","",outpatient,Amerigroup,"Amerigroup Medicare Advantage",,negotiated_dollar,8084.54,reliable
"Northside Hospital Atlanta",json,Colonoscopy,"COLONOSCOPY AND BIOPSY","","",outpatient,"Authentic 4D","Authentic 4D",,negotiated_dollar,2779.74,reliable
"Northside Hospital Atlanta",json,Colonoscopy,"COLONOSCOPY AND BIOPSY","","",outpatient,BCBS,"BCBS PRUDT BUYER",,negotiated_dollar,34850.0,reliable
"Northside Hospital Atlanta",json,Colonoscopy,"COLONOSCOPY AND BIOPSY","","",outpatient,BCBS,BCBS_HMO,,negotiated_dollar,6938.0,reliable
"Northside Hospital Atlanta",json,Colonoscopy,"COLONOSCOPY AND BIOPSY","","",outpatient,BCBS,BCBS_HMO-L,,negotiated_dollar,6938.0,reliable
"Northside Hospital Atlanta",json,Colonoscopy,"COLONOSCOPY AND BIOPSY","","",outpatient,BCBS,BCBS_PATHWAY,,negotiated_dollar,3194.0,reliable
"Northside Hospital Atlanta",json,Colonoscopy,"COLONOSCOPY AND BIOPSY","","",outpatient,BCBS,BCBS_PATHWAY-L,,negotiated_dollar,3194.0,reliable
"Northside Hospital Atlanta",json,Colonoscopy,"COLONOSCOPY AND BIOPSY","","",outpatient,BCBS,BCBS_PPO,,negotiated_dollar,7633.0,reliable
"Northside Hospital Atlanta",json,Colonoscopy,"COLONOSCOPY AND BIOPSY","","",outpatient,BCBS,BCBS_PPO-L,,negotiated_dollar,7633.0,reliable
"Northside Hospital Atlanta",json,Colonoscopy,"COLONOSCOPY AND BIOPSY","","",outpatient,"Beech Steet","Beech Street",,unavailable,,reliable
"Northside Hospital Atlanta",json,Colonoscopy,"COLONOSCOPY AND BIOPSY","","",outpatient,BCBS,"Blue HPN",,negotiated_dollar,4962.0,reliable
"Northside Hospital Atlanta",json,Colonoscopy,"COLONOSCOPY AND BIOPSY","","",outpatient,BCBS,"Blue HPN-L",,negotiated_dollar,4962.0,reliable
"Northside Hospital Atlanta",json,Colonoscopy,"COLONOSCOPY AND BIOPSY","","",outpatient,CareIQ,CareIQ,,unavailable,,reliable
"Northside Hospital Atlanta",json,Colonoscopy,"COLONOSCOPY AND BIOPSY","","",outpatient,Centene,"Ambetter PAR",,negotiated_dollar,1959.86,reliable
"Northside Hospital Atlanta",json,Colonoscopy,"COLONOSCOPY AND BIOPSY","","",outpatient,Kaiser,Kaiser_HMO,,negotiated_dollar,1237.0,reliable
"Northside Hospital Atlanta",json,Colonoscopy,"COLONOSCOPY AND BIOPSY","","",outpatient,Kaiser,Kaiser_HMO-AGA,,negotiated_dollar,1237.0,reliable
"Northside Hospital Atlanta",json,Colonoscopy,"COLONOSCOPY AND BIOPSY","","",outpatient,Kaiser,Kaiser_HMO-BARIATRIC,,negotiated_dollar,1237.0,reliable
"Northside Hospital Atlanta",json,Colonoscopy,"COLONOSCOPY AND BIOPSY","","",outpatient,Kaiser,Kaiser_HMO-GCS,,negotiated_dollar,1237.0,reliable
"Northside Hospital Atlanta",json,Colonoscopy,"COLONOSCOPY AND BIOPSY","","",outpatient,Kaiser,Kaiser_HMO-GPG/NOAS,,negotiated_dollar,1237.0,reliable
"Northside Hospital Atlanta",json,Colonoscopy,"COLONOSCOPY AND BIOPSY","","",outpatient,Kaiser,Kaiser_HMO-GYNONC,,negotiated_dollar,1237.0,reliable
"Northside Hospital Atlanta",json,Colonoscopy,"COLONOSCOPY AND BIOPSY","","",outpatient,Kaiser,Kaiser_HMO-MELANOMA,,negotiated_dollar,1237.0,reliable
"Northside Hospital Atlanta",json,Colonoscopy,"COLONOSCOPY AND BIOPSY","","",outpatient,Kaiser,Kaiser_HMO-NAPS/CVG/NPCPS/UPS,,negotiated_dollar,1237.0,reliable
"Northside Hospital Atlanta",json,Colonoscopy,"COLONOSCOPY AND BIOPSY","","",outpatient,Kaiser,"Kaiser_HMO-VASC SURG",,negotiated_dollar,1237.0,reliable
"Northside Hospital Atlanta",json,Colonoscopy,"COLONOSCOPY AND BIOPSY","","",outpatient,Kaiser,Kaiser_SF,,negotiated_dollar,1099.0,reliable
"Northside Hospital Atlanta",json,Colonoscopy,"COLONOSCOPY AND BIOPSY","","",outpatient,Kaiser,Kaiser_SF-AGA,,negotiated_dollar,1099.0,reliable
"Northside Hospital Atlanta",json,Colonoscopy,"COLONOSCOPY AND BIOPSY","","",outpatient,Kaiser,Kaiser_SF-BARIATRIC,,negotiated_dollar,1099.0,reliable
"Northside Hospital Atlanta",json,Colonoscopy,"COLONOSCOPY AND BIOPSY","","",outpatient,"Quick Trip","Quick Trip",,negotiated_dollar,27500.0,reliable
"Northside Hospital Atlanta",json,Colonoscopy,"COLONOSCOPY AND BIOPSY","","",outpatient,"Rabun County BOC","Rabun County BOC",,unavailable,,reliable
"Northside Hospital Atlanta",json,Colonoscopy,"COLONOSCOPY AND BIOPSY","","",outpatient,Spreemo,Spreemo,,negotiated_dollar,2470.88,reliable
"Northside Hospital Atlanta",json,Colonoscopy,"COLONOSCOPY AND BIOPSY","","",outpatient,"Streamline Imaging","Streamline Imaging",,negotiated_dollar,2779.74,reliable
"Northside Hospital Atlanta",json,Colonoscopy,"COLONOSCOPY AND BIOPSY","","",outpatient,Tricare,Tricare,,negotiated_dollar,5176.93,reliable
"Northside Hospital Atlanta",json,Colonoscopy,"COLONOSCOPY AND BIOPSY","","",outpatient,Cigna,"CIGNA HealthSprings Medicare Advantage",,negotiated_dollar,8162.28,reliable
"Northside Hospital Atlanta",json,Colonoscopy,"COLONOSCOPY AND BIOPSY","","",outpatient,"Corvel Workers Comp","Corvel Workers Comp",,negotiated_dollar,3088.6,reliable
"Northside Hospital Atlanta",json,Colonoscopy,"COLONOSCOPY AND BIOPSY","","",outpatient,"Dekalb_Department of Health","Dekalb_Department of Health",,unavailable,,reliable
"Northside Hospital Atlanta",json,Colonoscopy,"COLONOSCOPY AND BIOPSY","","",outpatient,"Institutional 115 Percent_Georgia Medicaid","Institutional 115 Percent_Georgia Medicaid",,negotiated_dollar,10447.36,reliable
"Northside Hospital Atlanta",json,Colonoscopy,"COLONOSCOPY AND BIOPSY","","",outpatient,"Institutional GA Medicaid","Institutional GA Medicaid",,negotiated_dollar,9084.66,reliable
"Northside Hospital Atlanta",json,Colonoscopy,"COLONOSCOPY AND BIOPSY","","",outpatient,"Institutional Marietta Surgery Center","Institutional Marietta Surgery Center",,unavailable,,reliable
"Northside Hospital Atlanta",json,Colonoscopy,"COLONOSCOPY AND BIOPSY","","",outpatient,"Institutional Veterans Evaluation Services","Institutional Veterans Evaluation Services",,unavailable,,reliable
"Northside Hospital Atlanta",json,Colonoscopy,"COLONOSCOPY AND BIOPSY","","",outpatient,Kaiser,"Kaiser Dual Choice PPO",,negotiated_dollar,1441.0,reliable
"Northside Hospital Atlanta",json,Colonoscopy,"COLONOSCOPY AND BIOPSY","","",outpatient,Kaiser,"Kaiser Dual Choice PPO-AGA",,negotiated_dollar,1441.0,reliable
"Northside Hospital Atlanta",json,Colonoscopy,"COLONOSCOPY AND BIOPSY","","",outpatient,Kaiser,"Kaiser Dual Choice PPO-BARIATRIC",,negotiated_dollar,1441.0,reliable
"Northside Hospital Atlanta",json,Colonoscopy,"COLONOSCOPY AND BIOPSY","","",outpatient,"Northside Health Network","Northside Health Network",,negotiated_dollar,7875.0,reliable
"Northside Hospital Atlanta",json,Colonoscopy,"COLONOSCOPY AND BIOPSY","","",outpatient,"Northside Health Network","Northside Health Network-S",,negotiated_dollar,7875.0,reliable
"Northside Hospital Atlanta",json,Colonoscopy,"COLONOSCOPY AND BIOPSY","","",outpatient,NovaNet_PPO,NovaNet_PPO,,negotiated_dollar,35000.0,reliable
"Northside Hospital Atlanta",json,Colonoscopy,"COLONOSCOPY AND BIOPSY","","",outpatient,"One Call Diagnostics","One Call Diagnostics",,negotiated_dollar,552.92,reliable
"Northside Hospital Atlanta",json,Colonoscopy,"COLONOSCOPY AND BIOPSY","","",outpatient,Oscar,Oscar,,negotiated_dollar,5939.85,reliable
"Northside Hospital Atlanta",json,Colonoscopy,"COLONOSCOPY AND BIOPSY","","",outpatient,Centene,"Peach State Medicaid",,negotiated_dollar,9084.66,reliable
"Northside Hospital Atlanta",json,Colonoscopy,"COLONOSCOPY AND BIOPSY","","",outpatient,Centene,"Peach State Medicare",,negotiated_dollar,10233.6,reliable
"Northside Hospital Atlanta",json,Colonoscopy,"COLONOSCOPY AND BIOPSY","","",outpatient,PHCS,PHCS,,negotiated_dollar,37500.0,reliable
"Northside Hospital Atlanta",json,Colonoscopy,"COLONOSCOPY AND BIOPSY","","",outpatient,Lantern,Lantern,,negotiated_dollar,1808.58,reliable
"Northside Hospital Atlanta",json,Colonoscopy,"COLONOSCOPY AND BIOPSY","","",outpatient,"Employers Choice Network","Employers Choice Network",,negotiated_dollar,3088.6,reliable
"Northside Hospital Atlanta",json,Colonoscopy,"COLONOSCOPY AND BIOPSY","","",outpatient,"Fieldale Farms WC","Fieldale Farms WC",,negotiated_dollar,3088.6,reliable
"Northside Hospital Atlanta",json,Colonoscopy,"COLONOSCOPY AND BIOPSY","","",outpatient,FIFA,FIFA,,unavailable,,reliable
"Northside Hospital Atlanta",json,Colonoscopy,"COLONOSCOPY AND BIOPSY","","",outpatient,Coventry,"First Health and Coventry National",,negotiated_dollar,30000.0,reliable
"Northside Hospital Atlanta",json,Colonoscopy,"COLONOSCOPY AND BIOPSY","","",outpatient,"Genex/Priority Care Solutions","Genex/Priority Care Solutions",,negotiated_dollar,2470.88,reliable
"Northside Hospital Atlanta",json,Colonoscopy,"COLONOSCOPY AND BIOPSY","","",outpatient,"Georgia Reproductive Specialists","Georgia Reproductive Specialists (SGF)",,unavailable,,reliable
"Northside Hospital Atlanta",json,Colonoscopy,"COLONOSCOPY AND BIOPSY","","",outpatient,"Georgia Workers Compensation","Georgia Workers Comp",,negotiated_dollar,3088.6,reliable
"Northside Hospital Atlanta",json,Colonoscopy,"COLONOSCOPY AND BIOPSY","","",outpatient,"Health One Alliance_PPO","Health One Alliance_PPO",,negotiated_dollar,12000.0,reliable
"Northside Hospital Atlanta",json,Colonoscopy,"COLONOSCOPY AND BIOPSY","","",outpatient,HomeLink,HomeLink,,negotiated_dollar,734.35,reliable
"Northside Hospital Atlanta",json,Colonoscopy,"COLONOSCOPY AND BIOPSY","","",outpatient,"Med Care Solutions","Med Care Solutions",,unavailable,,reliable
"Northside Hospital Atlanta",json,Colonoscopy,"COLONOSCOPY AND BIOPSY","","",outpatient,"MedLien Healthcare Services","MedLien Healthcare Services",,unavailable,,reliable
"Northside Hospital Atlanta",json,Colonoscopy,"COLONOSCOPY AND BIOPSY","","",outpatient,MTI,MTI,,negotiated_dollar,691.15,reliable
"Northside Hospital Atlanta",json,Colonoscopy,"COLONOSCOPY AND BIOPSY","","",inpatient,Oscar,Oscar,600.0,negotiated_dollar,245.19,reliable
"Northside Hospital Atlanta",json,Colonoscopy,"COLONOSCOPY AND BIOPSY","","",inpatient,Centene,"Peach State Medicaid",600.0,negotiated_dollar,315.67,reliable
"Northside Hospital Atlanta",json,Colonoscopy,"COLONOSCOPY AND BIOPSY","","",inpatient,"Pruitt Health Premier","Pruitt Health Premier",600.0,negotiated_dollar,190.7,reliable
"Northside Hospital Atlanta",json,Colonoscopy,"COLONOSCOPY AND BIOPSY","","",inpatient,Tricare,Tricare,600.0,negotiated_dollar,194.55,reliable
"Northside Hospital Atlanta",json,Colonoscopy,"COLONOSCOPY AND BIOPSY","","",inpatient,UHC,"UHC GA Individual Exchange",600.0,negotiated_dollar,358.15,reliable
"Northside Hospital Atlanta",json,Colonoscopy,"COLONOSCOPY AND BIOPSY","","",inpatient,"VA CCN","VA CCN",600.0,negotiated_dollar,181.62,reliable
"Northside Hospital Atlanta",json,Colonoscopy,"COLONOSCOPY AND BIOPSY","","",inpatient,"Northside Health Network","Northside Health Network",600.0,negotiated_dollar,340.54,reliable
"Northside Hospital Atlanta",json,Colonoscopy,"COLONOSCOPY AND BIOPSY","","",inpatient,"Northside Health Network","Northside Health Network-S",600.0,negotiated_dollar,425.68,reliable
"Northside Hospital Atlanta",json,Colonoscopy,"COLONOSCOPY AND BIOPSY","","",inpatient,NovaNet_PPO,NovaNet_PPO,600.0,negotiated_dollar,480.0,reliable
"Northside Hospital Atlanta",json,Colonoscopy,"COLONOSCOPY AND BIOPSY","","",inpatient,UHC,"UHC HMO/POS/PPO",600.0,negotiated_dollar,433.71,reliable
"Northside Hospital Atlanta",json,Colonoscopy,"COLONOSCOPY AND BIOPSY","","",inpatient,UHC,"UHC HMO/POS/PPO-G",600.0,negotiated_dollar,623.37,reliable
"Northside Hospital Atlanta",json,Colonoscopy,"COLONOSCOPY AND BIOPSY","","",inpatient,Wellcare,"Wellcare Medicare Advantage",600.0,negotiated_dollar,181.62,reliable
"Northside Hospital Atlanta",json,Colonoscopy,"COLONOSCOPY AND BIOPSY","","",inpatient,UHC,"UHC HMO/POS/PPO-T",600.0,negotiated_dollar,365.84,reliable
"Northside Hospital Atlanta",json,Colonoscopy,"COLONOSCOPY AND BIOPSY","","",inpatient,UHC,"UHC Medicare",600.0,negotiated_dollar,181.62,reliable
"Northside Hospital Atlanta",json,Colonoscopy,"COLONOSCOPY AND BIOPSY","","",inpatient,Kaiser,"Kaiser Dual Choice PPO-MELANOMA",600.0,negotiated_dollar,345.08,reliable
"Northside Hospital Atlanta",json,Colonoscopy,"COLONOSCOPY AND BIOPSY","","",inpatient,Kaiser,"Kaiser Dual Choice PPO-NAPS/CVG/NPCPS/UPS",600.0,negotiated_dollar,236.11,reliable
"Northside Hospital Atlanta",json,Colonoscopy,"COLONOSCOPY AND BIOPSY","","",inpatient,"Clover Health","Clover Health",600.0,negotiated_dollar,190.7,reliable
"Northside Hospital Atlanta",json,Colonoscopy,"COLONOSCOPY AND BIOPSY","","",inpatient,Kaiser,"Kaiser Dual Choice PPO-GPG/NOAS",600.0,negotiated_dollar,317.84,reliable
"Northside Hospital Atlanta",json,Colonoscopy,"COLONOSCOPY AND BIOPSY","","",inpatient,Kaiser,"Kaiser Dual Choice PPO-GYNONC",600.0,negotiated_dollar,306.94,reliable
"Northside Hospital Atlanta",json,Colonoscopy,"COLONOSCOPY AND BIOPSY","","",inpatient,"CLEAR SPRINGS EON HEALTH","CLEAR SPRINGS EON HEALTH",600.0,negotiated_dollar,190.7,reliable
"Northside Hospital Atlanta",json,Colonoscopy,"COLONOSCOPY AND BIOPSY","","",inpatient,Kaiser,"Kaiser Medicare Advantage",600.0,negotiated_dollar,181.62,reliable
"Northside Hospital Atlanta",json,Colonoscopy,"COLONOSCOPY AND BIOPSY","","",inpatient,Medicare,Medicare,600.0,negotiated_dollar,181.62,reliable
"Northside Hospital Atlanta",json,Colonoscopy,"COLONOSCOPY AND BIOPSY","","",inpatient,Kaiser,"Kaiser Dual Choice PPO-THOR SURG",600.0,negotiated_dollar,236.11,reliable
"Northside Hospital Atlanta",json,Colonoscopy,"COLONOSCOPY AND BIOPSY","","",inpatient,Kaiser,"Kaiser Dual Choice PPO-VASC SURG",600.0,negotiated_dollar,217.94,reliable
"Northside Hospital Atlanta",json,Colonoscopy,"COLONOSCOPY AND BIOPSY","","",inpatient,Coventry,"First Health and Coventry National",600.0,negotiated_dollar,584.5,reliable
"Northside Hospital Atlanta",json,Colonoscopy,"COLONOSCOPY AND BIOPSY","","",inpatient,"Georgia Workers Compensation","Georgia Workers Comp",600.0,negotiated_dollar,863.94,reliable
"Northside Hospital Atlanta",json,Colonoscopy,"COLONOSCOPY AND BIOPSY","","",inpatient,Humana,"Humana Medicare Advantage HMO",600.0,negotiated_dollar,181.62,reliable
"Northside Hospital Atlanta",json,Colonoscopy,"COLONOSCOPY AND BIOPSY","","",inpatient,Humana,"Humana Medicare Advantage PPO",600.0,negotiated_dollar,181.62,reliable
"Northside Hospital Atlanta",json,Colonoscopy,"COLONOSCOPY AND BIOPSY","","",inpatient,Kaiser,"Kaiser Dual Choice PPO",600.0,negotiated_dollar,232.98,reliable
"Northside Hospital Atlanta",json,Colonoscopy,"COLONOSCOPY AND BIOPSY","","",inpatient,Kaiser,"Kaiser Dual Choice PPO-AGA",600.0,negotiated_dollar,208.86,reliable
"Northside Hospital Atlanta",json,Colonoscopy,"COLONOSCOPY AND BIOPSY","","",inpatient,Kaiser,"Kaiser Dual Choice PPO-BARIATRIC",600.0,negotiated_dollar,272.43,reliable
"Northside Hospital Atlanta",json,Colonoscopy,"COLONOSCOPY AND BIOPSY","","",inpatient,Kaiser,"Kaiser Dual Choice PPO-GCS",600.0,negotiated_dollar,272.43,reliable
"Northside Hospital Atlanta",json,Colonoscopy,"COLONOSCOPY AND BIOPSY","","",inpatient,Coventry,"Coventry Medicare",600.0,negotiated_dollar,181.62,reliable
"Northside Hospital Atlanta",json,Colonoscopy,"COLONOSCOPY AND BIOPSY","","",inpatient,Cigna,"CIGNA HealthSprings Medicare Advantage",600.0,negotiated_dollar,187.07,reliable
"Northside Hospital Atlanta",json,Colonoscopy,"COLONOSCOPY AND BIOPSY","","",inpatient,Aetna,"Aetna Medicare",600.0,negotiated_dollar,181.62,reliable
"Northside Hospital Atlanta",json,Colonoscopy,"COLONOSCOPY AND BIOPSY","","",inpatient,CareSource,"CareSource MarketPlace",600.0,negotiated_dollar,181.62,reliable
"Northside Hospital Atlanta",json,Colonoscopy,"COLONOSCOPY AND BIOPSY","","",inpatient,CareSource,"CareSource Medicare Advantage",600.0,negotiated_dollar,190.7,reliable
"Northside Hospital Atlanta",json,Colonoscopy,"COLONOSCOPY AND BIOPSY","","",inpatient,Cigna,Cigna-G,600.0,negotiated_dollar,374.18,reliable
"Northside Hospital Atlanta",json,Colonoscopy,"COLONOSCOPY AND BIOPSY","","",inpatient,Cigna,Cigna-H,600.0,negotiated_dollar,368.09,reliable
"Northside Hospital Atlanta",json,Colonoscopy,"COLONOSCOPY AND BIOPSY","","",inpatient,Cigna,Cigna-L,600.0,negotiated_dollar,399.73,reliable
"Northside Hospital Atlanta",json,Colonoscopy,"COLONOSCOPY AND BIOPSY","","",inpatient,BCBS,BCBS_PATHWAY-L,600.0,negotiated_dollar,493.0,reliable
"Northside Hospital Atlanta",json,Colonoscopy,"COLONOSCOPY AND BIOPSY","","",inpatient,BCBS,BCBS_PPO,600.0,negotiated_dollar,495.0,reliable
"Northside Hospital Atlanta",json,Colonoscopy,"COLONOSCOPY AND BIOPSY","","",inpatient,"Beech Steet","Beech Street",600.0,negotiated_dollar,684.76,reliable
"Northside Hospital Atlanta",json,Colonoscopy,"COLONOSCOPY AND BIOPSY","","",inpatient,CareSource,CareSource,600.0,negotiated_dollar,315.67,reliable
"Northside Hospital Atlanta",json,Colonoscopy,"COLONOSCOPY AND BIOPSY","","",inpatient,Cigna,Cigna,600.0,negotiated_dollar,343.18,reliable
"Northside Hospital Atlanta",json,Colonoscopy,"COLONOSCOPY AND BIOPSY","","",inpatient,BCBS,BCBS_PPO-L,600.0,negotiated_dollar,495.0,reliable
"Northside Hospital Atlanta",json,Colonoscopy,"COLONOSCOPY AND BIOPSY","","",inpatient,BCBS,BCBS_HMO,600.0,negotiated_dollar,497.0,reliable
"Northside Hospital Atlanta",json,Colonoscopy,"COLONOSCOPY AND BIOPSY","","",inpatient,BCBS,BCBS_HMO-L,600.0,negotiated_dollar,1057.0,reliable
"Northside Hospital Atlanta",json,Colonoscopy,"COLONOSCOPY AND BIOPSY","","",inpatient,Aetna,"Aetna Whole Health",600.0,negotiated_dollar,484.0,reliable
"Northside Hospital Atlanta",json,Colonoscopy,"COLONOSCOPY AND BIOPSY","","",inpatient,Aetna,"Aetna Whole Health-G",600.0,negotiated_dollar,653.27,reliable
"Northside Hospital Atlanta",json,Colonoscopy,"COLONOSCOPY AND BIOPSY","","",inpatient,BCBS,BCBS_PATHWAY,600.0,negotiated_dollar,493.0,reliable
"Northside Hospital Atlanta",json,Colonoscopy,"COLONOSCOPY AND BIOPSY","","",inpatient,Aetna,"Aetna HMO/POS/PPO",600.0,negotiated_dollar,563.34,reliable
"Northside Hospital Atlanta",json,Colonoscopy,"COLONOSCOPY AND BIOPSY","","",inpatient,Aetna,"Aetna HMO/POS/PPO-G",600.0,negotiated_dollar,761.7,reliable
"Northside Hospital Atlanta",json,Colonoscopy,"COLONOSCOPY AND BIOPSY","","",inpatient,Aetna,"Aetna HMO/POS/PPO-Q",600.0,negotiated_dollar,552.76,reliable
"Northside Hospital Atlanta",json,Colonoscopy,"COLONOSCOPY AND BIOPSY","","",inpatient,Centene,"Ambetter PAR",600.0,negotiated_dollar,334.18,reliable
"Northside Hospital Atlanta",json,Colonoscopy,"COLONOSCOPY AND BIOPSY","","",inpatient,Amerigroup,"Amerigroup Medicaid",600.0,negotiated_dollar,315.67,reliable
"Northside Hospital Atlanta",json,Colonoscopy,"COLONOSCOPY AND BIOPSY","","",inpatient,BCBS,"BCBS Medicare Advantage",600.0,negotiated_dollar,181.62,reliable
"Northside Hospital Atlanta",json,Colonoscopy,"COLONOSCOPY AND BIOPSY","","",inpatient,BCBS,"BCBS Medicare Advantage-P",600.0,negotiated_dollar,181.62,reliable
"Northside Hospital Atlanta",json,Colonoscopy,"COLONOSCOPY AND BIOPSY","","",outpatient,Kaiser,"Kaiser Dual Choice PPO-THOR SURG",600.0,negotiated_dollar,236.11,reliable
"Northside Hospital Atlanta",json,Colonoscopy,"COLONOSCOPY AND BIOPSY","","",outpatient,Kaiser,"Kaiser Dual Choice PPO-NAPS/CVG/NPCPS/UPS",600.0,negotiated_dollar,236.11,reliable
"Northside Hospital Atlanta",json,Colonoscopy,"COLONOSCOPY AND BIOPSY","","",outpatient,Kaiser,"Kaiser Medicare Advantage",600.0,negotiated_dollar,181.62,reliable
"Northside Hospital Atlanta",json,Colonoscopy,"COLONOSCOPY AND BIOPSY","","",outpatient,Kaiser,"Kaiser Dual Choice PPO-VASC SURG",600.0,negotiated_dollar,217.94,reliable
"Northside Hospital Atlanta",json,Colonoscopy,"COLONOSCOPY AND BIOPSY","","",outpatient,Kaiser,"Kaiser Dual Choice PPO-GCS",600.0,negotiated_dollar,272.43,reliable
"Northside Hospital Atlanta",json,Colonoscopy,"COLONOSCOPY AND BIOPSY","","",outpatient,Kaiser,"Kaiser Dual Choice PPO-GPG/NOAS",600.0,negotiated_dollar,317.84,reliable
"Northside Hospital Atlanta",json,Colonoscopy,"COLONOSCOPY AND BIOPSY","","",outpatient,Kaiser,"Kaiser Dual Choice PPO-GYNONC",600.0,negotiated_dollar,306.94,reliable
"Northside Hospital Atlanta",json,Colonoscopy,"COLONOSCOPY AND BIOPSY","","",outpatient,Kaiser,"Kaiser Dual Choice PPO-MELANOMA",600.0,negotiated_dollar,345.08,reliable
"Northside Hospital Atlanta",json,Colonoscopy,"COLONOSCOPY AND BIOPSY","","",outpatient,Wellcare,"Wellcare Medicare Advantage",600.0,negotiated_dollar,181.62,reliable
"Northside Hospital Atlanta",json,Colonoscopy,"COLONOSCOPY AND BIOPSY","","",outpatient,Tricare,Tricare,600.0,negotiated_dollar,194.55,reliable
"Northside Hospital Atlanta",json,Colonoscopy,"COLONOSCOPY AND BIOPSY","","",outpatient,UHC,"UHC GA Individual Exchange",600.0,negotiated_dollar,358.15,reliable
"Northside Hospital Atlanta",json,Colonoscopy,"COLONOSCOPY AND BIOPSY","","",outpatient,"CLEAR SPRINGS EON HEALTH","CLEAR SPRINGS EON HEALTH",600.0,negotiated_dollar,190.7,reliable
"Northside Hospital Atlanta",json,Colonoscopy,"COLONOSCOPY AND BIOPSY","","",outpatient,Medicare,Medicare,600.0,negotiated_dollar,181.62,reliable
"Northside Hospital Atlanta",json,Colonoscopy,"COLONOSCOPY AND BIOPSY","","",outpatient,"VA CCN","VA CCN",600.0,negotiated_dollar,181.62,reliable
"Northside Hospital Atlanta",json,Colonoscopy,"COLONOSCOPY AND BIOPSY","","",outpatient,"Northside Health Network","Northside Health Network",600.0,negotiated_dollar,340.54,reliable
"Northside Hospital Atlanta",json,Colonoscopy,"COLONOSCOPY AND BIOPSY","","",outpatient,"Northside Health Network","Northside Health Network-S",600.0,negotiated_dollar,425.68,reliable
"Northside Hospital Atlanta",json,Colonoscopy,"COLONOSCOPY AND BIOPSY","","",outpatient,NovaNet_PPO,NovaNet_PPO,600.0,negotiated_dollar,480.0,reliable
"Northside Hospital Atlanta",json,Colonoscopy,"COLONOSCOPY AND BIOPSY","","",outpatient,UHC,"UHC HMO/POS/PPO",600.0,negotiated_dollar,433.71,reliable
"Northside Hospital Atlanta",json,Colonoscopy,"COLONOSCOPY AND BIOPSY","","",outpatient,UHC,"UHC HMO/POS/PPO-G",600.0,negotiated_dollar,623.37,reliable
"Northside Hospital Atlanta",json,Colonoscopy,"COLONOSCOPY AND BIOPSY","","",outpatient,UHC,"UHC HMO/POS/PPO-T",600.0,negotiated_dollar,365.84,reliable
"Northside Hospital Atlanta",json,Colonoscopy,"COLONOSCOPY AND BIOPSY","","",outpatient,UHC,"UHC Medicare",600.0,negotiated_dollar,181.62,reliable
"Northside Hospital Atlanta",json,Colonoscopy,"COLONOSCOPY AND BIOPSY","","",outpatient,Oscar,Oscar,600.0,negotiated_dollar,245.19,reliable
"Northside Hospital Atlanta",json,Colonoscopy,"COLONOSCOPY AND BIOPSY","","",outpatient,Centene,"Peach State Medicaid",600.0,negotiated_dollar,315.67,reliable
"Northside Hospital Atlanta",json,Colonoscopy,"COLONOSCOPY AND BIOPSY","","",outpatient,"Pruitt Health Premier","Pruitt Health Premier",600.0,negotiated_dollar,190.7,reliable
"Northside Hospital Atlanta",json,Colonoscopy,"COLONOSCOPY AND BIOPSY","","",outpatient,Cigna,"CIGNA HealthSprings Medicare Advantage",600.0,negotiated_dollar,187.07,reliable
"Northside Hospital Atlanta",json,Colonoscopy,"COLONOSCOPY AND BIOPSY","","",outpatient,Cigna,Cigna-L,600.0,negotiated_dollar,399.73,reliable
"Northside Hospital Atlanta",json,Colonoscopy,"COLONOSCOPY AND BIOPSY","","",outpatient,Coventry,"First Health and Coventry National",600.0,negotiated_dollar,584.5,reliable
"Northside Hospital Atlanta",json,Colonoscopy,"COLONOSCOPY AND BIOPSY","","",outpatient,"Georgia Workers Compensation","Georgia Workers Comp",600.0,negotiated_dollar,863.94,reliable
"Northside Hospital Atlanta",json,Colonoscopy,"COLONOSCOPY AND BIOPSY","","",outpatient,Coventry,"Coventry Medicare",600.0,negotiated_dollar,181.62,reliable
"Northside Hospital Atlanta",json,Colonoscopy,"COLONOSCOPY AND BIOPSY","","",outpatient,Kaiser,"Kaiser Dual Choice PPO-BARIATRIC",600.0,negotiated_dollar,272.43,reliable
"Northside Hospital Atlanta",json,Colonoscopy,"COLONOSCOPY AND BIOPSY","","",outpatient,Humana,"Humana Medicare Advantage PPO",600.0,negotiated_dollar,181.62,reliable
"Northside Hospital Atlanta",json,Colonoscopy,"COLONOSCOPY AND BIOPSY","","",outpatient,Kaiser,"Kaiser Dual Choice PPO",600.0,negotiated_dollar,232.98,reliable
"Northside Hospital Atlanta",json,Colonoscopy,"COLONOSCOPY AND BIOPSY","","",outpatient,Kaiser,"Kaiser Dual Choice PPO-AGA",600.0,negotiated_dollar,208.86,reliable
"Northside Hospital Atlanta",json,Colonoscopy,"COLONOSCOPY AND BIOPSY","","",outpatient,Humana,"Humana Medicare Advantage HMO",600.0,negotiated_dollar,181.62,reliable
"Northside Hospital Atlanta",json,Colonoscopy,"COLONOSCOPY AND BIOPSY","","",outpatient,"Clover Health","Clover Health",600.0,negotiated_dollar,190.7,reliable
"Northside Hospital Atlanta",json,Colonoscopy,"COLONOSCOPY AND BIOPSY","","",outpatient,CareSource,"CareSource Medicare Advantage",600.0,negotiated_dollar,190.7,reliable
"Northside Hospital Atlanta",json,Colonoscopy,"COLONOSCOPY AND BIOPSY","","",outpatient,"Beech Steet","Beech Street",600.0,negotiated_dollar,684.76,reliable
"Northside Hospital Atlanta",json,Colonoscopy,"COLONOSCOPY AND BIOPSY","","",outpatient,CareSource,CareSource,600.0,negotiated_dollar,315.67,reliable
"Northside Hospital Atlanta",json,Colonoscopy,"COLONOSCOPY AND BIOPSY","","",outpatient,Cigna,Cigna,600.0,negotiated_dollar,343.18,reliable
"Northside Hospital Atlanta",json,Colonoscopy,"COLONOSCOPY AND BIOPSY","","",outpatient,Cigna,Cigna-G,600.0,negotiated_dollar,374.18,reliable
"Northside Hospital Atlanta",json,Colonoscopy,"COLONOSCOPY AND BIOPSY","","",outpatient,Cigna,Cigna-H,600.0,negotiated_dollar,368.09,reliable
"Northside Hospital Atlanta",json,Colonoscopy,"COLONOSCOPY AND BIOPSY","","",outpatient,Aetna,"Aetna Whole Health",600.0,negotiated_dollar,484.0,reliable
"Northside Hospital Atlanta",json,Colonoscopy,"COLONOSCOPY AND BIOPSY","","",outpatient,Aetna,"Aetna Whole Health-G",600.0,negotiated_dollar,653.27,reliable
"Northside Hospital Atlanta",json,Colonoscopy,"COLONOSCOPY AND BIOPSY","","",outpatient,BCBS,BCBS_PPO,600.0,negotiated_dollar,495.0,reliable
"Northside Hospital Atlanta",json,Colonoscopy,"COLONOSCOPY AND BIOPSY","","",outpatient,BCBS,BCBS_PPO-L,600.0,negotiated_dollar,495.0,reliable
"Northside Hospital Atlanta",json,Colonoscopy,"COLONOSCOPY AND BIOPSY","","",outpatient,CareSource,"CareSource MarketPlace",600.0,negotiated_dollar,181.62,reliable
"Northside Hospital Atlanta",json,Colonoscopy,"COLONOSCOPY AND BIOPSY","","",outpatient,BCBS,"BCBS Medicare Advantage-P",600.0,negotiated_dollar,181.62,reliable
"Northside Hospital Atlanta",json,Colonoscopy,"COLONOSCOPY AND BIOPSY","","",outpatient,BCBS,BCBS_HMO,600.0,negotiated_dollar,497.0,reliable
"Northside Hospital Atlanta",json,Colonoscopy,"COLONOSCOPY AND BIOPSY","","",outpatient,BCBS,BCBS_HMO-L,600.0,negotiated_dollar,1057.0,reliable
"Northside Hospital Atlanta",json,Colonoscopy,"COLONOSCOPY AND BIOPSY","","",outpatient,BCBS,BCBS_PATHWAY-L,600.0,negotiated_dollar,493.0,reliable
"Northside Hospital Atlanta",json,Colonoscopy,"COLONOSCOPY AND BIOPSY","","",outpatient,BCBS,BCBS_PATHWAY,600.0,negotiated_dollar,493.0,reliable
"Northside Hospital Atlanta",json,Colonoscopy,"COLONOSCOPY AND BIOPSY","","",outpatient,Centene,"Ambetter PAR",600.0,negotiated_dollar,334.18,reliable
"Northside Hospital Atlanta",json,Colonoscopy,"COLONOSCOPY AND BIOPSY","","",outpatient,Amerigroup,"Amerigroup Medicaid",600.0,negotiated_dollar,315.67,reliable
"Northside Hospital Atlanta",json,Colonoscopy,"COLONOSCOPY AND BIOPSY","","",outpatient,BCBS,"BCBS Medicare Advantage",600.0,negotiated_dollar,181.62,reliable
"Northside Hospital Atlanta",json,Colonoscopy,"COLONOSCOPY AND BIOPSY","","",outpatient,Aetna,"Aetna Medicare",600.0,negotiated_dollar,181.62,reliable
"Northside Hospital Atlanta",json,Colonoscopy,"COLONOSCOPY AND BIOPSY","","",outpatient,Aetna,"Aetna HMO/POS/PPO",600.0,negotiated_dollar,563.34,reliable
"Northside Hospital Atlanta",json,Colonoscopy,"COLONOSCOPY AND BIOPSY","","",outpatient,Aetna,"Aetna HMO/POS/PPO-G",600.0,negotiated_dollar,761.7,reliable
"Northside Hospital Atlanta",json,Colonoscopy,"COLONOSCOPY AND BIOPSY","","",outpatient,Aetna,"Aetna HMO/POS/PPO-Q",600.0,negotiated_dollar,552.76,reliable
"Piedmont Atlanta Hospital",zip_csv,Colonoscopy,"HC Colonoscopy Bx","","",both,"BEECHSTREET [10800]",Beechstreet,4638.6,negotiated_dollar,3710.88,reliable
"Piedmont Atlanta Hospital",zip_csv,Colonoscopy,"HC Colonoscopy Bx","","",both,"BLUE CROSS [10001]","Blue Cross HMO",4638.6,negotiated_dollar,4395.11,reliable
"Piedmont Atlanta Hospital",zip_csv,Colonoscopy,"HC Colonoscopy Bx","","",both,"CIGNA [10200]",Cigna,4638.6,negotiated_dollar,4586.0,reliable
"Piedmont Atlanta Hospital",zip_csv,Colonoscopy,"HC Colonoscopy Bx","","",both,"FIRST HEALTH [10303]","First Health",4638.6,negotiated_dollar,3247.02,reliable
"Piedmont Atlanta Hospital",zip_csv,Colonoscopy,"HC Colonoscopy Bx","","",both,"MULTIPLAN [10600]",Multiplan,4638.6,negotiated_dollar,3942.81,reliable
"Piedmont Atlanta Hospital",zip_csv,Colonoscopy,"HC Colonoscopy Bx","","",both,"UHC [10700]","United Healthcare",4638.6,negotiated_dollar,3792.0,reliable
"Piedmont Atlanta Hospital",zip_csv,Colonoscopy,"HC Colonoscopy Bx","","",both,"ALLIANT HEALTH PLANS OF GEORGIA [10952]",Alliant,4638.6,negotiated_dollar,4638.6,reliable
"Piedmont Atlanta Hospital",zip_csv,Colonoscopy,"HC Colonoscopy Bx","","",both,"CIGNA GEORGIA CIGNA CONNECT  [11107]","Cigna Connect",4638.6,negotiated_dollar,3155.0,reliable
"Piedmont Atlanta Hospital",zip_csv,Colonoscopy,"HC Colonoscopy Bx","","",both,"KAISER [10500]",Kaiser,4638.6,negotiated_dollar,3432.56,reliable
"Piedmont Atlanta Hospital",zip_csv,Colonoscopy,"HC Colonoscopy Bx","","",both,"BLUE CROSS [10001]","Blue Cross PPO",4638.6,negotiated_dollar,4638.6,reliable
"Piedmont Atlanta Hospital",zip_csv,Colonoscopy,"HC Colonoscopy Bx","","",both,"AMERIGROUP MEDICAID [20100]",Amerigroup,4638.6,negotiated_dollar,572.83,reliable
"Piedmont Atlanta Hospital",zip_csv,Colonoscopy,"HC Colonoscopy Bx","","",both,"AETNA [10100]","Aetna PPO",4638.6,negotiated_dollar,3127.0,reliable
"Piedmont Atlanta Hospital",zip_csv,Colonoscopy,"HC Colonoscopy Bx","","",both,"PEACH STATE MEDICAID [20101]","Peach State Medicaid",4638.6,negotiated_dollar,555.7,reliable
"Piedmont Atlanta Hospital",zip_csv,Colonoscopy,"HC Colonoscopy Bx","","",both,"CARESOURCE MEDICAID [20104]","Caresource Medicaid",4638.6,negotiated_dollar,555.7,reliable
"Piedmont Atlanta Hospital",zip_csv,Colonoscopy,"HC Colonoscopy Bx","","",both,"AETNA [10100]","Aetna HMO",4638.6,negotiated_dollar,3127.0,reliable
"Piedmont Atlanta Hospital",zip_csv,Colonoscopy,"HC Colonoscopy Bx","","",both,"PHCS [10601]",PHCS,4638.6,negotiated_dollar,4638.6,reliable
"Piedmont Atlanta Hospital",zip_csv,Colonoscopy,"HC Colonoscopy Bx","","",both,"NOVANET [10819]",Novanet,4638.6,negotiated_dollar,3478.95,reliable
"Piedmont Atlanta Hospital",zip_csv,Colonoscopy,"HC Colonoscopy Bx","","",both,"UNITED HEALTHCARE EXCHANGE  [11110]","United Healthcare Exchange",4638.6,negotiated_dollar,2465.0,reliable
"Piedmont Atlanta Hospital",zip_csv,Colonoscopy,"HC Colonoscopy Bx","","",both,"BEECHSTREET [10800]",Beechstreet,4638.6,negotiated_dollar,3710.88,reliable
"Piedmont Atlanta Hospital",zip_csv,Colonoscopy,"HC Colonoscopy Bx","","",both,"BLUE CROSS [10001]","Blue Cross HMO",4638.6,negotiated_dollar,4395.11,reliable
"Piedmont Atlanta Hospital",zip_csv,Colonoscopy,"HC Colonoscopy Bx","","",both,"CIGNA [10200]",Cigna,4638.6,negotiated_dollar,4586.0,reliable
"Piedmont Atlanta Hospital",zip_csv,Colonoscopy,"HC Colonoscopy Bx","","",both,"FIRST HEALTH [10303]","First Health",4638.6,negotiated_dollar,3247.02,reliable
"Piedmont Atlanta Hospital",zip_csv,Colonoscopy,"HC Colonoscopy Bx","","",both,"MULTIPLAN [10600]",Multiplan,4638.6,negotiated_dollar,3942.81,reliable
"Piedmont Atlanta Hospital",zip_csv,Colonoscopy,"HC Colonoscopy Bx","","",both,"UHC [10700]","United Healthcare",4638.6,negotiated_dollar,3792.0,reliable
"Piedmont Atlanta Hospital",zip_csv,Colonoscopy,"HC Colonoscopy Bx","","",both,"ALLIANT HEALTH PLANS OF GEORGIA [10952]",Alliant,4638.6,negotiated_dollar,4638.6,reliable
"Piedmont Atlanta Hospital",zip_csv,Colonoscopy,"HC Colonoscopy Bx","","",both,"CIGNA GEORGIA CIGNA CONNECT  [11107]","Cigna Connect",4638.6,negotiated_dollar,3155.0,reliable
"Piedmont Atlanta Hospital",zip_csv,Colonoscopy,"HC Colonoscopy Bx","","",both,"KAISER [10500]",Kaiser,4638.6,negotiated_dollar,3432.56,reliable
"Piedmont Atlanta Hospital",zip_csv,Colonoscopy,"HC Colonoscopy Bx","","",both,"BLUE CROSS [10001]","Blue Cross PPO",4638.6,negotiated_dollar,4638.6,reliable
"Piedmont Atlanta Hospital",zip_csv,Colonoscopy,"HC Colonoscopy Bx","","",both,"AMERIGROUP MEDICAID [20100]",Amerigroup,4638.6,negotiated_dollar,572.83,reliable
"Piedmont Atlanta Hospital",zip_csv,Colonoscopy,"HC Colonoscopy Bx","","",both,"AETNA [10100]","Aetna PPO",4638.6,negotiated_dollar,3127.0,reliable
"Piedmont Atlanta Hospital",zip_csv,Colonoscopy,"HC Colonoscopy Bx","","",both,"PEACH STATE MEDICAID [20101]","Peach State Medicaid",4638.6,negotiated_dollar,555.7,reliable
"Piedmont Atlanta Hospital",zip_csv,Colonoscopy,"HC Colonoscopy Bx","","",both,"CARESOURCE MEDICAID [20104]","Caresource Medicaid",4638.6,negotiated_dollar,555.7,reliable
"Piedmont Atlanta Hospital",zip_csv,Colonoscopy,"HC Colonoscopy Bx","","",both,"AETNA [10100]","Aetna HMO",4638.6,negotiated_dollar,3127.0,reliable
"Piedmont Atlanta Hospital",zip_csv,Colonoscopy,"HC Colonoscopy Bx","","",both,"PHCS [10601]",PHCS,4638.6,negotiated_dollar,4638.6,reliable
"Piedmont Atlanta Hospital",zip_csv,Colonoscopy,"HC Colonoscopy Bx","","",both,"NOVANET [10819]",Novanet,4638.6,negotiated_dollar,3478.95,reliable
"Piedmont Atlanta Hospital",zip_csv,Colonoscopy,"HC Colonoscopy Bx","","",both,"UNITED HEALTHCARE EXCHANGE  [11110]","United Healthcare Exchange",4638.6,negotiated_dollar,2465.0,reliable
"Wellstar Kennestone Hospital",csv_flat,Colonoscopy,"Diagnostic colonoscopy",facility,"",outpatient,Aetna,Hmo/Pos/Ppo,,negotiated_dollar,4714.0,low_confidence
"Wellstar Kennestone Hospital",csv_flat,Colonoscopy,"Diagnostic colonoscopy",facility,"",outpatient,"Alliant Health Plan",Ppo,,negotiated_dollar,1694.0,low_confidence
"Wellstar Kennestone Hospital",csv_flat,Colonoscopy,"Diagnostic colonoscopy",facility,"",outpatient,Cigna,Hmo,,negotiated_dollar,3437.0,low_confidence
"Wellstar Kennestone Hospital",csv_flat,Colonoscopy,"Diagnostic colonoscopy",facility,"",outpatient,Unitedhealthcare,"All Commercial Plans",,negotiated_dollar,5272.0,low_confidence
"Wellstar Kennestone Hospital",csv_flat,Colonoscopy,"Diagnostic colonoscopy",facility,"",outpatient,Bcbs,Hmo/Pos,,negotiated_dollar,3545.87,low_confidence
"Wellstar Kennestone Hospital",csv_flat,Colonoscopy,"Diagnostic colonoscopy",facility,"",outpatient,Bcbs,"Shbp Other Commercial Plan",,negotiated_dollar,2798.75,low_confidence
"Wellstar Kennestone Hospital",csv_flat,Colonoscopy,"Diagnostic colonoscopy",facility,"",outpatient,Aetna,"Medicare Managed Care Plan",,negotiated_dollar,944.57,low_confidence
"Wellstar Kennestone Hospital",csv_flat,Colonoscopy,"Diagnostic colonoscopy",facility,"",outpatient,Ambetter,"Select Exchange",,negotiated_dollar,1662.44,low_confidence
"Wellstar Kennestone Hospital",csv_flat,Colonoscopy,"Diagnostic colonoscopy",facility,"",outpatient,Bcbs,"Medicare Managed Care Plan",,negotiated_dollar,963.46,low_confidence
"Wellstar Kennestone Hospital",csv_flat,Colonoscopy,"Diagnostic colonoscopy",facility,"",outpatient,Caresource,Exchange,,negotiated_dollar,1851.36,low_confidence
"Wellstar Kennestone Hospital",csv_flat,Colonoscopy,"Diagnostic colonoscopy",facility,"",outpatient,Caresource,"Medicare Managed Care Plan",,negotiated_dollar,1010.69,low_confidence
"Wellstar Kennestone Hospital",csv_flat,Colonoscopy,"Diagnostic colonoscopy",facility,"",outpatient,Cigna,"Medicare Managed Care Plan",,negotiated_dollar,991.8,low_confidence
"Wellstar Kennestone Hospital",csv_flat,Colonoscopy,"Diagnostic colonoscopy",facility,"",outpatient,"Oscar Healthplan",Exchange,,negotiated_dollar,1747.46,low_confidence
"Wellstar Kennestone Hospital",csv_flat,Colonoscopy,"Colonoscopy and biopsy",facility,"",outpatient,Aetna,Hmo/Pos/Ppo,,negotiated_dollar,4714.0,low_confidence
"Wellstar Kennestone Hospital",csv_flat,Colonoscopy,"Colonoscopy and biopsy",facility,"",outpatient,"Alliant Health Plan",Ppo,,negotiated_dollar,1694.0,low_confidence
"Wellstar Kennestone Hospital",csv_flat,Colonoscopy,"Colonoscopy and biopsy",facility,"",outpatient,Cigna,Hmo,,negotiated_dollar,3437.0,low_confidence
"Wellstar Kennestone Hospital",csv_flat,Colonoscopy,"Colonoscopy and biopsy",facility,"",outpatient,Unitedhealthcare,"All Commercial Plans",,negotiated_dollar,5272.0,low_confidence
"Wellstar Kennestone Hospital",csv_flat,Colonoscopy,"Colonoscopy and biopsy",facility,"",outpatient,Bcbs,Hmo/Pos,,negotiated_dollar,4562.72,low_confidence
"Wellstar Kennestone Hospital",csv_flat,Colonoscopy,"Colonoscopy and biopsy",facility,"",outpatient,Bcbs,"Shbp Other Commercial Plan",,negotiated_dollar,3601.35,low_confidence
"Wellstar Kennestone Hospital",csv_flat,Colonoscopy,"Colonoscopy and biopsy",facility,"",outpatient,Aetna,"Medicare Managed Care Plan",,negotiated_dollar,1215.44,low_confidence
"Wellstar Kennestone Hospital",csv_flat,Colonoscopy,"Colonoscopy and biopsy",facility,"",outpatient,Ambetter,"Select Exchange",,negotiated_dollar,2139.18,low_confidence
"Wellstar Kennestone Hospital",csv_flat,Colonoscopy,"Colonoscopy and biopsy",facility,"",outpatient,Bcbs,"Medicare Managed Care Plan",,negotiated_dollar,1239.75,low_confidence
"Wellstar Kennestone Hospital",csv_flat,Colonoscopy,"Colonoscopy and biopsy",facility,"",outpatient,Caresource,Exchange,,negotiated_dollar,2382.27,low_confidence
"Wellstar Kennestone Hospital",csv_flat,Colonoscopy,"Colonoscopy and biopsy",facility,"",outpatient,Caresource,"Medicare Managed Care Plan",,negotiated_dollar,1300.53,low_confidence
"Wellstar Kennestone Hospital",csv_flat,Colonoscopy,"Colonoscopy and biopsy",facility,"",outpatient,Cigna,"Medicare Managed Care Plan",,negotiated_dollar,1276.22,low_confidence
"Wellstar Kennestone Hospital",csv_flat,Colonoscopy,"Colonoscopy and biopsy",facility,"",outpatient,"Oscar Healthplan",Exchange,,negotiated_dollar,2248.57,low_confidence
"Arthur M. Blank Hospital",csv_flat,"Head CT","CT Scan Head or Brain W/O Contrast","","",outpatient,"AMERIGROUP [102]","AMERIGROUP: AMBH PEACHCARE",2512.0,negotiated_dollar,1156.21,reliable
"Arthur M. Blank Hospital",csv_flat,"Head CT","CT Scan Head or Brain W/O Contrast","","",outpatient,"AMERIGROUP [102]","AMERIGROUP: AMBH MCAID",2512.0,negotiated_dollar,1156.21,reliable
"Arthur M. Blank Hospital",csv_flat,"Head CT","CT Scan Head or Brain W/O Contrast","","",outpatient,"CARESOURCE [61]","CARESOURCE: AMBH MCAID",2512.0,negotiated_dollar,1103.65,reliable
"Arthur M. Blank Hospital",csv_flat,"Head CT","CT Scan Head or Brain W/O Contrast","","",outpatient,"CARESOURCE [61]","CARESOURCE: AMBH PEACHCARE",2512.0,negotiated_dollar,1103.65,reliable
"Arthur M. Blank Hospital",csv_flat,"Head CT","CT Scan Head or Brain W/O Contrast","","",outpatient,"PEACHSTATE [43]","PEACH STATE: AMBH PEACHCARE",2512.0,negotiated_dollar,1073.49,reliable
"Arthur M. Blank Hospital",csv_flat,"Head CT","CT Scan Head or Brain W/O Contrast","","",outpatient,"PEACHSTATE [43]","PEACH STATE: AMBH MCAID",2512.0,negotiated_dollar,1073.49,reliable
"Arthur M. Blank Hospital",csv_flat,"Head CT","CT Scan Head or Brain W/O Contrast","","",outpatient,"AETNA [1]","AETNA HMO/POS & PPO: CHILDREN'S",2512.0,negotiated_dollar,1690.58,reliable
"Arthur M. Blank Hospital",csv_flat,"Head CT","CT Scan Head or Brain W/O Contrast","","",outpatient,"AMBETTER PEACHSTATE [227]","AMBETTER: CHILDREN'S",2512.0,negotiated_dollar,1681.78,reliable
"Arthur M. Blank Hospital",csv_flat,"Head CT","CT Scan Head or Brain W/O Contrast","","",outpatient,"BLUE CROSS [2]","BCBS HMO/PPO/POS: CHILDREN'S",2512.0,negotiated_dollar,1666.71,reliable
"Arthur M. Blank Hospital",csv_flat,"Head CT","CT Scan Head or Brain W/O Contrast","","",outpatient,"BLUE CROSS COMM/INDEMNITY [121]","BCBS PAR: CHILDREN'S",2512.0,negotiated_dollar,2452.21,reliable
"Arthur M. Blank Hospital",csv_flat,"Head CT","CT Scan Head or Brain W/O Contrast","","",outpatient,"CARESOURCE MARKETPLACE BRONZE/SILVER/GOLD [60]","CARESOURCE MARKETPLACE: CHILDREN'S",2512.0,negotiated_dollar,1706.9,reliable
"Arthur M. Blank Hospital",csv_flat,"Head CT","CT Scan Head or Brain W/O Contrast","","",outpatient,"CIGNA [3]","CIGNA HMO/POS & PPO: CHILDREN'S",2512.0,negotiated_dollar,1660.43,reliable
"Arthur M. Blank Hospital",csv_flat,"Head CT","CT Scan Head or Brain W/O Contrast","","",outpatient,"BEECH STREET [71]","BEECH STREET PPO: CHILDREN'S",2512.0,negotiated_dollar,2260.8,reliable
"Arthur M. Blank Hospital",csv_flat,"Head CT","CT Scan Head or Brain W/O Contrast","","",outpatient,"COVENTRY [9]","COVENTRY NATIONAL NETWORK: CHILDREN'S",2512.0,negotiated_dollar,1762.92,reliable
"Arthur M. Blank Hospital",csv_flat,"Head CT","CT Scan Head or Brain W/O Contrast","","",outpatient,"DIRECT EMPLOYER AGREEMENTS [72]","CHEROKEE COUNTY: CHILDREN'S",2512.0,negotiated_dollar,1758.4,reliable
"Arthur M. Blank Hospital",csv_flat,"Head CT","CT Scan Head or Brain W/O Contrast","","",outpatient,"FIRST HEALTH [74]","COVENTRY FIRST HEALTH NETWORK: CHILDREN'S",2512.0,negotiated_dollar,1885.51,reliable
"Arthur M. Blank Hospital",csv_flat,"Head CT","CT Scan Head or Brain W/O Contrast","","",outpatient,"KAISER [6]","KAISER HMO/POS PPO & EPO: CHILDREN'S",2512.0,negotiated_dollar,1710.42,reliable
"Arthur M. Blank Hospital",csv_flat,"Head CT","CT Scan Head or Brain W/O Contrast","","",outpatient,"NORTHEAST GEORGIA HEATLH SYSTEM [808]","NORTHEAST GEORGIA HEALTH PARTNERS PPO: CHILDREN'S",2512.0,negotiated_dollar,1884.0,reliable
"Arthur M. Blank Hospital",csv_flat,"Head CT","CT Scan Head or Brain W/O Contrast","","",outpatient,"DIRECT EMPLOYER AGREEMENTS [72]","NORTHSIDE DIRECT: CHILDREN'S",2512.0,negotiated_dollar,1758.4,reliable
"Arthur M. Blank Hospital",csv_flat,"Head CT","CT Scan Head or Brain W/O Contrast","","",outpatient,"DIRECT EMPLOYER AGREEMENTS [72]","QUIKTRIP: CHILDREN'S",2512.0,negotiated_dollar,2135.2,reliable
"Arthur M. Blank Hospital",csv_flat,"Head CT","CT Scan Head or Brain W/O Contrast","","",outpatient,"MULTIPLAN [92]","MULTIPLAN PPO: CHILDREN'S",2512.0,negotiated_dollar,2461.76,reliable
"Arthur M. Blank Hospital",csv_flat,"Head CT","CT Scan Head or Brain W/O Contrast","","",outpatient,"OSCAR [228]","OSCAR HEALTH PLAN: CHILDREN'S",2512.0,negotiated_dollar,1683.04,reliable
"Arthur M. Blank Hospital",csv_flat,"Head CT","CT Scan Head or Brain W/O Contrast","","",outpatient,"PHCS [93]","PHCS PPO: CHILDREN'S",2512.0,negotiated_dollar,2135.2,reliable
"Arthur M. Blank Hospital",csv_flat,"Head CT","CT Scan Head or Brain W/O Contrast","","",outpatient,"SECURE HEALTH [340]","SECURE HEALTH: CHILDREN'S",2512.0,negotiated_dollar,2135.2,reliable
"Arthur M. Blank Hospital",csv_flat,"Head CT","CT Scan Head or Brain W/O Contrast","","",outpatient,"SIDECAR HEALTH [236]","SIDECAR HEALTH: CHILDREN'S",2512.0,negotiated_dollar,1733.28,reliable
"Arthur M. Blank Hospital",csv_flat,"Head CT","CT Scan Head or Brain W/O Contrast","","",outpatient,"UNITED [5]","UNITED HEALTHCARE HMO/POS & PPO: CHILDREN'S",2512.0,negotiated_dollar,1666.71,reliable
"Arthur M. Blank Hospital",csv_flat,"Head CT","CT Scan Head or Brain W/O Contrast","","",outpatient,"VERACITY BENEFITS [809]","VERACITY BENEFITS: CHILDREN'S",2512.0,negotiated_dollar,1884.0,reliable
"Arthur M. Blank Hospital",csv_flat,"Head CT","CT Scan Head or Brain W/O Contrast","","",outpatient,"NOVANET [41]","NOVANET PPO: CHILDREN'S",2512.0,negotiated_dollar,2512.0,reliable
"Emory University Hospital",csv_flat,"Head CT","Hc Ct Scan,Head/Brain,W/O Contrast Matl - Ct Head Wo Contrast",facility,"",both,"","",1289.0,unavailable,,low_confidence
"Emory University Hospital",csv_flat,"Head CT","Hc Ct Scan,Head/Brain,W/O Contrast Matl - Ct Head Wo Contrast",facility,"",both,"","",1031.0,unavailable,,low_confidence
"Emory University Hospital",csv_flat,"Head CT","Ct head/brain w/o dye",facility,"",outpatient,Aetna,Exchange,,negotiated_dollar,383.0,low_confidence
"Emory University Hospital",csv_flat,"Head CT","Ct head/brain w/o dye",facility,"",outpatient,Aetna,"Hpn Whole Health Other Commercial Plan",,negotiated_dollar,655.0,low_confidence
"Emory University Hospital",csv_flat,"Head CT","Ct head/brain w/o dye",facility,"",outpatient,Kaiser,Hmo,,negotiated_dollar,711.0,low_confidence
"Emory University Hospital",csv_flat,"Head CT","Ct head/brain w/o dye",facility,"",outpatient,"Oscar Health",Exchange,,negotiated_dollar,129.13,low_confidence
"Emory University Hospital",csv_flat,"Head CT","Ct head/brain w/o dye",facility,"",outpatient,Unitedhealthcare,Hmo/Pos,,negotiated_dollar,280.2,low_confidence
"Emory University Hospital",csv_flat,"Head CT","Ct head/brain w/o dye",facility,"",outpatient,Unitedhealthcare,"Core/Charter/Nexus Other Commercial Plan",,negotiated_dollar,280.2,low_confidence
"Emory University Hospital",csv_flat,"Head CT","Ct head/brain w/o dye",facility,"",outpatient,Aetna,"Medicare Managed Care Plan",,negotiated_dollar,106.96,low_confidence
"Emory University Hospital",csv_flat,"Head CT","Ct head/brain w/o dye",facility,"",outpatient,"Ambetter Health","Peach State Exchange",,negotiated_dollar,222.31,low_confidence
"Emory University Hospital",csv_flat,"Head CT","Ct head/brain w/o dye",facility,"",outpatient,Bcbs,"Blue Value Secure Medicare Managed Care Plan",,negotiated_dollar,105.91,low_confidence
"Emory University Hospital",csv_flat,"Head CT","Ct head/brain w/o dye",facility,"",outpatient,Cigna,"Healthspring Medicare Managed Care Plan",,negotiated_dollar,108.01,low_confidence
"Emory University Hospital",csv_flat,"Head CT","Ct head/brain w/o dye",facility,"",outpatient,"Clover Health","Medicare Managed Care Plan",,negotiated_dollar,110.1,low_confidence
"Emory University Hospital",csv_flat,"Head CT","Ct head/brain w/o dye",facility,"",outpatient,"Devoted Health","Medicare Managed Care Plan",,negotiated_dollar,104.86,low_confidence
"Emory University Hospital",csv_flat,"Head CT","Ct head/brain w/o dye",facility,"",outpatient,Wellcare,"Medicare Managed Care Plan",,negotiated_dollar,111.15,low_confidence
"Grady Memorial Hospital",csv_wide,"Head CT","Head/Brain CT W/O Dye Ect",facility,"",inpatient,"Anthem BCBS",HPN,4026.0,negotiated_dollar,3220.8,reliable
"Grady Memorial Hospital",csv_wide,"Head CT","Head/Brain CT W/O Dye Ect",facility,"",inpatient,Kaiser,Commercial,4026.0,negotiated_dollar,3051.71,reliable
"Grady Memorial Hospital",csv_wide,"Head CT","Head/Brain CT W/O Dye Ect",facility,"",inpatient,Multiplan,Commercial,4026.0,negotiated_dollar,3100.02,reliable
"Grady Memorial Hospital",csv_wide,"Head CT","Head/Brain CT W/O Dye Ect",facility,"",inpatient,"USP Naphcare",Commercial,4026.0,negotiated_dollar,2415.6,reliable
"Grady Memorial Hospital",csv_wide,"Head CT","Head/Brain CT W/O Dye Ect",facility,"",outpatient,Aetna,Commercial,4026.0,negotiated_dollar,1791.57,reliable
"Grady Memorial Hospital",csv_wide,"Head CT","Head/Brain CT W/O Dye Ect",facility,"",outpatient,Aetna,Medicare,4026.0,negotiated_dollar,1409.1,reliable
"Grady Memorial Hospital",csv_wide,"Head CT","Head/Brain CT W/O Dye Ect",facility,"",outpatient,Ambetter,Marketplace,4026.0,negotiated_dollar,595.85,reliable
"Grady Memorial Hospital",csv_wide,"Head CT","Head/Brain CT W/O Dye Ect",facility,"",outpatient,Amerigroup,Medicaid,4026.0,negotiated_dollar,654.63,reliable
"Grady Memorial Hospital",csv_wide,"Head CT","Head/Brain CT W/O Dye Ect",facility,"",outpatient,"Anthem BCBS",HMO/POS,4026.0,negotiated_dollar,2948.64,reliable
"Grady Memorial Hospital",csv_wide,"Head CT","Head/Brain CT W/O Dye Ect",facility,"",outpatient,"Anthem BCBS",HPN,4026.0,negotiated_dollar,3220.8,reliable
"Grady Memorial Hospital",csv_wide,"Head CT","Head/Brain CT W/O Dye Ect",facility,"",outpatient,"Anthem BCBS",PPO,4026.0,negotiated_dollar,3061.77,reliable
"Grady Memorial Hospital",csv_wide,"Head CT","Head/Brain CT W/O Dye Ect",facility,"",outpatient,"Anthem BCBS",Pathways/Marketplace,4026.0,negotiated_dollar,2948.64,reliable
"Grady Memorial Hospital",csv_wide,"Head CT","Head/Brain CT W/O Dye Ect",facility,"",outpatient,Caresource,Commercial,4026.0,negotiated_dollar,600.68,reliable
"Grady Memorial Hospital",csv_wide,"Head CT","Head/Brain CT W/O Dye Ect",facility,"",outpatient,Cigna,Commercial,4026.0,negotiated_dollar,2381.38,reliable
"Grady Memorial Hospital",csv_wide,"Head CT","Head/Brain CT W/O Dye Ect",facility,"",outpatient,Cigna,IFP,4026.0,negotiated_dollar,2359.24,reliable
"Grady Memorial Hospital",csv_wide,"Head CT","Head/Brain CT W/O Dye Ect",facility,"",outpatient,Cigna,"Local Plus",4026.0,negotiated_dollar,1751.31,reliable
"Grady Memorial Hospital",csv_wide,"Head CT","Head/Brain CT W/O Dye Ect",facility,"",outpatient,Kaiser,Commercial,4026.0,negotiated_dollar,3051.71,reliable
"Grady Memorial Hospital",csv_wide,"Head CT","Head/Brain CT W/O Dye Ect",facility,"",outpatient,Multiplan,Commercial,4026.0,negotiated_dollar,3100.02,reliable
"Grady Memorial Hospital",csv_wide,"Head CT","Head/Brain CT W/O Dye Ect",facility,"",outpatient,"Oscar Health",Commercial/Marketplace,4026.0,negotiated_dollar,2616.9,reliable
"Grady Memorial Hospital",csv_wide,"Head CT","Head/Brain CT W/O Dye Ect",facility,"",outpatient,"Peach State",Medicaid,4026.0,negotiated_dollar,600.68,reliable
"Grady Memorial Hospital",csv_wide,"Head CT","Head/Brain CT W/O Dye Ect",facility,"",outpatient,UHC,Commercial,4026.0,negotiated_dollar,2898.72,reliable
"Grady Memorial Hospital",csv_wide,"Head CT","Head/Brain CT W/O Dye Ect",facility,"",outpatient,UHC,Exchange/Marketplace,4026.0,negotiated_dollar,2335.08,reliable
"Grady Memorial Hospital",csv_wide,"Head CT","Head/Brain CT W/O Dye Ect",facility,"",outpatient,"USP Naphcare",Commercial,4026.0,negotiated_dollar,2415.6,reliable
"Grady Memorial Hospital",csv_wide,"Head CT","Ct head/brain w/o dye",facility,"",outpatient,UHC,Exchange/Marketplace,,negotiated_dollar,528.15,reliable
"Grady Memorial Hospital",csv_wide,"Head CT","Ct head/brain w/o dye",facility,"",outpatient,UHC,"Surest Health",,negotiated_dollar,528.15,reliable
"Grady Memorial Hospital",csv_wide,"Head CT","Ct head/brain w/o dye",facility,"",outpatient,Aetna,Commercial,,negotiated_dollar,1475.0,reliable
"Grady Memorial Hospital",csv_wide,"Head CT","Ct head/brain w/o dye",facility,"",outpatient,Aetna,Medicare,,negotiated_dollar,105.81,reliable
"Grady Memorial Hospital",csv_wide,"Head CT","Ct head/brain w/o dye",facility,"",outpatient,Ambetter,Marketplace,,negotiated_dollar,105.81,reliable
"Grady Memorial Hospital",csv_wide,"Head CT","Ct head/brain w/o dye",facility,"",outpatient,"Anthem BCBS",HMO/POS,,negotiated_dollar,785.72,reliable
"Grady Memorial Hospital",csv_wide,"Head CT","Ct head/brain w/o dye",facility,"",outpatient,"Anthem BCBS",Medicare,,negotiated_dollar,105.81,reliable
"Grady Memorial Hospital",csv_wide,"Head CT","Ct head/brain w/o dye",facility,"",outpatient,"Anthem BCBS",PPO,,negotiated_dollar,785.72,reliable
"Grady Memorial Hospital",csv_wide,"Head CT","Ct head/brain w/o dye",facility,"",outpatient,"Anthem BCBS",Pathways/Marketplace,,negotiated_dollar,785.72,reliable
"Grady Memorial Hospital",csv_wide,"Head CT","Ct head/brain w/o dye",facility,"",outpatient,Caresource,Marketplace,,negotiated_dollar,169.29,reliable
"Grady Memorial Hospital",csv_wide,"Head CT","Ct head/brain w/o dye",facility,"",outpatient,Cigna,Commercial,,unavailable,,reliable
"Grady Memorial Hospital",csv_wide,"Head CT","Ct head/brain w/o dye",facility,"",outpatient,Cigna,IFP,,negotiated_dollar,148.02,reliable
"Grady Memorial Hospital",csv_wide,"Head CT","Ct head/brain w/o dye",facility,"",outpatient,Cigna,Medicare,,negotiated_dollar,105.81,reliable
"Grady Memorial Hospital",csv_wide,"Head CT","Ct head/brain w/o dye",facility,"",outpatient,"Clear Spring Health",Medicare,,negotiated_dollar,111.1,reliable
"Grady Memorial Hospital",csv_wide,"Head CT","Ct head/brain w/o dye",facility,"",outpatient,Clover,Medicare,,negotiated_dollar,111.1,reliable
"Grady Memorial Hospital",csv_wide,"Head CT","Ct head/brain w/o dye",facility,"",outpatient,Humana,Medicare,,negotiated_dollar,105.81,reliable
"Grady Memorial Hospital",csv_wide,"Head CT","Ct head/brain w/o dye",facility,"",outpatient,Kaiser,Medicare,,negotiated_dollar,105.81,reliable
"Grady Memorial Hospital",csv_wide,"Head CT","Ct head/brain w/o dye",facility,"",outpatient,Medicare,Medicare,,negotiated_dollar,105.81,reliable
"Grady Memorial Hospital",csv_wide,"Head CT","Ct head/brain w/o dye",facility,"",outpatient,"Oscar Health",Commercial/Marketplace,,negotiated_dollar,175.47,reliable
"Grady Memorial Hospital",csv_wide,"Head CT","Ct head/brain w/o dye",facility,"",outpatient,UHC,Medicare,,negotiated_dollar,105.81,reliable
"Grady Memorial Hospital",csv_wide,"Head CT","Ct head/brain w/o dye",facility,"",outpatient,"USP Naphcare",Commercial,,negotiated_dollar,195.74,reliable
"Grady Memorial Hospital",csv_wide,"Head CT","Ct head/brain w/o dye",facility,"",outpatient,VACCN,Commercial,,negotiated_dollar,105.81,reliable
"Grady Memorial Hospital",csv_wide,"Head CT","Ct head/brain w/o dye",facility,"",outpatient,WellCare,Medicare,,negotiated_dollar,105.81,reliable
"Grady Memorial Hospital",csv_wide,"Head CT","Ct head/brain w/o dye",facility,"",outpatient,UHC,Charter,,negotiated_dollar,528.15,reliable
"Grady Memorial Hospital",csv_wide,"Head CT","Ct head/brain w/o dye",facility,"",outpatient,UHC,Commercial,,negotiated_dollar,528.15,reliable
"Grady Memorial Hospital",csv_wide,"Head CT","Ct head/brain w/o dye",facility,"",outpatient,UHC,Core,,negotiated_dollar,528.15,reliable
"Northside Hospital Atlanta",json,"Head CT","CT HEAD (BRAIN) W/O CONTRAST","","",outpatient,Aetna,"Aetna Medicare",3990.0,negotiated_dollar,106.58,reliable
"Northside Hospital Atlanta",json,"Head CT","CT HEAD (BRAIN) W/O CONTRAST","","",outpatient,BCBS,"BCBS Medicare Advantage",3990.0,negotiated_dollar,104.49,reliable
"Northside Hospital Atlanta",json,"Head CT","CT HEAD (BRAIN) W/O CONTRAST","","",outpatient,BCBS,"BCBS Medicare Advantage-P",3990.0,negotiated_dollar,104.49,reliable
"Northside Hospital Atlanta",json,"Head CT","CT HEAD (BRAIN) W/O CONTRAST","","",outpatient,BCCP,BCCP,3990.0,negotiated_dollar,106.19,reliable
"Northside Hospital Atlanta",json,"Head CT","CT HEAD (BRAIN) W/O CONTRAST","","",outpatient,CareSource,"CareSource Medicare Advantage",3990.0,negotiated_dollar,107.62,reliable
"Northside Hospital Atlanta",json,"Head CT","CT HEAD (BRAIN) W/O CONTRAST","","",outpatient,CBWW,CBWW,3990.0,negotiated_dollar,106.19,reliable
"Northside Hospital Atlanta",json,"Head CT","CT HEAD (BRAIN) W/O CONTRAST","","",outpatient,"Clover Health","Clover Health",3990.0,negotiated_dollar,109.69,reliable
"Northside Hospital Atlanta",json,"Head CT","CT HEAD (BRAIN) W/O CONTRAST","","",outpatient,Coventry,"Coventry Medicare",3990.0,negotiated_dollar,106.58,reliable
"Northside Hospital Atlanta",json,"Head CT","CT HEAD (BRAIN) W/O CONTRAST","","",outpatient,"Devoted Medicare Advantage","Devoted Medicare Advantage",3990.0,negotiated_dollar,109.71,reliable
"Northside Hospital Atlanta",json,"Head CT","CT HEAD (BRAIN) W/O CONTRAST","","",outpatient,Humana,"Humana Medicare Advantage HMO",3990.0,negotiated_dollar,105.53,reliable
"Northside Hospital Atlanta",json,"Head CT","CT HEAD (BRAIN) W/O CONTRAST","","",outpatient,Humana,"Humana Medicare Advantage PPO",3990.0,negotiated_dollar,108.67,reliable
"Northside Hospital Atlanta",json,"Head CT","CT HEAD (BRAIN) W/O CONTRAST","","",outpatient,"Institutional 100 Percent of Medicare","Institutional 100 Percent of Medicare",3990.0,negotiated_dollar,104.49,reliable
"Northside Hospital Atlanta",json,"Head CT","CT HEAD (BRAIN) W/O CONTRAST","","",outpatient,"Institutional 110 Percent of Medicare","Institutional 110 Percent of Medicare",3990.0,negotiated_dollar,116.81,reliable
"Northside Hospital Atlanta",json,"Head CT","CT HEAD (BRAIN) W/O CONTRAST","","",outpatient,"Institutional 120 Percent of Medicare","Institutional 120 Percent of Medicare",3990.0,negotiated_dollar,127.43,reliable
"Northside Hospital Atlanta",json,"Head CT","CT HEAD (BRAIN) W/O CONTRAST","","",outpatient,Kaiser,"Kaiser Medicare Advantage",3990.0,negotiated_dollar,107.62,reliable
"Northside Hospital Atlanta",json,"Head CT","CT HEAD (BRAIN) W/O CONTRAST","","",outpatient,Medicare,Medicare,3990.0,negotiated_dollar,104.49,reliable
"Northside Hospital Atlanta",json,"Head CT","CT HEAD (BRAIN) W/O CONTRAST","","",outpatient,"CLEAR SPRINGS EON HEALTH","CLEAR SPRINGS EON HEALTH",3990.0,negotiated_dollar,104.49,reliable
"Northside Hospital Atlanta",json,"Head CT","CT HEAD (BRAIN) W/O CONTRAST","","",outpatient,"VA CCN","VA CCN",3990.0,negotiated_dollar,104.49,reliable
"Northside Hospital Atlanta",json,"Head CT","CT HEAD (BRAIN) W/O CONTRAST","","",outpatient,"Pruitt Health Premier","Pruitt Health Premier",3990.0,negotiated_dollar,109.71,reliable
"Northside Hospital Atlanta",json,"Head CT","CT HEAD (BRAIN) W/O CONTRAST","","",outpatient,UHC,"UHC Medicare",3990.0,negotiated_dollar,104.49,reliable
"Northside Hospital Atlanta",json,"Head CT","CT HEAD (BRAIN) W/O CONTRAST","","",outpatient,"US Dept of Labor WC","US Dept of Labor WC",3990.0,negotiated_dollar,132.74,reliable
"Northside Hospital Atlanta",json,"Head CT","CT HEAD (BRAIN) W/O CONTRAST","","",outpatient,Wellcare,"Wellcare Medicare Advantage",3990.0,negotiated_dollar,107.62,reliable
"Northside Hospital Atlanta",json,"Head CT","CT HEAD (BRAIN) W/O CONTRAST","","",inpatient,BCBS,"BCBS PRUDT BUYER",3990.0,negotiated_dollar,2781.03,reliable
"Northside Hospital Atlanta",json,"Head CT","CT HEAD (BRAIN) W/O CONTRAST","","",inpatient,"Beech Steet","Beech Street",3990.0,negotiated_dollar,3391.5,reliable
"Northside Hospital Atlanta",json,"Head CT","CT HEAD (BRAIN) W/O CONTRAST","","",inpatient,CareIQ,CareIQ,3990.0,negotiated_dollar,3990.0,reliable
"Northside Hospital Atlanta",json,"Head CT","CT HEAD (BRAIN) W/O CONTRAST","","",inpatient,CareSource,"CareSource MarketPlace",3990.0,negotiated_dollar,1484.28,reliable
"Northside Hospital Atlanta",json,"Head CT","CT HEAD (BRAIN) W/O CONTRAST","","",inpatient,"Dekalb_Department of Health","Dekalb_Department of Health",3990.0,negotiated_dollar,3990.0,reliable
"Northside Hospital Atlanta",json,"Head CT","CT HEAD (BRAIN) W/O CONTRAST","","",inpatient,FIFA,FIFA,3990.0,negotiated_dollar,3990.0,reliable
"Northside Hospital Atlanta",json,"Head CT","CT HEAD (BRAIN) W/O CONTRAST","","",inpatient,Coventry,"First Health and Coventry National",3990.0,negotiated_dollar,2713.2,reliable
"Northside Hospital Atlanta",json,"Head CT","CT HEAD (BRAIN) W/O CONTRAST","","",inpatient,"Georgia Reproductive Specialists","Georgia Reproductive Specialists (SGF)",3990.0,negotiated_dollar,1596.0,reliable
"Northside Hospital Atlanta",json,"Head CT","CT HEAD (BRAIN) W/O CONTRAST","","",inpatient,Multiplan,"Multiplan PPO",3990.0,negotiated_dollar,3391.5,reliable
"Northside Hospital Atlanta",json,"Head CT","CT HEAD (BRAIN) W/O CONTRAST","","",inpatient,"Multiplan Workers Comp","Multiplan Workers Comp",3990.0,negotiated_dollar,3391.5,reliable
"Northside Hospital Atlanta",json,"Head CT","CT HEAD (BRAIN) W/O CONTRAST","","",inpatient,NovaNet_PPO,NovaNet_PPO,3990.0,negotiated_dollar,2793.0,reliable
"Northside Hospital Atlanta",json,"Head CT","CT HEAD (BRAIN) W/O CONTRAST","","",inpatient,"Quick Trip","Quick Trip",3990.0,negotiated_dollar,2194.5,reliable
"Northside Hospital Atlanta",json,"Head CT","CT HEAD (BRAIN) W/O CONTRAST","","",inpatient,"Rabun County BOC","Rabun County BOC",3990.0,negotiated_dollar,3990.0,reliable
"Northside Hospital Atlanta",json,"Head CT","CT HEAD (BRAIN) W/O CONTRAST","","",outpatient,Aetna,"Aetna Whole Health",3990.0,negotiated_dollar,1051.0,reliable
"Northside Hospital Atlanta",json,"Head CT","CT HEAD (BRAIN) W/O CONTRAST","","",outpatient,Aetna,"Aetna Whole Health-G",3990.0,negotiated_dollar,1051.0,reliable
"Northside Hospital Atlanta",json,"Head CT","CT HEAD (BRAIN) W/O CONTRAST","","",outpatient,Centene,"Ambetter PAR",3990.0,negotiated_dollar,718.89,reliable
"Northside Hospital Atlanta",json,"Head CT","CT HEAD (BRAIN) W/O CONTRAST","","",outpatient,BCBS,"BCBS PRUDT BUYER",3990.0,negotiated_dollar,2781.03,reliable
"Northside Hospital Atlanta",json,"Head CT","CT HEAD (BRAIN) W/O CONTRAST","","",outpatient,BCBS,BCBS_HMO,3990.0,negotiated_dollar,2239.0,reliable
"Northside Hospital Atlanta",json,"Head CT","CT HEAD (BRAIN) W/O CONTRAST","","",outpatient,BCBS,BCBS_HMO-L,3990.0,negotiated_dollar,2239.0,reliable
"Northside Hospital Atlanta",json,"Head CT","CT HEAD (BRAIN) W/O CONTRAST","","",outpatient,BCBS,BCBS_PATHWAY,3990.0,negotiated_dollar,926.0,reliable
"Northside Hospital Atlanta",json,"Head CT","CT HEAD (BRAIN) W/O CONTRAST","","",outpatient,BCBS,BCBS_PATHWAY-L,3990.0,negotiated_dollar,926.0,reliable
"Northside Hospital Atlanta",json,"Head CT","CT HEAD (BRAIN) W/O CONTRAST","","",outpatient,BCBS,BCBS_PPO,3990.0,negotiated_dollar,2239.0,reliable
"Northside Hospital Atlanta",json,"Head CT","CT HEAD (BRAIN) W/O CONTRAST","","",outpatient,BCBS,BCBS_PPO-L,3990.0,negotiated_dollar,2239.0,reliable
"Northside Hospital Atlanta",json,"Head CT","CT HEAD (BRAIN) W/O CONTRAST","","",outpatient,"Beech Steet","Beech Street",3990.0,negotiated_dollar,3391.5,reliable
"Northside Hospital Atlanta",json,"Head CT","CT HEAD (BRAIN) W/O CONTRAST","","",outpatient,BCBS,"Blue HPN",3990.0,negotiated_dollar,1455.0,reliable
"Northside Hospital Atlanta",json,"Head CT","CT HEAD (BRAIN) W/O CONTRAST","","",outpatient,BCBS,"Blue HPN-L",3990.0,negotiated_dollar,1455.0,reliable
"Northside Hospital Atlanta",json,"Head CT","CT HEAD (BRAIN) W/O CONTRAST","","",outpatient,CareIQ,CareIQ,3990.0,negotiated_dollar,3990.0,reliable
"Northside Hospital Atlanta",json,"Head CT","CT HEAD (BRAIN) W/O CONTRAST","","",outpatient,Kaiser,"Kaiser Dual Choice PPO",3990.0,negotiated_dollar,1483.0,reliable
"Northside Hospital Atlanta",json,"Head CT","CT HEAD (BRAIN) W/O CONTRAST","","",outpatient,Kaiser,"Kaiser Dual Choice PPO-AGA",3990.0,negotiated_dollar,1483.0,reliable
"Northside Hospital Atlanta",json,"Head CT","CT HEAD (BRAIN) W/O CONTRAST","","",outpatient,NovaNet_PPO,NovaNet_PPO,3990.0,negotiated_dollar,2793.0,reliable
"Northside Hospital Atlanta",json,"Head CT","CT HEAD (BRAIN) W/O CONTRAST","","",outpatient,"One Call Diagnostics","One Call Diagnostics",3990.0,negotiated_dollar,194.0,reliable
"Northside Hospital Atlanta",json,"Head CT","CT HEAD (BRAIN) W/O CONTRAST","","",outpatient,Amerigroup,"Amerigroup Medicaid",3990.0,negotiated_dollar,724.96,reliable
"Northside Hospital Atlanta",json,"Head CT","CT HEAD (BRAIN) W/O CONTRAST","","",outpatient,"Med Care Solutions","Med Care Solutions",3990.0,negotiated_dollar,430.0,reliable
"Northside Hospital Atlanta",json,"Head CT","CT HEAD (BRAIN) W/O CONTRAST","","",outpatient,"MedLien Healthcare Services","MedLien Healthcare Services",3990.0,negotiated_dollar,430.0,reliable
"Northside Hospital Atlanta",json,"Head CT","CT HEAD (BRAIN) W/O CONTRAST","","",outpatient,MTI,MTI,3990.0,negotiated_dollar,164.34,reliable
"Northside Hospital Atlanta",json,"Head CT","CT HEAD (BRAIN) W/O CONTRAST","","",outpatient,Multiplan,"Multiplan PPO",3990.0,negotiated_dollar,3391.5,reliable
"Northside Hospital Atlanta",json,"Head CT","CT HEAD (BRAIN) W/O CONTRAST","","",outpatient,Amerigroup,"Amerigroup Medicare Advantage",3990.0,negotiated_dollar,645.15,reliable
"Northside Hospital Atlanta",json,"Head CT","CT HEAD (BRAIN) W/O CONTRAST","","",outpatient,"Authentic 4D","Authentic 4D",3990.0,negotiated_dollar,250.7,reliable
"Northside Hospital Atlanta",json,"Head CT","CT HEAD (BRAIN) W/O CONTRAST","","",outpatient,CareSource,CareSource,3990.0,negotiated_dollar,746.7,reliable
"Northside Hospital Atlanta",json,"Head CT","CT HEAD (BRAIN) W/O CONTRAST","","",outpatient,CareSource,"CareSource MarketPlace",3990.0,negotiated_dollar,1484.28,reliable
"Northside Hospital Atlanta",json,"Head CT","CT HEAD (BRAIN) W/O CONTRAST","","",outpatient,"CHAMPUS VA","CHAMPUS VA",3990.0,negotiated_dollar,66.15,reliable
"Northside Hospital Atlanta",json,"Head CT","CT HEAD (BRAIN) W/O CONTRAST","","",outpatient,Cigna,Cigna,3990.0,negotiated_dollar,1387.0,reliable
"Northside Hospital Atlanta",json,"Head CT","CT HEAD (BRAIN) W/O CONTRAST","","",outpatient,Cigna,Cigna-G,3990.0,negotiated_dollar,1387.0,reliable
"Northside Hospital Atlanta",json,"Head CT","CT HEAD (BRAIN) W/O CONTRAST","","",outpatient,Cigna,Cigna-H,3990.0,negotiated_dollar,1387.0,reliable
"Northside Hospital Atlanta",json,"Head CT","CT HEAD (BRAIN) W/O CONTRAST","","",outpatient,Cigna,Cigna-L,3990.0,negotiated_dollar,1387.0,reliable
"Northside Hospital Atlanta",json,"Head CT","CT HEAD (BRAIN) W/O CONTRAST","","",outpatient,Kaiser,"Kaiser Dual Choice PPO-BARIATRIC",3990.0,negotiated_dollar,1483.0,reliable
"Northside Hospital Atlanta",json,"Head CT","CT HEAD (BRAIN) W/O CONTRAST","","",outpatient,Kaiser,"Kaiser Dual Choice PPO-GCS",3990.0,negotiated_dollar,1483.0,reliable
"Northside Hospital Atlanta",json,"Head CT","CT HEAD (BRAIN) W/O CONTRAST","","",outpatient,Kaiser,"Kaiser Dual Choice PPO-GPG/NOAS",3990.0,negotiated_dollar,1483.0,reliable
"Northside Hospital Atlanta",json,"Head CT","CT HEAD (BRAIN) W/O CONTRAST","","",outpatient,"Multiplan Workers Comp","Multiplan Workers Comp",3990.0,negotiated_dollar,3391.5,reliable
"Northside Hospital Atlanta",json,"Head CT","CT HEAD (BRAIN) W/O CONTRAST","","",outpatient,Kaiser,Kaiser_HMO-BARIATRIC,3990.0,negotiated_dollar,1269.0,reliable
"Northside Hospital Atlanta",json,"Head CT","CT HEAD (BRAIN) W/O CONTRAST","","",outpatient,Kaiser,Kaiser_HMO-GCS,3990.0,negotiated_dollar,1269.0,reliable
"Northside Hospital Atlanta",json,"Head CT","CT HEAD (BRAIN) W/O CONTRAST","","",outpatient,Kaiser,Kaiser_HMO-GPG/NOAS,3990.0,negotiated_dollar,1269.0,reliable
"Northside Hospital Atlanta",json,"Head CT","CT HEAD (BRAIN) W/O CONTRAST","","",outpatient,Cigna,"CIGNA HealthSprings Medicare Advantage",3990.0,negotiated_dollar,651.35,reliable
"Northside Hospital Atlanta",json,"Head CT","CT HEAD (BRAIN) W/O CONTRAST","","",outpatient,"Corvel Workers Comp","Corvel Workers Comp",3990.0,negotiated_dollar,264.63,reliable
"Northside Hospital Atlanta",json,"Head CT","CT HEAD (BRAIN) W/O CONTRAST","","",outpatient,"Dekalb_Department of Health","Dekalb_Department of Health",3990.0,negotiated_dollar,3990.0,reliable
"Northside Hospital Atlanta",json,"Head CT","CT HEAD (BRAIN) W/O CONTRAST","","",outpatient,"Direct Pay Provider Network LLC","Direct Pay Provider Network LLC",3990.0,negotiated_dollar,250.7,reliable
"Northside Hospital Atlanta",json,"Head CT","CT HEAD (BRAIN) W/O CONTRAST","","",outpatient,"Employers Choice Network","Employers Choice Network",3990.0,negotiated_dollar,264.63,reliable
"Northside Hospital Atlanta",json,"Head CT","CT HEAD (BRAIN) W/O CONTRAST","","",outpatient,"Fairly Group","Fairly Group",3990.0,negotiated_dollar,237.0,reliable
"Northside Hospital Atlanta",json,"Head CT","CT HEAD (BRAIN) W/O CONTRAST","","",outpatient,"Fieldale Farms WC","Fieldale Farms WC",3990.0,negotiated_dollar,278.56,reliable
"Northside Hospital Atlanta",json,"Head CT","CT HEAD (BRAIN) W/O CONTRAST","","",outpatient,FIFA,FIFA,3990.0,negotiated_dollar,3990.0,reliable
"Northside Hospital Atlanta",json,"Head CT","CT HEAD (BRAIN) W/O CONTRAST","","",outpatient,Coventry,"First Health and Coventry National",3990.0,negotiated_dollar,2394.0,reliable
"Northside Hospital Atlanta",json,"Head CT","CT HEAD (BRAIN) W/O CONTRAST","","",outpatient,"Genex/Priority Care Solutions","Genex/Priority Care Solutions",3990.0,negotiated_dollar,222.85,reliable
"Northside Hospital Atlanta",json,"Head CT","CT HEAD (BRAIN) W/O CONTRAST","","",outpatient,"Georgia Reproductive Specialists","Georgia Reproductive Specialists (SGF)",3990.0,negotiated_dollar,1596.0,reliable
"Northside Hospital Atlanta",json,"Head CT","CT HEAD (BRAIN) W/O CONTRAST","","",outpatient,"Georgia Workers Compensation","Georgia Workers Comp",3990.0,negotiated_dollar,278.56,reliable
"Northside Hospital Atlanta",json,"Head CT","CT HEAD (BRAIN) W/O CONTRAST","","",outpatient,"Rabun County BOC","Rabun County BOC",3990.0,negotiated_dollar,3990.0,reliable
"Northside Hospital Atlanta",json,"Head CT","CT HEAD (BRAIN) W/O CONTRAST","","",outpatient,Spreemo,Spreemo,3990.0,negotiated_dollar,222.85,reliable
"Northside Hospital Atlanta",json,"Head CT","CT HEAD (BRAIN) W/O CONTRAST","","",outpatient,"Streamline Imaging","Streamline Imaging",3990.0,negotiated_dollar,138.0,reliable
"Northside Hospital Atlanta",json,"Head CT","CT HEAD (BRAIN) W/O CONTRAST","","",outpatient,"Good Samaritan Radiology","Good Samaritan Radiology",3990.0,negotiated_dollar,797.45,reliable
"Northside Hospital Atlanta",json,"Head CT","CT HEAD (BRAIN) W/O CONTRAST","","",outpatient,"Health One Alliance_PPO","Health One Alliance_PPO",3990.0,negotiated_dollar,450.0,reliable
"Northside Hospital Atlanta",json,"Head CT","CT HEAD (BRAIN) W/O CONTRAST","","",outpatient,HomeLink,HomeLink,3990.0,negotiated_dollar,174.62,reliable
"Northside Hospital Atlanta",json,"Head CT","CT HEAD (BRAIN) W/O CONTRAST","","",outpatient,"Institutional 115 Percent_Georgia Medicaid","Institutional 115 Percent_Georgia Medicaid",3990.0,negotiated_dollar,833.7,reliable
"Northside Hospital Atlanta",json,"Head CT","CT HEAD (BRAIN) W/O CONTRAST","","",outpatient,"Institutional GA Medicaid","Institutional GA Medicaid",3990.0,negotiated_dollar,724.96,reliable
"Northside Hospital Atlanta",json,"Head CT","CT HEAD (BRAIN) W/O CONTRAST","","",outpatient,"Institutional Marietta Surgery Center","Institutional Marietta Surgery Center",3990.0,negotiated_dollar,3990.0,reliable
"Northside Hospital Atlanta",json,"Head CT","CT HEAD (BRAIN) W/O CONTRAST","","",outpatient,"Institutional Veterans Evaluation Services","Institutional Veterans Evaluation Services",3990.0,negotiated_dollar,3990.0,reliable
"Northside Hospital Atlanta",json,"Head CT","CT HEAD (BRAIN) W/O CONTRAST","","",outpatient,Tricare,Tricare,3990.0,negotiated_dollar,106.19,reliable
"Northside Hospital Atlanta",json,"Head CT","CT HEAD (BRAIN) W/O CONTRAST","","",outpatient,Kaiser,"Kaiser Dual Choice PPO-GYNONC",3990.0,negotiated_dollar,1483.0,reliable
"Northside Hospital Atlanta",json,"Head CT","CT HEAD (BRAIN) W/O CONTRAST","","",outpatient,Kaiser,"Kaiser Dual Choice PPO-MELANOMA",3990.0,negotiated_dollar,1483.0,reliable
"Northside Hospital Atlanta",json,"Head CT","CT HEAD (BRAIN) W/O CONTRAST","","",outpatient,Kaiser,"Kaiser Dual Choice PPO-NAPS/CVG/NPCPS/UPS",3990.0,negotiated_dollar,1483.0,reliable
"Northside Hospital Atlanta",json,"Head CT","CT HEAD (BRAIN) W/O CONTRAST","","",outpatient,Kaiser,"Kaiser Dual Choice PPO-THOR SURG",3990.0,negotiated_dollar,1483.0,reliable
"Northside Hospital Atlanta",json,"Head CT","CT HEAD (BRAIN) W/O CONTRAST","","",outpatient,Kaiser,"Kaiser Dual Choice PPO-VASC SURG",3990.0,negotiated_dollar,1483.0,reliable
"Northside Hospital Atlanta",json,"Head CT","CT HEAD (BRAIN) W/O CONTRAST","","",outpatient,Kaiser,Kaiser_HMO,3990.0,negotiated_dollar,1269.0,reliable
"Northside Hospital Atlanta",json,"Head CT","CT HEAD (BRAIN) W/O CONTRAST","","",outpatient,Kaiser,Kaiser_HMO-AGA,3990.0,negotiated_dollar,1269.0,reliable
"Northside Hospital Atlanta",json,"Head CT","CT HEAD (BRAIN) W/O CONTRAST","","",outpatient,Kaiser,Kaiser_HMO-GYNONC,3990.0,negotiated_dollar,1269.0,reliable
"Northside Hospital Atlanta",json,"Head CT","CT HEAD (BRAIN) W/O CONTRAST","","",outpatient,Kaiser,Kaiser_HMO-MELANOMA,3990.0,negotiated_dollar,1269.0,reliable
"Northside Hospital Atlanta",json,"Head CT","CT HEAD (BRAIN) W/O CONTRAST","","",outpatient,Kaiser,Kaiser_HMO-NAPS/CVG/NPCPS/UPS,3990.0,negotiated_dollar,1269.0,reliable
"Northside Hospital Atlanta",json,"Head CT","CT HEAD (BRAIN) W/O CONTRAST","","",outpatient,Kaiser,"Kaiser_HMO-VASC SURG",3990.0,negotiated_dollar,1269.0,reliable
"Northside Hospital Atlanta",json,"Head CT","CT HEAD (BRAIN) W/O CONTRAST","","",outpatient,Kaiser,Kaiser_SF,3990.0,negotiated_dollar,1128.0,reliable
"Northside Hospital Atlanta",json,"Head CT","CT HEAD (BRAIN) W/O CONTRAST","","",outpatient,Kaiser,Kaiser_SF-AGA,3990.0,negotiated_dollar,1128.0,reliable
"Northside Hospital Atlanta",json,"Head CT","CT HEAD (BRAIN) W/O CONTRAST","","",outpatient,Kaiser,Kaiser_SF-BARIATRIC,3990.0,negotiated_dollar,1128.0,reliable
"Northside Hospital Atlanta",json,"Head CT","CT HEAD (BRAIN) W/O CONTRAST","","",outpatient,Kaiser,Kaiser_SF-GCS,3990.0,negotiated_dollar,1128.0,reliable
"Northside Hospital Atlanta",json,"Head CT","CT HEAD (BRAIN) W/O CONTRAST","","",outpatient,Kaiser,Kaiser_SF-GPG/NOAS,3990.0,negotiated_dollar,1128.0,reliable
"Northside Hospital Atlanta",json,"Head CT","CT HEAD (BRAIN) W/O CONTRAST","","",outpatient,Kaiser,Kaiser_SF-GYNONC,3990.0,negotiated_dollar,1128.0,reliable
"Northside Hospital Atlanta",json,"Head CT","CT HEAD (BRAIN) W/O CONTRAST","","",outpatient,Kaiser,Kaiser_SF-MELANOMA,3990.0,negotiated_dollar,1128.0,reliable
"Northside Hospital Atlanta",json,"Head CT","CT HEAD (BRAIN) W/O CONTRAST","","",outpatient,Kaiser,Kaiser_SF-NAPS/CVG/NPCPS/UPS,3990.0,negotiated_dollar,1128.0,reliable
"Northside Hospital Atlanta",json,"Head CT","CT HEAD (BRAIN) W/O CONTRAST","","",outpatient,Kaiser,"Kaiser_SF-THOR SURG",3990.0,negotiated_dollar,1128.0,reliable
"Northside Hospital Atlanta",json,"Head CT","CT HEAD (BRAIN) W/O CONTRAST","","",outpatient,Kaiser,"Kaiser_SF-VASC SURG",3990.0,negotiated_dollar,1128.0,reliable
"Northside Hospital Atlanta",json,"Head CT","CT HEAD (BRAIN) W/O CONTRAST","","",outpatient,"Northside Health Network","Northside Health Network",3990.0,negotiated_dollar,1448.0,reliable
"Northside Hospital Atlanta",json,"Head CT","CT HEAD (BRAIN) W/O CONTRAST","","",outpatient,"Northside Health Network","Northside Health Network-S",3990.0,negotiated_dollar,1448.0,reliable
"Northside Hospital Atlanta",json,"Head CT","CT HEAD (BRAIN) W/O CONTRAST","","",outpatient,Oscar,Oscar,3990.0,negotiated_dollar,695.1,reliable
"Northside Hospital Atlanta",json,"Head CT","CT HEAD (BRAIN) W/O CONTRAST","","",outpatient,Centene,"Peach State Medicaid",3990.0,negotiated_dollar,724.96,reliable
"Northside Hospital Atlanta",json,"Head CT","CT HEAD (BRAIN) W/O CONTRAST","","",outpatient,Centene,"Peach State Medicare",3990.0,negotiated_dollar,816.64,reliable
"Northside Hospital Atlanta",json,"Head CT","CT HEAD (BRAIN) W/O CONTRAST","","",outpatient,PHCS,PHCS,3990.0,negotiated_dollar,2992.5,reliable
"Northside Hospital Atlanta",json,"Head CT","CT HEAD (BRAIN) W/O CONTRAST","","",outpatient,"Quick Trip","Quick Trip",3990.0,negotiated_dollar,2194.5,reliable
"Northside Hospital Atlanta",json,"Head CT","CT HEAD (BRAIN) W/O CONTRAST","","",outpatient,"Truths Community","Truths Community",3990.0,negotiated_dollar,379.0,reliable
"Northside Hospital Atlanta",json,"Head CT","CT HEAD (BRAIN) W/O CONTRAST","","",outpatient,UHC,"UHC GA Individual Exchange",3990.0,negotiated_dollar,1058.0,reliable
"Northside Hospital Atlanta",json,"Head CT","CT HEAD (BRAIN) W/O CONTRAST","","",outpatient,UHC,"UHC Heritage Select",3990.0,negotiated_dollar,1141.0,reliable
"Northside Hospital Atlanta",json,"Head CT","CT HEAD (BRAIN) W/O CONTRAST","","",outpatient,UHC,"UHC HMO/POS/PPO",3990.0,negotiated_dollar,1307.0,reliable
"Northside Hospital Atlanta",json,"Head CT","CT HEAD (BRAIN) W/O CONTRAST","","",outpatient,UHC,"UHC HMO/POS/PPO-G",3990.0,negotiated_dollar,1307.0,reliable
"Northside Hospital Atlanta",json,"Head CT","CT HEAD (BRAIN) W/O CONTRAST","","",outpatient,UHC,"UHC HMO/POS/PPO-T",3990.0,negotiated_dollar,1307.0,reliable
"Northside Hospital Atlanta",json,"Head CT","CT HEAD (BRAIN) W/O CONTRAST","","",outpatient,Aetna,"Aetna HMO/POS/PPO-G",3990.0,negotiated_dollar,1455.0,reliable
"Northside Hospital Atlanta",json,"Head CT","CT HEAD (BRAIN) W/O CONTRAST","","",outpatient,Aetna,"Aetna HMO/POS/PPO-Q",3990.0,negotiated_dollar,1455.0,reliable
"Northside Hospital Atlanta",json,"Head CT","CT HEAD (BRAIN) W/O CONTRAST","","",outpatient,Aetna,"Aetna HMO/POS/PPO",3990.0,negotiated_dollar,1455.0,reliable
"Piedmont Atlanta Hospital",zip_csv,"Head CT","HC CT Head/Brain WO Cntrst","","",both,"ALLIANT HEALTH PLANS OF GEORGIA [10952]",Alliant,3609.24,negotiated_dollar,742.0,reliable
"Piedmont Atlanta Hospital",zip_csv,"Head CT","HC CT Head/Brain WO Cntrst","","",both,"PHCS [10601]",PHCS,3609.24,negotiated_dollar,2526.47,reliable
"Piedmont Atlanta Hospital",zip_csv,"Head CT","HC CT Head/Brain WO Cntrst","","",both,"BEECHSTREET [10800]",Beechstreet,3609.24,negotiated_dollar,2887.39,reliable
"Piedmont Atlanta Hospital",zip_csv,"Head CT","HC CT Head/Brain WO Cntrst","","",both,"CARESOURCE MEDICAID [20104]","Caresource Medicaid",3609.24,negotiated_dollar,432.39,reliable
"Piedmont Atlanta Hospital",zip_csv,"Head CT","HC CT Head/Brain WO Cntrst","","",both,"BLUE CROSS [10001]","Blue Cross HMO",3609.24,median_estimate,517.4,reliable
"Piedmont Atlanta Hospital",zip_csv,"Head CT","HC CT Head/Brain WO Cntrst","","",both,"BLUE CROSS [10001]","Blue Cross PPO",3609.24,median_estimate,517.4,reliable
"Piedmont Atlanta Hospital",zip_csv,"Head CT","HC CT Head/Brain WO Cntrst","","",both,"AETNA [10100]","Aetna PPO",3609.24,negotiated_dollar,1941.0,reliable
"Piedmont Atlanta Hospital",zip_csv,"Head CT","HC CT Head/Brain WO Cntrst","","",both,"NOVANET [10819]",Novanet,3609.24,negotiated_dollar,2706.93,reliable
"Piedmont Atlanta Hospital",zip_csv,"Head CT","HC CT Head/Brain WO Cntrst","","",both,"AETNA [10100]","Aetna HMO",3609.24,negotiated_dollar,1941.0,reliable
"Piedmont Atlanta Hospital",zip_csv,"Head CT","HC CT Head/Brain WO Cntrst","","",both,"MULTIPLAN [10600]",Multiplan,3609.24,negotiated_dollar,3067.85,reliable
"Piedmont Atlanta Hospital",zip_csv,"Head CT","HC CT Head/Brain WO Cntrst","","",both,"UHC [10700]","United Healthcare",3609.24,negotiated_dollar,261.88,reliable
"Piedmont Atlanta Hospital",zip_csv,"Head CT","HC CT Head/Brain WO Cntrst","","",both,"CIGNA [10200]",Cigna,3609.24,negotiated_dollar,567.0,reliable
"Piedmont Atlanta Hospital",zip_csv,"Head CT","HC CT Head/Brain WO Cntrst","","",both,"UNITED HEALTHCARE EXCHANGE  [11110]","United Healthcare Exchange",3609.24,negotiated_dollar,261.88,reliable
"Piedmont Atlanta Hospital",zip_csv,"Head CT","HC CT Head/Brain WO Cntrst","","",both,"KAISER [10500]",Kaiser,3609.24,negotiated_dollar,2670.84,reliable
"Piedmont Atlanta Hospital",zip_csv,"Head CT","HC CT Head/Brain WO Cntrst","","",both,"PEACH STATE MEDICAID [20101]","Peach State Medicaid",3609.24,negotiated_dollar,432.39,reliable
"Piedmont Atlanta Hospital",zip_csv,"Head CT","HC CT Head/Brain WO Cntrst","","",both,"CIGNA GEORGIA CIGNA CONNECT  [11107]","Cigna Connect",3609.24,negotiated_dollar,405.0,reliable
"Piedmont Atlanta Hospital",zip_csv,"Head CT","HC CT Head/Brain WO Cntrst","","",both,"AMERIGROUP MEDICAID [20100]",Amerigroup,3609.24,negotiated_dollar,411.81,reliable
"Piedmont Atlanta Hospital",zip_csv,"Head CT","HC CT Head/Brain WO Cntrst","","",both,"FIRST HEALTH [10303]","First Health",3609.24,negotiated_dollar,2526.47,reliable
"Wellstar Kennestone Hospital",csv_flat,"Head CT","Hc Ct Head Or Brain W/O Contrast",facility,"",both,"","",3638.0,unavailable,,low_confidence
"Wellstar Kennestone Hospital",csv_flat,"Head CT","Hc Ct Head Or Brain W/O Contrast",facility,"",both,"","",3638.0,unavailable,,low_confidence
"Wellstar Kennestone Hospital",csv_flat,"Head CT","Hc Ct Head Or Brain W/O Contrast",facility,"",both,"","",275.0,unavailable,,low_confidence
"Wellstar Kennestone Hospital",csv_flat,"Head CT","Ct head/brain w/o dye",facility,"",outpatient,Aetna,Hmo/Pos/Ppo,,negotiated_dollar,265.1,low_confidence
"Wellstar Kennestone Hospital",csv_flat,"Head CT","Ct head/brain w/o dye",facility,"",outpatient,Cigna,Hmo,,negotiated_dollar,168.32,low_confidence
"Wellstar Kennestone Hospital",csv_flat,"Head CT","Ct head/brain w/o dye",facility,"",outpatient,Cigna,Ppo,,negotiated_dollar,168.32,low_confidence
"Wellstar Kennestone Hospital",csv_flat,"Head CT","Ct head/brain w/o dye",facility,"",outpatient,Bcbs,Hmo/Pos,,negotiated_dollar,398.63,low_confidence
"Wellstar Kennestone Hospital",csv_flat,"Head CT","Ct head/brain w/o dye",facility,"",outpatient,Bcbs,"Shbp Other Commercial Plan",,negotiated_dollar,314.63,low_confidence
"Wellstar Kennestone Hospital",csv_flat,"Head CT","Ct head/brain w/o dye",facility,"",outpatient,Aetna,"Medicare Managed Care Plan",,negotiated_dollar,106.19,low_confidence
"Wellstar Kennestone Hospital",csv_flat,"Head CT","Ct head/brain w/o dye",facility,"",outpatient,Ambetter,"Select Exchange",,negotiated_dollar,186.89,low_confidence
"Wellstar Kennestone Hospital",csv_flat,"Head CT","Ct head/brain w/o dye",facility,"",outpatient,Bcbs,"Medicare Managed Care Plan",,negotiated_dollar,108.31,low_confidence
"Wellstar Kennestone Hospital",csv_flat,"Head CT","Ct head/brain w/o dye",facility,"",outpatient,Caresource,Exchange,,negotiated_dollar,208.13,low_confidence
"Wellstar Kennestone Hospital",csv_flat,"Head CT","Ct head/brain w/o dye",facility,"",outpatient,Caresource,"Medicare Managed Care Plan",,negotiated_dollar,113.62,low_confidence
"Wellstar Kennestone Hospital",csv_flat,"Head CT","Ct head/brain w/o dye",facility,"",outpatient,Cigna,"Medicare Managed Care Plan",,negotiated_dollar,111.5,low_confidence
"Wellstar Kennestone Hospital",csv_flat,"Head CT","Ct head/brain w/o dye",facility,"",outpatient,"Oscar Healthplan",Exchange,,negotiated_dollar,196.45,low_confidence
"Arthur M. Blank Hospital",csv_flat,"Knee MRI","MRI Scan of Leg Joint W/O Contrast Bilateral","","",outpatient,"AMERIGROUP [102]","AMERIGROUP: AMBH PEACHCARE",8241.0,negotiated_dollar,3793.12,reliable
"Arthur M. Blank Hospital",csv_flat,"Knee MRI","MRI Scan of Leg Joint W/O Contrast Bilateral","","",outpatient,"AMERIGROUP [102]","AMERIGROUP: AMBH MCAID",8241.0,negotiated_dollar,3793.12,reliable
"Arthur M. Blank Hospital",csv_flat,"Knee MRI","MRI Scan of Leg Joint W/O Contrast","","",outpatient,"AMERIGROUP [102]","AMERIGROUP: AMBH PEACHCARE",4121.0,negotiated_dollar,1896.79,reliable
"Arthur M. Blank Hospital",csv_flat,"Knee MRI","MRI Scan of Leg Joint W/O Contrast","","",outpatient,"AMERIGROUP [102]","AMERIGROUP: AMBH MCAID",4121.0,negotiated_dollar,1896.79,reliable
"Arthur M. Blank Hospital",csv_flat,"Knee MRI","MRI Scan of Leg Joint W/O Contrast Bilateral","","",outpatient,"CARESOURCE [61]","CARESOURCE: AMBH MCAID",8241.0,negotiated_dollar,3620.71,reliable
"Arthur M. Blank Hospital",csv_flat,"Knee MRI","MRI Scan of Leg Joint W/O Contrast Bilateral","","",outpatient,"CARESOURCE [61]","CARESOURCE: AMBH PEACHCARE",8241.0,negotiated_dollar,3620.71,reliable
"Arthur M. Blank Hospital",csv_flat,"Knee MRI","MRI Scan of Leg Joint W/O Contrast","","",outpatient,"CARESOURCE [61]","CARESOURCE: AMBH MCAID",4121.0,negotiated_dollar,1810.57,reliable
"Arthur M. Blank Hospital",csv_flat,"Knee MRI","MRI Scan of Leg Joint W/O Contrast","","",outpatient,"CARESOURCE [61]","CARESOURCE: AMBH PEACHCARE",4121.0,negotiated_dollar,1810.57,reliable
"Arthur M. Blank Hospital",csv_flat,"Knee MRI","MRI Scan of Leg Joint W/O Contrast Bilateral","","",outpatient,"PEACHSTATE [43]","PEACH STATE: AMBH PEACHCARE",8241.0,negotiated_dollar,3521.76,reliable
"Arthur M. Blank Hospital",csv_flat,"Knee MRI","MRI Scan of Leg Joint W/O Contrast Bilateral","","",outpatient,"PEACHSTATE [43]","PEACH STATE: AMBH MCAID",8241.0,negotiated_dollar,3521.76,reliable
"Arthur M. Blank Hospital",csv_flat,"Knee MRI","MRI Scan of Leg Joint W/O Contrast","","",outpatient,"PEACHSTATE [43]","PEACH STATE: AMBH PEACHCARE",4121.0,negotiated_dollar,1761.09,reliable
"Arthur M. Blank Hospital",csv_flat,"Knee MRI","MRI Scan of Leg Joint W/O Contrast","","",outpatient,"PEACHSTATE [43]","PEACH STATE: AMBH MCAID",4121.0,negotiated_dollar,1761.09,reliable
"Arthur M. Blank Hospital",csv_flat,"Knee MRI","MRI Scan of Leg Joint W/O Contrast Bilateral","","",outpatient,"AETNA [1]","AETNA HMO/POS & PPO: CHILDREN'S",8241.0,negotiated_dollar,5546.19,reliable
"Arthur M. Blank Hospital",csv_flat,"Knee MRI","MRI Scan of Leg Joint W/O Contrast","","",outpatient,"AETNA [1]","AETNA HMO/POS & PPO: CHILDREN'S",4121.0,negotiated_dollar,2773.43,reliable
"Arthur M. Blank Hospital",csv_flat,"Knee MRI","MRI Scan of Leg Joint W/O Contrast Bilateral","","",outpatient,"AMBETTER PEACHSTATE [227]","AMBETTER: CHILDREN'S",8241.0,negotiated_dollar,5517.35,reliable
"Arthur M. Blank Hospital",csv_flat,"Knee MRI","MRI Scan of Leg Joint W/O Contrast","","",outpatient,"AMBETTER PEACHSTATE [227]","AMBETTER: CHILDREN'S",4121.0,negotiated_dollar,2759.01,reliable
"Arthur M. Blank Hospital",csv_flat,"Knee MRI","MRI Scan of Leg Joint W/O Contrast Bilateral","","",outpatient,"BLUE CROSS [2]","BCBS HMO/PPO/POS: CHILDREN'S",8241.0,negotiated_dollar,5467.9,reliable
"Arthur M. Blank Hospital",csv_flat,"Knee MRI","MRI Scan of Leg Joint W/O Contrast","","",outpatient,"BLUE CROSS [2]","BCBS HMO/PPO/POS: CHILDREN'S",4121.0,negotiated_dollar,2734.28,reliable
"Arthur M. Blank Hospital",csv_flat,"Knee MRI","MRI Scan of Leg Joint W/O Contrast Bilateral","","",outpatient,"BLUE CROSS COMM/INDEMNITY [121]","BCBS PAR: CHILDREN'S",8241.0,negotiated_dollar,8044.86,reliable
"Arthur M. Blank Hospital",csv_flat,"Knee MRI","MRI Scan of Leg Joint W/O Contrast","","",outpatient,"BLUE CROSS COMM/INDEMNITY [121]","BCBS PAR: CHILDREN'S",4121.0,negotiated_dollar,4022.92,reliable
"Arthur M. Blank Hospital",csv_flat,"Knee MRI","MRI Scan of Leg Joint W/O Contrast Bilateral","","",outpatient,"CARESOURCE MARKETPLACE BRONZE/SILVER/GOLD [60]","CARESOURCE MARKETPLACE: CHILDREN'S",8241.0,negotiated_dollar,5599.76,reliable
"Arthur M. Blank Hospital",csv_flat,"Knee MRI","MRI Scan of Leg Joint W/O Contrast","","",outpatient,"CARESOURCE MARKETPLACE BRONZE/SILVER/GOLD [60]","CARESOURCE MARKETPLACE: CHILDREN'S",4121.0,negotiated_dollar,2800.22,reliable
"Arthur M. Blank Hospital",csv_flat,"Knee MRI","MRI Scan of Leg Joint W/O Contrast Bilateral","","",outpatient,"CIGNA [3]","CIGNA HMO/POS & PPO: CHILDREN'S",8241.0,negotiated_dollar,5447.3,reliable
"Arthur M. Blank Hospital",csv_flat,"Knee MRI","MRI Scan of Leg Joint W/O Contrast","","",outpatient,"CIGNA [3]","CIGNA HMO/POS & PPO: CHILDREN'S",4121.0,negotiated_dollar,2723.98,reliable
"Arthur M. Blank Hospital",csv_flat,"Knee MRI","MRI Scan of Leg Joint W/O Contrast Bilateral","","",outpatient,"BEECH STREET [71]","BEECH STREET PPO: CHILDREN'S",8241.0,negotiated_dollar,7416.9,reliable
"Arthur M. Blank Hospital",csv_flat,"Knee MRI","MRI Scan of Leg Joint W/O Contrast","","",outpatient,"BEECH STREET [71]","BEECH STREET PPO: CHILDREN'S",4121.0,negotiated_dollar,3708.9,reliable
"Arthur M. Blank Hospital",csv_flat,"Knee MRI","MRI Scan of Leg Joint W/O Contrast Bilateral","","",outpatient,"COVENTRY [9]","COVENTRY NATIONAL NETWORK: CHILDREN'S",8241.0,negotiated_dollar,5783.53,reliable
"Arthur M. Blank Hospital",csv_flat,"Knee MRI","MRI Scan of Leg Joint W/O Contrast","","",outpatient,"COVENTRY [9]","COVENTRY NATIONAL NETWORK: CHILDREN'S",4121.0,negotiated_dollar,2892.12,reliable
"Arthur M. Blank Hospital",csv_flat,"Knee MRI","MRI Scan of Leg Joint W/O Contrast Bilateral","","",outpatient,"DIRECT EMPLOYER AGREEMENTS [72]","CHEROKEE COUNTY: CHILDREN'S",8241.0,negotiated_dollar,5768.7,reliable
"Arthur M. Blank Hospital",csv_flat,"Knee MRI","MRI Scan of Leg Joint W/O Contrast","","",outpatient,"DIRECT EMPLOYER AGREEMENTS [72]","CHEROKEE COUNTY: CHILDREN'S",4121.0,negotiated_dollar,2884.7,reliable
"Arthur M. Blank Hospital",csv_flat,"Knee MRI","MRI Scan of Leg Joint W/O Contrast Bilateral","","",outpatient,"FIRST HEALTH [74]","COVENTRY FIRST HEALTH NETWORK: CHILDREN'S",8241.0,negotiated_dollar,6185.69,reliable
"Arthur M. Blank Hospital",csv_flat,"Knee MRI","MRI Scan of Leg Joint W/O Contrast","","",outpatient,"FIRST HEALTH [74]","COVENTRY FIRST HEALTH NETWORK: CHILDREN'S",4121.0,negotiated_dollar,3093.22,reliable
"Arthur M. Blank Hospital",csv_flat,"Knee MRI","MRI Scan of Leg Joint W/O Contrast Bilateral","","",outpatient,"KAISER [6]","KAISER HMO/POS PPO & EPO: CHILDREN'S",8241.0,negotiated_dollar,5611.3,reliable
"Arthur M. Blank Hospital",csv_flat,"Knee MRI","MRI Scan of Leg Joint W/O Contrast","","",outpatient,"KAISER [6]","KAISER HMO/POS PPO & EPO: CHILDREN'S",4121.0,negotiated_dollar,2805.99,reliable
"Arthur M. Blank Hospital",csv_flat,"Knee MRI","MRI Scan of Leg Joint W/O Contrast Bilateral","","",outpatient,"NORTHEAST GEORGIA HEATLH SYSTEM [808]","NORTHEAST GEORGIA HEALTH PARTNERS PPO: CHILDREN'S",8241.0,negotiated_dollar,6180.75,reliable
"Arthur M. Blank Hospital",csv_flat,"Knee MRI","MRI Scan of Leg Joint W/O Contrast","","",outpatient,"NORTHEAST GEORGIA HEATLH SYSTEM [808]","NORTHEAST GEORGIA HEALTH PARTNERS PPO: CHILDREN'S",4121.0,negotiated_dollar,3090.75,reliable
"Arthur M. Blank Hospital",csv_flat,"Knee MRI","MRI Scan of Leg Joint W/O Contrast Bilateral","","",outpatient,"DIRECT EMPLOYER AGREEMENTS [72]","NORTHSIDE DIRECT: CHILDREN'S",8241.0,negotiated_dollar,5768.7,reliable
"Arthur M. Blank Hospital",csv_flat,"Knee MRI","MRI Scan of Leg Joint W/O Contrast","","",outpatient,"DIRECT EMPLOYER AGREEMENTS [72]","NORTHSIDE DIRECT: CHILDREN'S",4121.0,negotiated_dollar,2884.7,reliable
"Arthur M. Blank Hospital",csv_flat,"Knee MRI","MRI Scan of Leg Joint W/O Contrast Bilateral","","",outpatient,"DIRECT EMPLOYER AGREEMENTS [72]","QUIKTRIP: CHILDREN'S",8241.0,negotiated_dollar,7004.85,reliable
"Arthur M. Blank Hospital",csv_flat,"Knee MRI","MRI Scan of Leg Joint W/O Contrast","","",outpatient,"DIRECT EMPLOYER AGREEMENTS [72]","QUIKTRIP: CHILDREN'S",4121.0,negotiated_dollar,3502.85,reliable
"Arthur M. Blank Hospital",csv_flat,"Knee MRI","MRI Scan of Leg Joint W/O Contrast Bilateral","","",outpatient,"MULTIPLAN [92]","MULTIPLAN PPO: CHILDREN'S",8241.0,negotiated_dollar,8076.18,reliable
"Arthur M. Blank Hospital",csv_flat,"Knee MRI","MRI Scan of Leg Joint W/O Contrast","","",outpatient,"MULTIPLAN [92]","MULTIPLAN PPO: CHILDREN'S",4121.0,negotiated_dollar,4038.58,reliable
"Arthur M. Blank Hospital",csv_flat,"Knee MRI","MRI Scan of Leg Joint W/O Contrast Bilateral","","",outpatient,"OSCAR [228]","OSCAR HEALTH PLAN: CHILDREN'S",8241.0,negotiated_dollar,5521.47,reliable
"Arthur M. Blank Hospital",csv_flat,"Knee MRI","MRI Scan of Leg Joint W/O Contrast","","",outpatient,"OSCAR [228]","OSCAR HEALTH PLAN: CHILDREN'S",4121.0,negotiated_dollar,2761.07,reliable
"Arthur M. Blank Hospital",csv_flat,"Knee MRI","MRI Scan of Leg Joint W/O Contrast Bilateral","","",outpatient,"PHCS [93]","PHCS PPO: CHILDREN'S",8241.0,negotiated_dollar,7004.85,reliable
"Arthur M. Blank Hospital",csv_flat,"Knee MRI","MRI Scan of Leg Joint W/O Contrast","","",outpatient,"PHCS [93]","PHCS PPO: CHILDREN'S",4121.0,negotiated_dollar,3502.85,reliable
"Arthur M. Blank Hospital",csv_flat,"Knee MRI","MRI Scan of Leg Joint W/O Contrast Bilateral","","",outpatient,"SECURE HEALTH [340]","SECURE HEALTH: CHILDREN'S",8241.0,negotiated_dollar,7004.85,reliable
"Arthur M. Blank Hospital",csv_flat,"Knee MRI","MRI Scan of Leg Joint W/O Contrast","","",outpatient,"SECURE HEALTH [340]","SECURE HEALTH: CHILDREN'S",4121.0,negotiated_dollar,3502.85,reliable
"Arthur M. Blank Hospital",csv_flat,"Knee MRI","MRI Scan of Leg Joint W/O Contrast Bilateral","","",outpatient,"SIDECAR HEALTH [236]","SIDECAR HEALTH: CHILDREN'S",8241.0,negotiated_dollar,5686.29,reliable
"Arthur M. Blank Hospital",csv_flat,"Knee MRI","MRI Scan of Leg Joint W/O Contrast","","",outpatient,"SIDECAR HEALTH [236]","SIDECAR HEALTH: CHILDREN'S",4121.0,negotiated_dollar,2843.49,reliable
"Arthur M. Blank Hospital",csv_flat,"Knee MRI","MRI Scan of Leg Joint W/O Contrast Bilateral","","",outpatient,"UNITED [5]","UNITED HEALTHCARE HMO/POS & PPO: CHILDREN'S",8241.0,negotiated_dollar,5467.9,reliable
"Arthur M. Blank Hospital",csv_flat,"Knee MRI","MRI Scan of Leg Joint W/O Contrast","","",outpatient,"UNITED [5]","UNITED HEALTHCARE HMO/POS & PPO: CHILDREN'S",4121.0,negotiated_dollar,2734.28,reliable
"Arthur M. Blank Hospital",csv_flat,"Knee MRI","MRI Scan of Leg Joint W/O Contrast Bilateral","","",outpatient,"VERACITY BENEFITS [809]","VERACITY BENEFITS: CHILDREN'S",8241.0,negotiated_dollar,6180.75,reliable
"Arthur M. Blank Hospital",csv_flat,"Knee MRI","MRI Scan of Leg Joint W/O Contrast","","",outpatient,"VERACITY BENEFITS [809]","VERACITY BENEFITS: CHILDREN'S",4121.0,negotiated_dollar,3090.75,reliable
"Arthur M. Blank Hospital",csv_flat,"Knee MRI","MRI Scan of Leg Joint W/O Contrast Bilateral","","",outpatient,"NOVANET [41]","NOVANET PPO: CHILDREN'S",8241.0,negotiated_dollar,8241.0,reliable
"Arthur M. Blank Hospital",csv_flat,"Knee MRI","MRI Scan of Leg Joint W/O Contrast","","",outpatient,"NOVANET [41]","NOVANET PPO: CHILDREN'S",4121.0,negotiated_dollar,4121.0,reliable
"Emory University Hospital",csv_flat,"Knee MRI","Hc Mri Low Joint W/O Cont",facility,"",both,"","",2296.0,unavailable,,low_confidence
"Emory University Hospital",csv_flat,"Knee MRI","Hc Mri Low Joint W/O Cont",facility,"",both,"","",1837.0,unavailable,,low_confidence
"Emory University Hospital",csv_flat,"Knee MRI","Mri jnt of lwr extre w/o dye",facility,"",outpatient,Aetna,Exchange,,negotiated_dollar,628.0,low_confidence
"Emory University Hospital",csv_flat,"Knee MRI","Mri jnt of lwr extre w/o dye",facility,"",outpatient,Aetna,"Hpn Whole Health Other Commercial Plan",,negotiated_dollar,965.0,low_confidence
"Emory University Hospital",csv_flat,"Knee MRI","Mri jnt of lwr extre w/o dye",facility,"",outpatient,Kaiser,Hmo,,negotiated_dollar,828.0,low_confidence
"Emory University Hospital",csv_flat,"Knee MRI","Mri jnt of lwr extre w/o dye",facility,"",outpatient,"Oscar Health",Exchange,,negotiated_dollar,270.72,low_confidence
"Emory University Hospital",csv_flat,"Knee MRI","Mri jnt of lwr extre w/o dye",facility,"",outpatient,Unitedhealthcare,Hmo/Pos,,negotiated_dollar,582.6,low_confidence
"Emory University Hospital",csv_flat,"Knee MRI","Mri jnt of lwr extre w/o dye",facility,"",outpatient,Unitedhealthcare,"Core/Charter/Nexus Other Commercial Plan",,negotiated_dollar,582.6,low_confidence
"Emory University Hospital",csv_flat,"Knee MRI","Mri jnt of lwr extre w/o dye",facility,"",outpatient,Aetna,"Medicare Managed Care Plan",,negotiated_dollar,244.11,low_confidence
"Emory University Hospital",csv_flat,"Knee MRI","Mri jnt of lwr extre w/o dye",facility,"",outpatient,"Ambetter Health","Peach State Exchange",,negotiated_dollar,507.37,low_confidence
"Emory University Hospital",csv_flat,"Knee MRI","Mri jnt of lwr extre w/o dye",facility,"",outpatient,Bcbs,"Blue Value Secure Medicare Managed Care Plan",,negotiated_dollar,241.72,low_confidence
"Emory University Hospital",csv_flat,"Knee MRI","Mri jnt of lwr extre w/o dye",facility,"",outpatient,Cigna,"Healthspring Medicare Managed Care Plan",,negotiated_dollar,246.5,low_confidence
"Emory University Hospital",csv_flat,"Knee MRI","Mri jnt of lwr extre w/o dye",facility,"",outpatient,"Clover Health","Medicare Managed Care Plan",,negotiated_dollar,251.29,low_confidence
"Emory University Hospital",csv_flat,"Knee MRI","Mri jnt of lwr extre w/o dye",facility,"",outpatient,"Devoted Health","Medicare Managed Care Plan",,negotiated_dollar,239.32,low_confidence
"Emory University Hospital",csv_flat,"Knee MRI","Mri jnt of lwr extre w/o dye",facility,"",outpatient,Wellcare,"Medicare Managed Care Plan",,negotiated_dollar,253.68,low_confidence
"Grady Memorial Hospital",csv_wide,"Knee MRI","MRI Joint Lower Ext W/O Dye",facility,"",inpatient,"Anthem BCBS",HPN,5034.7,negotiated_dollar,4027.76,reliable
"Grady Memorial Hospital",csv_wide,"Knee MRI","MRI Joint Lower Ext W/O Dye",facility,"",inpatient,Kaiser,Commercial,5034.7,negotiated_dollar,3816.3,reliable
"Grady Memorial Hospital",csv_wide,"Knee MRI","MRI Joint Lower Ext W/O Dye",facility,"",inpatient,Multiplan,Commercial,5034.7,negotiated_dollar,3876.72,reliable
"Grady Memorial Hospital",csv_wide,"Knee MRI","MRI Joint Lower Ext W/O Dye",facility,"",inpatient,"USP Naphcare",Commercial,5034.7,negotiated_dollar,3020.82,reliable
"Grady Memorial Hospital",csv_wide,"Knee MRI","MRI Joint Lower Ext W/O Dye",facility,"",outpatient,Aetna,Commercial,5034.7,negotiated_dollar,2240.44,reliable
"Grady Memorial Hospital",csv_wide,"Knee MRI","MRI Joint Lower Ext W/O Dye",facility,"",outpatient,Aetna,Medicare,5034.7,negotiated_dollar,1762.14,reliable
"Grady Memorial Hospital",csv_wide,"Knee MRI","MRI Joint Lower Ext W/O Dye",facility,"",outpatient,Ambetter,Marketplace,5034.7,negotiated_dollar,745.14,reliable
"Grady Memorial Hospital",csv_wide,"Knee MRI","MRI Joint Lower Ext W/O Dye",facility,"",outpatient,Amerigroup,Medicaid,5034.7,negotiated_dollar,818.64,reliable
"Grady Memorial Hospital",csv_wide,"Knee MRI","MRI Joint Lower Ext W/O Dye",facility,"",outpatient,"Anthem BCBS",HMO/POS,5034.7,negotiated_dollar,3687.41,reliable
"Grady Memorial Hospital",csv_wide,"Knee MRI","MRI Joint Lower Ext W/O Dye",facility,"",outpatient,"Anthem BCBS",HPN,5034.7,negotiated_dollar,4027.76,reliable
"Grady Memorial Hospital",csv_wide,"Knee MRI","MRI Joint Lower Ext W/O Dye",facility,"",outpatient,"Anthem BCBS",PPO,5034.7,negotiated_dollar,3828.89,reliable
"Grady Memorial Hospital",csv_wide,"Knee MRI","MRI Joint Lower Ext W/O Dye",facility,"",outpatient,"Anthem BCBS",Pathways/Marketplace,5034.7,negotiated_dollar,3687.41,reliable
"Grady Memorial Hospital",csv_wide,"Knee MRI","MRI Joint Lower Ext W/O Dye",facility,"",outpatient,Caresource,Commercial,5034.7,negotiated_dollar,751.18,reliable
"Grady Memorial Hospital",csv_wide,"Knee MRI","MRI Joint Lower Ext W/O Dye",facility,"",outpatient,Cigna,Commercial,5034.7,negotiated_dollar,2978.03,reliable
"Grady Memorial Hospital",csv_wide,"Knee MRI","MRI Joint Lower Ext W/O Dye",facility,"",outpatient,Cigna,IFP,5034.7,negotiated_dollar,2950.33,reliable
"Grady Memorial Hospital",csv_wide,"Knee MRI","MRI Joint Lower Ext W/O Dye",facility,"",outpatient,Cigna,"Local Plus",5034.7,negotiated_dollar,2190.09,reliable
"Grady Memorial Hospital",csv_wide,"Knee MRI","MRI Joint Lower Ext W/O Dye",facility,"",outpatient,Kaiser,Commercial,5034.7,negotiated_dollar,3816.3,reliable
"Grady Memorial Hospital",csv_wide,"Knee MRI","MRI Joint Lower Ext W/O Dye",facility,"",outpatient,Multiplan,Commercial,5034.7,negotiated_dollar,3876.72,reliable
"Grady Memorial Hospital",csv_wide,"Knee MRI","MRI Joint Lower Ext W/O Dye",facility,"",outpatient,"Oscar Health",Commercial/Marketplace,5034.7,negotiated_dollar,3272.56,reliable
"Grady Memorial Hospital",csv_wide,"Knee MRI","MRI Joint Lower Ext W/O Dye",facility,"",outpatient,"Peach State",Medicaid,5034.7,negotiated_dollar,751.18,reliable
"Grady Memorial Hospital",csv_wide,"Knee MRI","MRI Joint Lower Ext W/O Dye",facility,"",outpatient,UHC,Commercial,5034.7,negotiated_dollar,3624.98,reliable
"Grady Memorial Hospital",csv_wide,"Knee MRI","MRI Joint Lower Ext W/O Dye",facility,"",outpatient,UHC,Exchange/Marketplace,5034.7,negotiated_dollar,2920.13,reliable
"Grady Memorial Hospital",csv_wide,"Knee MRI","MRI Joint Lower Ext W/O Dye",facility,"",outpatient,"USP Naphcare",Commercial,5034.7,negotiated_dollar,3020.82,reliable
"Grady Memorial Hospital",csv_wide,"Knee MRI","Mri jnt of lwr extre w/o dye",facility,"",outpatient,UHC,Exchange/Marketplace,,negotiated_dollar,1116.25,reliable
"Grady Memorial Hospital",csv_wide,"Knee MRI","Mri jnt of lwr extre w/o dye",facility,"",outpatient,UHC,"Surest Health",,negotiated_dollar,1116.25,reliable
"Grady Memorial Hospital",csv_wide,"Knee MRI","Mri jnt of lwr extre w/o dye",facility,"",outpatient,Aetna,Commercial,,negotiated_dollar,2163.0,reliable
"Grady Memorial Hospital",csv_wide,"Knee MRI","Mri jnt of lwr extre w/o dye",facility,"",outpatient,Aetna,Medicare,,negotiated_dollar,240.5,reliable
"Grady Memorial Hospital",csv_wide,"Knee MRI","Mri jnt of lwr extre w/o dye",facility,"",outpatient,Ambetter,Marketplace,,negotiated_dollar,240.5,reliable
"Grady Memorial Hospital",csv_wide,"Knee MRI","Mri jnt of lwr extre w/o dye",facility,"",outpatient,"Anthem BCBS",HMO/POS,,negotiated_dollar,1171.15,reliable
"Grady Memorial Hospital",csv_wide,"Knee MRI","Mri jnt of lwr extre w/o dye",facility,"",outpatient,"Anthem BCBS",Medicare,,negotiated_dollar,240.5,reliable
"Grady Memorial Hospital",csv_wide,"Knee MRI","Mri jnt of lwr extre w/o dye",facility,"",outpatient,"Anthem BCBS",PPO,,negotiated_dollar,1171.15,reliable
"Grady Memorial Hospital",csv_wide,"Knee MRI","Mri jnt of lwr extre w/o dye",facility,"",outpatient,"Anthem BCBS",Pathways/Marketplace,,negotiated_dollar,1171.15,reliable
"Grady Memorial Hospital",csv_wide,"Knee MRI","Mri jnt of lwr extre w/o dye",facility,"",outpatient,Caresource,Marketplace,,negotiated_dollar,384.8,reliable
"Grady Memorial Hospital",csv_wide,"Knee MRI","Mri jnt of lwr extre w/o dye",facility,"",outpatient,Cigna,Commercial,,unavailable,,reliable
"Grady Memorial Hospital",csv_wide,"Knee MRI","Mri jnt of lwr extre w/o dye",facility,"",outpatient,Cigna,IFP,,negotiated_dollar,329.89,reliable
"Grady Memorial Hospital",csv_wide,"Knee MRI","Mri jnt of lwr extre w/o dye",facility,"",outpatient,Cigna,Medicare,,negotiated_dollar,240.5,reliable
"Grady Memorial Hospital",csv_wide,"Knee MRI","Mri jnt of lwr extre w/o dye",facility,"",outpatient,"Clear Spring Health",Medicare,,negotiated_dollar,252.53,reliable
"Grady Memorial Hospital",csv_wide,"Knee MRI","Mri jnt of lwr extre w/o dye",facility,"",outpatient,Clover,Medicare,,negotiated_dollar,252.53,reliable
"Grady Memorial Hospital",csv_wide,"Knee MRI","Mri jnt of lwr extre w/o dye",facility,"",outpatient,Humana,Medicare,,negotiated_dollar,240.5,reliable
"Grady Memorial Hospital",csv_wide,"Knee MRI","Mri jnt of lwr extre w/o dye",facility,"",outpatient,Kaiser,Medicare,,negotiated_dollar,240.5,reliable
"Grady Memorial Hospital",csv_wide,"Knee MRI","Mri jnt of lwr extre w/o dye",facility,"",outpatient,Medicare,Medicare,,negotiated_dollar,240.5,reliable
"Grady Memorial Hospital",csv_wide,"Knee MRI","Mri jnt of lwr extre w/o dye",facility,"",outpatient,"Oscar Health",Commercial/Marketplace,,negotiated_dollar,398.84,reliable
"Grady Memorial Hospital",csv_wide,"Knee MRI","Mri jnt of lwr extre w/o dye",facility,"",outpatient,UHC,Medicare,,negotiated_dollar,240.5,reliable
"Grady Memorial Hospital",csv_wide,"Knee MRI","Mri jnt of lwr extre w/o dye",facility,"",outpatient,"USP Naphcare",Commercial,,negotiated_dollar,444.93,reliable
"Grady Memorial Hospital",csv_wide,"Knee MRI","Mri jnt of lwr extre w/o dye",facility,"",outpatient,VACCN,Commercial,,negotiated_dollar,240.5,reliable
"Grady Memorial Hospital",csv_wide,"Knee MRI","Mri jnt of lwr extre w/o dye",facility,"",outpatient,WellCare,Medicare,,negotiated_dollar,240.5,reliable
"Grady Memorial Hospital",csv_wide,"Knee MRI","Mri jnt of lwr extre w/o dye",facility,"",outpatient,UHC,Charter,,negotiated_dollar,1116.25,reliable
"Grady Memorial Hospital",csv_wide,"Knee MRI","Mri jnt of lwr extre w/o dye",facility,"",outpatient,UHC,Commercial,,negotiated_dollar,1116.25,reliable
"Grady Memorial Hospital",csv_wide,"Knee MRI","Mri jnt of lwr extre w/o dye",facility,"",outpatient,UHC,Core,,negotiated_dollar,1116.25,reliable
"Northside Hospital Atlanta",json,"Knee MRI","MR LOWER EXT JNT BI W/O CON","","",outpatient,"Institutional 100 Percent of Medicare","Institutional 100 Percent of Medicare",12443.0,negotiated_dollar,238.47,reliable
"Northside Hospital Atlanta",json,"Knee MRI","MR LOWER EXT JNT BI W/O CON","","",outpatient,"Institutional 110 Percent of Medicare","Institutional 110 Percent of Medicare",12443.0,negotiated_dollar,266.59,reliable
"Northside Hospital Atlanta",json,"Knee MRI","MR LOWER EXT JNT BI W/O CON","","",outpatient,"Institutional 120 Percent of Medicare","Institutional 120 Percent of Medicare",12443.0,negotiated_dollar,290.82,reliable
"Northside Hospital Atlanta",json,"Knee MRI","MR LOWER EXT JNT BI W/O CON","","",outpatient,Kaiser,"Kaiser Medicare Advantage",12443.0,negotiated_dollar,245.62,reliable
"Northside Hospital Atlanta",json,"Knee MRI","MR LOWER EXT JNT BI W/O CON","","",outpatient,Medicare,Medicare,12443.0,negotiated_dollar,238.47,reliable
"Northside Hospital Atlanta",json,"Knee MRI","MR LOWER EXT JNT BI W/O CON","","",outpatient,"CLEAR SPRINGS EON HEALTH","CLEAR SPRINGS EON HEALTH",12443.0,negotiated_dollar,238.47,reliable
"Northside Hospital Atlanta",json,"Knee MRI","MR LOWER EXT JNT BI W/O CON","","",outpatient,"VA CCN","VA CCN",12443.0,negotiated_dollar,238.47,reliable
"Northside Hospital Atlanta",json,"Knee MRI","MR LOWER EXT JNT BI W/O CON","","",outpatient,"Pruitt Health Premier","Pruitt Health Premier",12443.0,negotiated_dollar,250.39,reliable
"Northside Hospital Atlanta",json,"Knee MRI","MR LOWER EXT JNT BI W/O CON","","",outpatient,CBWW,CBWW,12443.0,negotiated_dollar,242.35,reliable
"Northside Hospital Atlanta",json,"Knee MRI","MR LOWER EXT JNT BI W/O CON","","",outpatient,"Clover Health","Clover Health",12443.0,negotiated_dollar,250.35,reliable
"Northside Hospital Atlanta",json,"Knee MRI","MR LOWER EXT JNT BI W/O CON","","",outpatient,Coventry,"Coventry Medicare",12443.0,negotiated_dollar,243.24,reliable
"Northside Hospital Atlanta",json,"Knee MRI","MR LOWER EXT JNT BI W/O CON","","",outpatient,"Devoted Medicare Advantage","Devoted Medicare Advantage",12443.0,negotiated_dollar,250.39,reliable
"Northside Hospital Atlanta",json,"Knee MRI","MR LOWER EXT JNT BI W/O CON","","",outpatient,Humana,"Humana Medicare Advantage HMO",12443.0,negotiated_dollar,240.85,reliable
"Northside Hospital Atlanta",json,"Knee MRI","MR LOWER EXT JNT BI W/O CON","","",outpatient,Humana,"Humana Medicare Advantage PPO",12443.0,negotiated_dollar,248.01,reliable
"Northside Hospital Atlanta",json,"Knee MRI","MR LOWER EXT JNT BI W/O CON","","",outpatient,UHC,"UHC Medicare",12443.0,negotiated_dollar,238.47,reliable
"Northside Hospital Atlanta",json,"Knee MRI","MR LOWER EXT JNT BI W/O CON","","",outpatient,"US Dept of Labor WC","US Dept of Labor WC",12443.0,negotiated_dollar,302.94,reliable
"Northside Hospital Atlanta",json,"Knee MRI","MR LOWER EXT JNT BI W/O CON","","",outpatient,Wellcare,"Wellcare Medicare Advantage",12443.0,negotiated_dollar,245.62,reliable
"Northside Hospital Atlanta",json,"Knee MRI","MR LOWER EXT JNT BI W/O CON","","",outpatient,Aetna,"Aetna Medicare",12443.0,negotiated_dollar,243.24,reliable
"Northside Hospital Atlanta",json,"Knee MRI","MR LOWER EXT JNT BI W/O CON","","",outpatient,BCBS,"BCBS Medicare Advantage",12443.0,negotiated_dollar,238.47,reliable
"Northside Hospital Atlanta",json,"Knee MRI","MR LOWER EXT JNT BI W/O CON","","",outpatient,BCBS,"BCBS Medicare Advantage-P",12443.0,negotiated_dollar,238.47,reliable
"Northside Hospital Atlanta",json,"Knee MRI","MR LOWER EXT JNT BI W/O CON","","",outpatient,BCCP,BCCP,12443.0,negotiated_dollar,242.35,reliable
"Northside Hospital Atlanta",json,"Knee MRI","MR LOWER EXT JNT BI W/O CON","","",outpatient,CareSource,"CareSource Medicare Advantage",12443.0,negotiated_dollar,245.62,reliable
"Northside Hospital Atlanta",json,"Knee MRI","MR LOWER EXT JNT BI W/O CON","","",outpatient,UHC,"UHC Medicare",12443.0,negotiated_dollar,526.16,reliable
"Northside Hospital Atlanta",json,"Knee MRI","MR LOWER EXT JNT BI W/O CON","","",outpatient,"US Dept of Labor WC","US Dept of Labor WC",12443.0,negotiated_dollar,668.4,reliable
"Northside Hospital Atlanta",json,"Knee MRI","MR LOWER EXT JNT BI W/O CON","","",outpatient,Wellcare,"Wellcare Medicare Advantage",12443.0,negotiated_dollar,541.94,reliable
"Northside Hospital Atlanta",json,"Knee MRI","MR LOWER EXT JNT BI W/O CON","","",outpatient,Medicare,Medicare,12443.0,negotiated_dollar,526.16,reliable
"Northside Hospital Atlanta",json,"Knee MRI","MR LOWER EXT JNT BI W/O CON","","",outpatient,Humana,"Humana Medicare Advantage HMO",12443.0,negotiated_dollar,531.42,reliable
"Northside Hospital Atlanta",json,"Knee MRI","MR LOWER EXT JNT BI W/O CON","","",outpatient,Humana,"Humana Medicare Advantage PPO",12443.0,negotiated_dollar,547.21,reliable
"Northside Hospital Atlanta",json,"Knee MRI","MR LOWER EXT JNT BI W/O CON","","",outpatient,"Institutional 100 Percent of Medicare","Institutional 100 Percent of Medicare",12443.0,negotiated_dollar,526.16,reliable
"Northside Hospital Atlanta",json,"Knee MRI","MR LOWER EXT JNT BI W/O CON","","",outpatient,"Institutional 110 Percent of Medicare","Institutional 110 Percent of Medicare",12443.0,negotiated_dollar,588.19,reliable
"Northside Hospital Atlanta",json,"Knee MRI","MR LOWER EXT JNT BI W/O CON","","",outpatient,"Institutional 120 Percent of Medicare","Institutional 120 Percent of Medicare",12443.0,negotiated_dollar,641.66,reliable
"Northside Hospital Atlanta",json,"Knee MRI","MR LOWER EXT JNT BI W/O CON","","",outpatient,Kaiser,"Kaiser Medicare Advantage",12443.0,negotiated_dollar,541.94,reliable
"Northside Hospital Atlanta",json,"Knee MRI","MR LOWER EXT JNT BI W/O CON","","",outpatient,"CLEAR SPRINGS EON HEALTH","CLEAR SPRINGS EON HEALTH",12443.0,negotiated_dollar,526.16,reliable
"Northside Hospital Atlanta",json,"Knee MRI","MR LOWER EXT JNT BI W/O CON","","",outpatient,"VA CCN","VA CCN",12443.0,negotiated_dollar,526.16,reliable
"Northside Hospital Atlanta",json,"Knee MRI","MR LOWER EXT JNT BI W/O CON","","",outpatient,"Pruitt Health Premier","Pruitt Health Premier",12443.0,negotiated_dollar,552.47,reliable
"Northside Hospital Atlanta",json,"Knee MRI","MR LOWER EXT JNT BI W/O CON","","",outpatient,Aetna,"Aetna Medicare",12443.0,negotiated_dollar,536.68,reliable
"Northside Hospital Atlanta",json,"Knee MRI","MR LOWER EXT JNT BI W/O CON","","",outpatient,BCBS,"BCBS Medicare Advantage",12443.0,negotiated_dollar,526.16,reliable
"Northside Hospital Atlanta",json,"Knee MRI","MR LOWER EXT JNT BI W/O CON","","",outpatient,BCBS,"BCBS Medicare Advantage-P",12443.0,negotiated_dollar,526.16,reliable
"Northside Hospital Atlanta",json,"Knee MRI","MR LOWER EXT JNT BI W/O CON","","",outpatient,BCCP,BCCP,12443.0,negotiated_dollar,534.72,reliable
"Northside Hospital Atlanta",json,"Knee MRI","MR LOWER EXT JNT BI W/O CON","","",outpatient,CareSource,"CareSource Medicare Advantage",12443.0,negotiated_dollar,541.94,reliable
"Northside Hospital Atlanta",json,"Knee MRI","MR LOWER EXT JNT BI W/O CON","","",outpatient,CBWW,CBWW,12443.0,negotiated_dollar,534.72,reliable
"Northside Hospital Atlanta",json,"Knee MRI","MR LOWER EXT JNT BI W/O CON","","",outpatient,"Clover Health","Clover Health",12443.0,negotiated_dollar,552.37,reliable
"Northside Hospital Atlanta",json,"Knee MRI","MR LOWER EXT JNT BI W/O CON","","",outpatient,Coventry,"Coventry Medicare",12443.0,negotiated_dollar,536.68,reliable
"Northside Hospital Atlanta",json,"Knee MRI","MR LOWER EXT JNT BI W/O CON","","",outpatient,"Devoted Medicare Advantage","Devoted Medicare Advantage",12443.0,negotiated_dollar,552.47,reliable
"Northside Hospital Atlanta",json,"Knee MRI","MR LOWER EXT JNT BI W/O CON","","",inpatient,"Georgia Reproductive Specialists","Georgia Reproductive Specialists (SGF)",12443.0,negotiated_dollar,4977.2,reliable
"Northside Hospital Atlanta",json,"Knee MRI","MR LOWER EXT JNT BI W/O CON","","",inpatient,Multiplan,"Multiplan PPO",12443.0,negotiated_dollar,10576.55,reliable
"Northside Hospital Atlanta",json,"Knee MRI","MR LOWER EXT JNT BI W/O CON","","",inpatient,CareSource,"CareSource MarketPlace",12443.0,negotiated_dollar,4628.8,reliable
"Northside Hospital Atlanta",json,"Knee MRI","MR LOWER EXT JNT BI W/O CON","","",inpatient,BCBS,"BCBS PRUDT BUYER",12443.0,negotiated_dollar,8672.77,reliable
"Northside Hospital Atlanta",json,"Knee MRI","MR LOWER EXT JNT BI W/O CON","","",inpatient,"Beech Steet","Beech Street",12443.0,negotiated_dollar,10576.55,reliable
"Northside Hospital Atlanta",json,"Knee MRI","MR LOWER EXT JNT BI W/O CON","","",inpatient,CareIQ,CareIQ,12443.0,negotiated_dollar,12443.0,reliable
"Northside Hospital Atlanta",json,"Knee MRI","MR LOWER EXT JNT BI W/O CON","","",inpatient,"Dekalb_Department of Health","Dekalb_Department of Health",12443.0,negotiated_dollar,12443.0,reliable
"Northside Hospital Atlanta",json,"Knee MRI","MR LOWER EXT JNT BI W/O CON","","",inpatient,FIFA,FIFA,12443.0,negotiated_dollar,12443.0,reliable
"Northside Hospital Atlanta",json,"Knee MRI","MR LOWER EXT JNT BI W/O CON","","",inpatient,Coventry,"First Health and Coventry National",12443.0,negotiated_dollar,8461.24,reliable
"Northside Hospital Atlanta",json,"Knee MRI","MR LOWER EXT JNT BI W/O CON","","",inpatient,"Multiplan Workers Comp","Multiplan Workers Comp",12443.0,negotiated_dollar,10576.55,reliable
"Northside Hospital Atlanta",json,"Knee MRI","MR LOWER EXT JNT BI W/O CON","","",inpatient,NovaNet_PPO,NovaNet_PPO,12443.0,negotiated_dollar,8710.1,reliable
"Northside Hospital Atlanta",json,"Knee MRI","MR LOWER EXT JNT BI W/O CON","","",inpatient,"Quick Trip","Quick Trip",12443.0,negotiated_dollar,6843.65,reliable
"Northside Hospital Atlanta",json,"Knee MRI","MR LOWER EXT JNT BI W/O CON","","",inpatient,"Rabun County BOC","Rabun County BOC",12443.0,negotiated_dollar,12443.0,reliable
"Northside Hospital Atlanta",json,"Knee MRI","MR LOWER EXT JNT BI W/O CON","","",outpatient,Aetna,"Aetna HMO/POS/PPO",12443.0,negotiated_dollar,2300.0,reliable
"Northside Hospital Atlanta",json,"Knee MRI","MR LOWER EXT JNT BI W/O CON","","",outpatient,Aetna,"Aetna HMO/POS/PPO-G",12443.0,negotiated_dollar,2300.0,reliable
"Northside Hospital Atlanta",json,"Knee MRI","MR LOWER EXT JNT BI W/O CON","","",outpatient,Aetna,"Aetna HMO/POS/PPO-Q",12443.0,negotiated_dollar,2300.0,reliable
"Northside Hospital Atlanta",json,"Knee MRI","MR LOWER EXT JNT BI W/O CON","","",outpatient,Aetna,"Aetna Whole Health",12443.0,negotiated_dollar,1658.0,reliable
"Northside Hospital Atlanta",json,"Knee MRI","MR LOWER EXT JNT BI W/O CON","","",outpatient,Aetna,"Aetna Whole Health-G",12443.0,negotiated_dollar,1658.0,reliable
"Northside Hospital Atlanta",json,"Knee MRI","MR LOWER EXT JNT BI W/O CON","","",outpatient,Centene,"Ambetter PAR",12443.0,negotiated_dollar,1150.68,reliable
"Northside Hospital Atlanta",json,"Knee MRI","MR LOWER EXT JNT BI W/O CON","","",outpatient,BCBS,BCBS_HMO,12443.0,negotiated_dollar,3645.0,reliable
"Northside Hospital Atlanta",json,"Knee MRI","MR LOWER EXT JNT BI W/O CON","","",outpatient,BCBS,BCBS_HMO-L,12443.0,negotiated_dollar,3645.0,reliable
"Northside Hospital Atlanta",json,"Knee MRI","MR LOWER EXT JNT BI W/O CON","","",outpatient,BCBS,BCBS_PATHWAY,12443.0,negotiated_dollar,1511.0,reliable
"Northside Hospital Atlanta",json,"Knee MRI","MR LOWER EXT JNT BI W/O CON","","",outpatient,BCBS,BCBS_PATHWAY-L,12443.0,negotiated_dollar,1511.0,reliable
"Northside Hospital Atlanta",json,"Knee MRI","MR LOWER EXT JNT BI W/O CON","","",outpatient,BCBS,BCBS_PPO,12443.0,negotiated_dollar,3645.0,reliable
"Northside Hospital Atlanta",json,"Knee MRI","MR LOWER EXT JNT BI W/O CON","","",outpatient,BCBS,BCBS_PPO-L,12443.0,negotiated_dollar,3645.0,reliable
"Northside Hospital Atlanta",json,"Knee MRI","MR LOWER EXT JNT BI W/O CON","","",outpatient,CareSource,CareSource,12443.0,negotiated_dollar,2328.63,reliable
"Northside Hospital Atlanta",json,"Knee MRI","MR LOWER EXT JNT BI W/O CON","","",outpatient,CareSource,"CareSource MarketPlace",12443.0,negotiated_dollar,4628.8,reliable
"Northside Hospital Atlanta",json,"Knee MRI","MR LOWER EXT JNT BI W/O CON","","",outpatient,"CHAMPUS VA","CHAMPUS VA",12443.0,negotiated_dollar,138.15,reliable
"Northside Hospital Atlanta",json,"Knee MRI","MR LOWER EXT JNT BI W/O CON","","",outpatient,Cigna,Cigna,12443.0,negotiated_dollar,1581.0,reliable
"Northside Hospital Atlanta",json,"Knee MRI","MR LOWER EXT JNT BI W/O CON","","",outpatient,Cigna,Cigna-G,12443.0,negotiated_dollar,1581.0,reliable
"Northside Hospital Atlanta",json,"Knee MRI","MR LOWER EXT JNT BI W/O CON","","",outpatient,Cigna,Cigna-H,12443.0,negotiated_dollar,1581.0,reliable
"Northside Hospital Atlanta",json,"Knee MRI","MR LOWER EXT JNT BI W/O CON","","",outpatient,Cigna,Cigna-L,12443.0,negotiated_dollar,1581.0,reliable
"Northside Hospital Atlanta",json,"Knee MRI","MR LOWER EXT JNT BI W/O CON","","",outpatient,Amerigroup,"Amerigroup Medicaid",12443.0,negotiated_dollar,2260.81,reliable
"Northside Hospital Atlanta",json,"Knee MRI","MR LOWER EXT JNT BI W/O CON","","",outpatient,Amerigroup,"Amerigroup Medicare Advantage",12443.0,negotiated_dollar,2011.92,reliable
"Northside Hospital Atlanta",json,"Knee MRI","MR LOWER EXT JNT BI W/O CON","","",outpatient,"Authentic 4D","Authentic 4D",12443.0,negotiated_dollar,569.87,reliable
"Northside Hospital Atlanta",json,"Knee MRI","MR LOWER EXT JNT BI W/O CON","","",outpatient,BCBS,"BCBS PRUDT BUYER",12443.0,negotiated_dollar,8672.77,reliable
"Northside Hospital Atlanta",json,"Knee MRI","MR LOWER EXT JNT BI W/O CON","","",outpatient,BCBS,"Blue HPN",12443.0,negotiated_dollar,2369.0,reliable
"Northside Hospital Atlanta",json,"Knee MRI","MR LOWER EXT JNT BI W/O CON","","",outpatient,BCBS,"Blue HPN-L",12443.0,negotiated_dollar,2369.0,reliable
"Northside Hospital Atlanta",json,"Knee MRI","MR LOWER EXT JNT BI W/O CON","","",outpatient,CareIQ,CareIQ,12443.0,negotiated_dollar,12443.0,reliable
"Northside Hospital Atlanta",json,"Knee MRI","MR LOWER EXT JNT BI W/O CON","","",outpatient,Kaiser,"Kaiser Dual Choice PPO",12443.0,negotiated_dollar,1961.0,reliable
"Northside Hospital Atlanta",json,"Knee MRI","MR LOWER EXT JNT BI W/O CON","","",outpatient,Kaiser,"Kaiser Dual Choice PPO-AGA",12443.0,negotiated_dollar,1961.0,reliable
"Northside Hospital Atlanta",json,"Knee MRI","MR LOWER EXT JNT BI W/O CON","","",outpatient,Kaiser,"Kaiser Dual Choice PPO-BARIATRIC",12443.0,negotiated_dollar,1961.0,reliable
"Northside Hospital Atlanta",json,"Knee MRI","MR LOWER EXT JNT BI W/O CON","","",outpatient,Kaiser,"Kaiser Dual Choice PPO-GCS",12443.0,negotiated_dollar,1961.0,reliable
"Northside Hospital Atlanta",json,"Knee MRI","MR LOWER EXT JNT BI W/O CON","","",outpatient,Kaiser,"Kaiser Dual Choice PPO-GPG/NOAS",12443.0,negotiated_dollar,1961.0,reliable
"Northside Hospital Atlanta",json,"Knee MRI","MR LOWER EXT JNT BI W/O CON","","",outpatient,Kaiser,"Kaiser Dual Choice PPO-GYNONC",12443.0,negotiated_dollar,1961.0,reliable
"Northside Hospital Atlanta",json,"Knee MRI","MR LOWER EXT JNT BI W/O CON","","",outpatient,Kaiser,"Kaiser Dual Choice PPO-MELANOMA",12443.0,negotiated_dollar,1961.0,reliable
"Northside Hospital Atlanta",json,"Knee MRI","MR LOWER EXT JNT BI W/O CON","","",outpatient,Kaiser,"Kaiser Dual Choice PPO-NAPS/CVG/NPCPS/UPS",12443.0,negotiated_dollar,1961.0,reliable
"Northside Hospital Atlanta",json,"Knee MRI","MR LOWER EXT JNT BI W/O CON","","",outpatient,Kaiser,"Kaiser Dual Choice PPO-THOR SURG",12443.0,negotiated_dollar,1961.0,reliable
"Northside Hospital Atlanta",json,"Knee MRI","MR LOWER EXT JNT BI W/O CON","","",outpatient,Kaiser,"Kaiser Dual Choice PPO-VASC SURG",12443.0,negotiated_dollar,1961.0,reliable
"Northside Hospital Atlanta",json,"Knee MRI","MR LOWER EXT JNT BI W/O CON","","",outpatient,Kaiser,Kaiser_HMO,12443.0,negotiated_dollar,1678.0,reliable
"Northside Hospital Atlanta",json,"Knee MRI","MR LOWER EXT JNT BI W/O CON","","",outpatient,Kaiser,Kaiser_HMO-AGA,12443.0,negotiated_dollar,1678.0,reliable
"Northside Hospital Atlanta",json,"Knee MRI","MR LOWER EXT JNT BI W/O CON","","",outpatient,Kaiser,Kaiser_HMO-BARIATRIC,12443.0,negotiated_dollar,1678.0,reliable
"Northside Hospital Atlanta",json,"Knee MRI","MR LOWER EXT JNT BI W/O CON","","",outpatient,Kaiser,Kaiser_HMO-GCS,12443.0,negotiated_dollar,1678.0,reliable
"Northside Hospital Atlanta",json,"Knee MRI","MR LOWER EXT JNT BI W/O CON","","",outpatient,Kaiser,Kaiser_HMO-GPG/NOAS,12443.0,negotiated_dollar,1678.0,reliable
"Northside Hospital Atlanta",json,"Knee MRI","MR LOWER EXT JNT BI W/O CON","","",outpatient,Kaiser,Kaiser_HMO-GYNONC,12443.0,negotiated_dollar,1678.0,reliable
"Northside Hospital Atlanta",json,"Knee MRI","MR LOWER EXT JNT BI W/O CON","","",outpatient,Kaiser,Kaiser_HMO-MELANOMA,12443.0,negotiated_dollar,1678.0,reliable
"Northside Hospital Atlanta",json,"Knee MRI","MR LOWER EXT JNT BI W/O CON","","",outpatient,Kaiser,Kaiser_HMO-NAPS/CVG/NPCPS/UPS,12443.0,negotiated_dollar,1678.0,reliable
"Northside Hospital Atlanta",json,"Knee MRI","MR LOWER EXT JNT BI W/O CON","","",outpatient,Kaiser,"Kaiser_HMO-VASC SURG",12443.0,negotiated_dollar,1678.0,reliable
"Northside Hospital Atlanta",json,"Knee MRI","MR LOWER EXT JNT BI W/O CON","","",outpatient,Kaiser,Kaiser_SF,12443.0,negotiated_dollar,1491.0,reliable
"Northside Hospital Atlanta",json,"Knee MRI","MR LOWER EXT JNT BI W/O CON","","",outpatient,Kaiser,Kaiser_SF-AGA,12443.0,negotiated_dollar,1491.0,reliable
"Northside Hospital Atlanta",json,"Knee MRI","MR LOWER EXT JNT BI W/O CON","","",outpatient,Kaiser,Kaiser_SF-BARIATRIC,12443.0,negotiated_dollar,1491.0,reliable
"Northside Hospital Atlanta",json,"Knee MRI","MR LOWER EXT JNT BI W/O CON","","",outpatient,Kaiser,Kaiser_SF-GCS,12443.0,negotiated_dollar,1491.0,reliable
"Northside Hospital Atlanta",json,"Knee MRI","MR LOWER EXT JNT BI W/O CON","","",outpatient,Kaiser,Kaiser_SF-GPG/NOAS,12443.0,negotiated_dollar,1491.0,reliable
"Northside Hospital Atlanta",json,"Knee MRI","MR LOWER EXT JNT BI W/O CON","","",outpatient,Kaiser,Kaiser_SF-GYNONC,12443.0,negotiated_dollar,1491.0,reliable
"Northside Hospital Atlanta",json,"Knee MRI","MR LOWER EXT JNT BI W/O CON","","",outpatient,Kaiser,Kaiser_SF-MELANOMA,12443.0,negotiated_dollar,1491.0,reliable
"Northside Hospital Atlanta",json,"Knee MRI","MR LOWER EXT JNT BI W/O CON","","",outpatient,Kaiser,Kaiser_SF-NAPS/CVG/NPCPS/UPS,12443.0,negotiated_dollar,1491.0,reliable
"Northside Hospital Atlanta",json,"Knee MRI","MR LOWER EXT JNT BI W/O CON","","",outpatient,Kaiser,"Kaiser_SF-THOR SURG",12443.0,negotiated_dollar,1491.0,reliable
"Northside Hospital Atlanta",json,"Knee MRI","MR LOWER EXT JNT BI W/O CON","","",outpatient,Kaiser,"Kaiser_SF-VASC SURG",12443.0,negotiated_dollar,1491.0,reliable
"Northside Hospital Atlanta",json,"Knee MRI","MR LOWER EXT JNT BI W/O CON","","",outpatient,"Med Care Solutions","Med Care Solutions",12443.0,negotiated_dollar,750.0,reliable
"Northside Hospital Atlanta",json,"Knee MRI","MR LOWER EXT JNT BI W/O CON","","",outpatient,"MedLien Healthcare Services","MedLien Healthcare Services",12443.0,negotiated_dollar,675.0,reliable
"Northside Hospital Atlanta",json,"Knee MRI","MR LOWER EXT JNT BI W/O CON","","",outpatient,MTI,MTI,12443.0,negotiated_dollar,343.12,reliable
"Northside Hospital Atlanta",json,"Knee MRI","MR LOWER EXT JNT BI W/O CON","","",outpatient,Multiplan,"Multiplan PPO",12443.0,negotiated_dollar,10576.55,reliable
"Northside Hospital Atlanta",json,"Knee MRI","MR LOWER EXT JNT BI W/O CON","","",outpatient,"Multiplan Workers Comp","Multiplan Workers Comp",12443.0,negotiated_dollar,10576.55,reliable
"Northside Hospital Atlanta",json,"Knee MRI","MR LOWER EXT JNT BI W/O CON","","",outpatient,"Northside Health Network","Northside Health Network",12443.0,negotiated_dollar,1982.0,reliable
"Northside Hospital Atlanta",json,"Knee MRI","MR LOWER EXT JNT BI W/O CON","","",outpatient,"Northside Health Network","Northside Health Network-S",12443.0,negotiated_dollar,1982.0,reliable
"Northside Hospital Atlanta",json,"Knee MRI","MR LOWER EXT JNT BI W/O CON","","",outpatient,NovaNet_PPO,NovaNet_PPO,12443.0,negotiated_dollar,8710.1,reliable
"Northside Hospital Atlanta",json,"Knee MRI","MR LOWER EXT JNT BI W/O CON","","",outpatient,"One Call Diagnostics","One Call Diagnostics",12443.0,negotiated_dollar,305.0,reliable
"Northside Hospital Atlanta",json,"Knee MRI","MR LOWER EXT JNT BI W/O CON","","",outpatient,Oscar,Oscar,12443.0,negotiated_dollar,1170.75,reliable
"Northside Hospital Atlanta",json,"Knee MRI","MR LOWER EXT JNT BI W/O CON","","",outpatient,Centene,"Peach State Medicaid",12443.0,negotiated_dollar,2260.81,reliable
"Northside Hospital Atlanta",json,"Knee MRI","MR LOWER EXT JNT BI W/O CON","","",outpatient,Centene,"Peach State Medicare",12443.0,negotiated_dollar,2546.73,reliable
"Northside Hospital Atlanta",json,"Knee MRI","MR LOWER EXT JNT BI W/O CON","","",outpatient,PHCS,PHCS,12443.0,negotiated_dollar,9332.25,reliable
"Northside Hospital Atlanta",json,"Knee MRI","MR LOWER EXT JNT BI W/O CON","","",outpatient,"Quick Trip","Quick Trip",12443.0,negotiated_dollar,6843.65,reliable
"Northside Hospital Atlanta",json,"Knee MRI","MR LOWER EXT JNT BI W/O CON","","",outpatient,"Rabun County BOC","Rabun County BOC",12443.0,negotiated_dollar,12443.0,reliable
"Northside Hospital Atlanta",json,"Knee MRI","MR LOWER EXT JNT BI W/O CON","","",outpatient,Spreemo,Spreemo,12443.0,negotiated_dollar,506.55,reliable
"Northside Hospital Atlanta",json,"Knee MRI","MR LOWER EXT JNT BI W/O CON","","",outpatient,"Streamline Imaging","Streamline Imaging",12443.0,negotiated_dollar,307.0,reliable
"Northside Hospital Atlanta",json,"Knee MRI","MR LOWER EXT JNT BI W/O CON","","",outpatient,Tricare,Tricare,12443.0,negotiated_dollar,242.35,reliable
"Northside Hospital Atlanta",json,"Knee MRI","MR LOWER EXT JNT BI W/O CON","","",outpatient,"Truths Community","Truths Community",12443.0,negotiated_dollar,1199.0,reliable
"Northside Hospital Atlanta",json,"Knee MRI","MR LOWER EXT JNT BI W/O CON","","",outpatient,UHC,"UHC GA Individual Exchange",12443.0,negotiated_dollar,1915.0,reliable
"Northside Hospital Atlanta",json,"Knee MRI","MR LOWER EXT JNT BI W/O CON","","",outpatient,UHC,"UHC Heritage Select",12443.0,negotiated_dollar,2065.0,reliable
"Northside Hospital Atlanta",json,"Knee MRI","MR LOWER EXT JNT BI W/O CON","","",outpatient,UHC,"UHC HMO/POS/PPO",12443.0,negotiated_dollar,2367.0,reliable
"Northside Hospital Atlanta",json,"Knee MRI","MR LOWER EXT JNT BI W/O CON","","",outpatient,UHC,"UHC HMO/POS/PPO-G",12443.0,negotiated_dollar,2367.0,reliable
"Northside Hospital Atlanta",json,"Knee MRI","MR LOWER EXT JNT BI W/O CON","","",outpatient,UHC,"UHC HMO/POS/PPO-T",12443.0,negotiated_dollar,2367.0,reliable
"Northside Hospital Atlanta",json,"Knee MRI","MR LOWER EXT JNT BI W/O CON","","",outpatient,Cigna,"CIGNA HealthSprings Medicare Advantage",12443.0,negotiated_dollar,2031.27,reliable
"Northside Hospital Atlanta",json,"Knee MRI","MR LOWER EXT JNT BI W/O CON","","",outpatient,"Corvel Workers Comp","Corvel Workers Comp",12443.0,negotiated_dollar,601.53,reliable
"Northside Hospital Atlanta",json,"Knee MRI","MR LOWER EXT JNT BI W/O CON","","",outpatient,"Dekalb_Department of Health","Dekalb_Department of Health",12443.0,negotiated_dollar,12443.0,reliable
"Northside Hospital Atlanta",json,"Knee MRI","MR LOWER EXT JNT BI W/O CON","","",outpatient,"Direct Pay Provider Network LLC","Direct Pay Provider Network LLC",12443.0,negotiated_dollar,482.0,reliable
"Northside Hospital Atlanta",json,"Knee MRI","MR LOWER EXT JNT BI W/O CON","","",outpatient,"Employers Choice Network","Employers Choice Network",12443.0,negotiated_dollar,601.53,reliable
"Northside Hospital Atlanta",json,"Knee MRI","MR LOWER EXT JNT BI W/O CON","","",outpatient,"Fairly Group","Fairly Group",12443.0,negotiated_dollar,482.0,reliable
"Northside Hospital Atlanta",json,"Knee MRI","MR LOWER EXT JNT BI W/O CON","","",outpatient,"Fieldale Farms WC","Fieldale Farms WC",12443.0,negotiated_dollar,633.19,reliable
"Northside Hospital Atlanta",json,"Knee MRI","MR LOWER EXT JNT BI W/O CON","","",outpatient,FIFA,FIFA,12443.0,negotiated_dollar,12443.0,reliable
"Northside Hospital Atlanta",json,"Knee MRI","MR LOWER EXT JNT BI W/O CON","","",outpatient,Coventry,"First Health and Coventry National",12443.0,negotiated_dollar,7465.8,reliable
"Northside Hospital Atlanta",json,"Knee MRI","MR LOWER EXT JNT BI W/O CON","","",outpatient,"Genex/Priority Care Solutions","Genex/Priority Care Solutions",12443.0,negotiated_dollar,506.55,reliable
"Northside Hospital Atlanta",json,"Knee MRI","MR LOWER EXT JNT BI W/O CON","","",outpatient,"Georgia Reproductive Specialists","Georgia Reproductive Specialists (SGF)",12443.0,negotiated_dollar,4977.2,reliable
"Northside Hospital Atlanta",json,"Knee MRI","MR LOWER EXT JNT BI W/O CON","","",outpatient,"Georgia Workers Compensation","Georgia Workers Comp",12443.0,negotiated_dollar,633.19,reliable
"Northside Hospital Atlanta",json,"Knee MRI","MR LOWER EXT JNT BI W/O CON","","",outpatient,"Good Samaritan Radiology","Good Samaritan Radiology",12443.0,negotiated_dollar,2486.89,reliable
"Northside Hospital Atlanta",json,"Knee MRI","MR LOWER EXT JNT BI W/O CON","","",outpatient,"Health One Alliance_PPO","Health One Alliance_PPO",12443.0,negotiated_dollar,700.0,reliable
"Northside Hospital Atlanta",json,"Knee MRI","MR LOWER EXT JNT BI W/O CON","","",outpatient,HomeLink,HomeLink,12443.0,negotiated_dollar,364.57,reliable
"Northside Hospital Atlanta",json,"Knee MRI","MR LOWER EXT JNT BI W/O CON","","",outpatient,"Institutional 115 Percent_Georgia Medicaid","Institutional 115 Percent_Georgia Medicaid",12443.0,negotiated_dollar,2599.93,reliable
"Northside Hospital Atlanta",json,"Knee MRI","MR LOWER EXT JNT BI W/O CON","","",outpatient,"Institutional GA Medicaid","Institutional GA Medicaid",12443.0,negotiated_dollar,2260.81,reliable
"Northside Hospital Atlanta",json,"Knee MRI","MR LOWER EXT JNT BI W/O CON","","",outpatient,"Institutional Marietta Surgery Center","Institutional Marietta Surgery Center",12443.0,negotiated_dollar,12443.0,reliable
"Northside Hospital Atlanta",json,"Knee MRI","MR LOWER EXT JNT BI W/O CON","","",outpatient,"Institutional Veterans Evaluation Services","Institutional Veterans Evaluation Services",12443.0,negotiated_dollar,12443.0,reliable
"Northside Hospital Atlanta",json,"Knee MRI","MR LOWER EXT JNT BI W/O CON","","",outpatient,"Beech Steet","Beech Street",12443.0,negotiated_dollar,10576.55,reliable
"Northside Hospital Atlanta",json,"Knee MRI","MR LOWER EXT JNT BI W/O CON","","",inpatient,"Beech Steet","Beech Street",12443.0,negotiated_dollar,10576.55,reliable
"Northside Hospital Atlanta",json,"Knee MRI","MR LOWER EXT JNT BI W/O CON","","",inpatient,CareIQ,CareIQ,12443.0,negotiated_dollar,12443.0,reliable
"Northside Hospital Atlanta",json,"Knee MRI","MR LOWER EXT JNT BI W/O CON","","",inpatient,CareSource,"CareSource MarketPlace",12443.0,negotiated_dollar,4628.8,reliable
"Northside Hospital Atlanta",json,"Knee MRI","MR LOWER EXT JNT BI W/O CON","","",inpatient,"Dekalb_Department of Health","Dekalb_Department of Health",12443.0,negotiated_dollar,12443.0,reliable
"Northside Hospital Atlanta",json,"Knee MRI","MR LOWER EXT JNT BI W/O CON","","",inpatient,FIFA,FIFA,12443.0,negotiated_dollar,12443.0,reliable
"Northside Hospital Atlanta",json,"Knee MRI","MR LOWER EXT JNT BI W/O CON","","",inpatient,Coventry,"First Health and Coventry National",12443.0,negotiated_dollar,8461.24,reliable
"Northside Hospital Atlanta",json,"Knee MRI","MR LOWER EXT JNT BI W/O CON","","",inpatient,"Georgia Reproductive Specialists","Georgia Reproductive Specialists (SGF)",12443.0,negotiated_dollar,4977.2,reliable
"Northside Hospital Atlanta",json,"Knee MRI","MR LOWER EXT JNT BI W/O CON","","",inpatient,Multiplan,"Multiplan PPO",12443.0,negotiated_dollar,10576.55,reliable
"Northside Hospital Atlanta",json,"Knee MRI","MR LOWER EXT JNT BI W/O CON","","",inpatient,"Multiplan Workers Comp","Multiplan Workers Comp",12443.0,negotiated_dollar,10576.55,reliable
"Northside Hospital Atlanta",json,"Knee MRI","MR LOWER EXT JNT BI W/O CON","","",inpatient,NovaNet_PPO,NovaNet_PPO,12443.0,negotiated_dollar,8710.1,reliable
"Northside Hospital Atlanta",json,"Knee MRI","MR LOWER EXT JNT BI W/O CON","","",inpatient,"Quick Trip","Quick Trip",12443.0,negotiated_dollar,6843.65,reliable
"Northside Hospital Atlanta",json,"Knee MRI","MR LOWER EXT JNT BI W/O CON","","",inpatient,"Rabun County BOC","Rabun County BOC",12443.0,negotiated_dollar,12443.0,reliable
"Northside Hospital Atlanta",json,"Knee MRI","MR LOWER EXT JNT BI W/O CON","","",inpatient,BCBS,"BCBS PRUDT BUYER",12443.0,negotiated_dollar,8672.77,reliable
"Northside Hospital Atlanta",json,"Knee MRI","MR LOWER EXT JNT BI W/O CON","","",outpatient,Aetna,"Aetna HMO/POS/PPO",12443.0,negotiated_dollar,2300.0,reliable
"Northside Hospital Atlanta",json,"Knee MRI","MR LOWER EXT JNT BI W/O CON","","",outpatient,Aetna,"Aetna HMO/POS/PPO-G",12443.0,negotiated_dollar,2300.0,reliable
"Northside Hospital Atlanta",json,"Knee MRI","MR LOWER EXT JNT BI W/O CON","","",outpatient,Aetna,"Aetna HMO/POS/PPO-Q",12443.0,negotiated_dollar,2300.0,reliable
"Northside Hospital Atlanta",json,"Knee MRI","MR LOWER EXT JNT BI W/O CON","","",outpatient,Aetna,"Aetna Whole Health",12443.0,negotiated_dollar,1658.0,reliable
"Northside Hospital Atlanta",json,"Knee MRI","MR LOWER EXT JNT BI W/O CON","","",outpatient,Aetna,"Aetna Whole Health-G",12443.0,negotiated_dollar,1658.0,reliable
"Northside Hospital Atlanta",json,"Knee MRI","MR LOWER EXT JNT BI W/O CON","","",outpatient,Centene,"Ambetter PAR",12443.0,negotiated_dollar,1150.68,reliable
"Northside Hospital Atlanta",json,"Knee MRI","MR LOWER EXT JNT BI W/O CON","","",outpatient,BCBS,"BCBS PRUDT BUYER",12443.0,negotiated_dollar,8672.77,reliable
"Northside Hospital Atlanta",json,"Knee MRI","MR LOWER EXT JNT BI W/O CON","","",outpatient,BCBS,BCBS_HMO,12443.0,negotiated_dollar,3645.0,reliable
"Northside Hospital Atlanta",json,"Knee MRI","MR LOWER EXT JNT BI W/O CON","","",outpatient,Amerigroup,"Amerigroup Medicaid",12443.0,negotiated_dollar,2260.81,reliable
"Northside Hospital Atlanta",json,"Knee MRI","MR LOWER EXT JNT BI W/O CON","","",outpatient,Cigna,Cigna-L,12443.0,negotiated_dollar,1581.0,reliable
"Northside Hospital Atlanta",json,"Knee MRI","MR LOWER EXT JNT BI W/O CON","","",outpatient,Amerigroup,"Amerigroup Medicare Advantage",12443.0,negotiated_dollar,2011.92,reliable
"Northside Hospital Atlanta",json,"Knee MRI","MR LOWER EXT JNT BI W/O CON","","",outpatient,"Authentic 4D","Authentic 4D",12443.0,negotiated_dollar,569.87,reliable
"Northside Hospital Atlanta",json,"Knee MRI","MR LOWER EXT JNT BI W/O CON","","",outpatient,BCBS,BCBS_HMO-L,12443.0,negotiated_dollar,3645.0,reliable
"Northside Hospital Atlanta",json,"Knee MRI","MR LOWER EXT JNT BI W/O CON","","",outpatient,BCBS,BCBS_PATHWAY,12443.0,negotiated_dollar,1511.0,reliable
"Northside Hospital Atlanta",json,"Knee MRI","MR LOWER EXT JNT BI W/O CON","","",outpatient,BCBS,BCBS_PATHWAY-L,12443.0,negotiated_dollar,1511.0,reliable
"Northside Hospital Atlanta",json,"Knee MRI","MR LOWER EXT JNT BI W/O CON","","",outpatient,BCBS,BCBS_PPO,12443.0,negotiated_dollar,3645.0,reliable
"Northside Hospital Atlanta",json,"Knee MRI","MR LOWER EXT JNT BI W/O CON","","",outpatient,BCBS,BCBS_PPO-L,12443.0,negotiated_dollar,3645.0,reliable
"Northside Hospital Atlanta",json,"Knee MRI","MR LOWER EXT JNT BI W/O CON","","",outpatient,"Beech Steet","Beech Street",12443.0,negotiated_dollar,10576.55,reliable
"Northside Hospital Atlanta",json,"Knee MRI","MR LOWER EXT JNT BI W/O CON","","",outpatient,BCBS,"Blue HPN",12443.0,negotiated_dollar,2369.0,reliable
"Northside Hospital Atlanta",json,"Knee MRI","MR LOWER EXT JNT BI W/O CON","","",outpatient,BCBS,"Blue HPN-L",12443.0,negotiated_dollar,2369.0,reliable
"Northside Hospital Atlanta",json,"Knee MRI","MR LOWER EXT JNT BI W/O CON","","",outpatient,CareIQ,CareIQ,12443.0,negotiated_dollar,12443.0,reliable
"Northside Hospital Atlanta",json,"Knee MRI","MR LOWER EXT JNT BI W/O CON","","",outpatient,CareSource,CareSource,12443.0,negotiated_dollar,2328.63,reliable
"Northside Hospital Atlanta",json,"Knee MRI","MR LOWER EXT JNT BI W/O CON","","",outpatient,CareSource,"CareSource MarketPlace",12443.0,negotiated_dollar,4628.8,reliable
"Northside Hospital Atlanta",json,"Knee MRI","MR LOWER EXT JNT BI W/O CON","","",outpatient,"CHAMPUS VA","CHAMPUS VA",12443.0,negotiated_dollar,276.3,reliable
"Northside Hospital Atlanta",json,"Knee MRI","MR LOWER EXT JNT BI W/O CON","","",outpatient,Cigna,Cigna,12443.0,negotiated_dollar,1581.0,reliable
"Northside Hospital Atlanta",json,"Knee MRI","MR LOWER EXT JNT BI W/O CON","","",outpatient,Cigna,Cigna-G,12443.0,negotiated_dollar,1581.0,reliable
"Northside Hospital Atlanta",json,"Knee MRI","MR LOWER EXT JNT BI W/O CON","","",outpatient,Cigna,Cigna-H,12443.0,negotiated_dollar,1581.0,reliable
"Northside Hospital Atlanta",json,"Knee MRI","MR LOWER EXT JNT BI W/O CON","","",outpatient,Cigna,"CIGNA HealthSprings Medicare Advantage",12443.0,negotiated_dollar,2031.27,reliable
"Northside Hospital Atlanta",json,"Knee MRI","MR LOWER EXT JNT BI W/O CON","","",outpatient,"Corvel Workers Comp","Corvel Workers Comp",12443.0,negotiated_dollar,1203.06,reliable
"Northside Hospital Atlanta",json,"Knee MRI","MR LOWER EXT JNT BI W/O CON","","",outpatient,"Dekalb_Department of Health","Dekalb_Department of Health",12443.0,negotiated_dollar,12443.0,reliable
"Northside Hospital Atlanta",json,"Knee MRI","MR LOWER EXT JNT BI W/O CON","","",outpatient,"Direct Pay Provider Network LLC","Direct Pay Provider Network LLC",12443.0,negotiated_dollar,482.0,reliable
"Northside Hospital Atlanta",json,"Knee MRI","MR LOWER EXT JNT BI W/O CON","","",outpatient,"Employers Choice Network","Employers Choice Network",12443.0,negotiated_dollar,1203.06,reliable
"Northside Hospital Atlanta",json,"Knee MRI","MR LOWER EXT JNT BI W/O CON","","",outpatient,"Fairly Group","Fairly Group",12443.0,negotiated_dollar,482.0,reliable
"Northside Hospital Atlanta",json,"Knee MRI","MR LOWER EXT JNT BI W/O CON","","",outpatient,"Fieldale Farms WC","Fieldale Farms WC",12443.0,negotiated_dollar,633.19,reliable
"Northside Hospital Atlanta",json,"Knee MRI","MR LOWER EXT JNT BI W/O CON","","",outpatient,FIFA,FIFA,12443.0,negotiated_dollar,12443.0,reliable
"Northside Hospital Atlanta",json,"Knee MRI","MR LOWER EXT JNT BI W/O CON","","",outpatient,Coventry,"First Health and Coventry National",12443.0,negotiated_dollar,7465.8,reliable
"Northside Hospital Atlanta",json,"Knee MRI","MR LOWER EXT JNT BI W/O CON","","",outpatient,"Genex/Priority Care Solutions","Genex/Priority Care Solutions",12443.0,negotiated_dollar,1013.1,reliable
"Northside Hospital Atlanta",json,"Knee MRI","MR LOWER EXT JNT BI W/O CON","","",outpatient,"Georgia Reproductive Specialists","Georgia Reproductive Specialists (SGF)",12443.0,negotiated_dollar,4977.2,reliable
"Northside Hospital Atlanta",json,"Knee MRI","MR LOWER EXT JNT BI W/O CON","","",outpatient,"Georgia Workers Compensation","Georgia Workers Comp",12443.0,negotiated_dollar,1266.38,reliable
"Northside Hospital Atlanta",json,"Knee MRI","MR LOWER EXT JNT BI W/O CON","","",outpatient,"Good Samaritan Radiology","Good Samaritan Radiology",12443.0,negotiated_dollar,2486.89,reliable
"Northside Hospital Atlanta",json,"Knee MRI","MR LOWER EXT JNT BI W/O CON","","",outpatient,"Health One Alliance_PPO","Health One Alliance_PPO",12443.0,negotiated_dollar,700.0,reliable
"Northside Hospital Atlanta",json,"Knee MRI","MR LOWER EXT JNT BI W/O CON","","",outpatient,HomeLink,HomeLink,12443.0,negotiated_dollar,364.57,reliable
"Northside Hospital Atlanta",json,"Knee MRI","MR LOWER EXT JNT BI W/O CON","","",outpatient,"Institutional 115 Percent_Georgia Medicaid","Institutional 115 Percent_Georgia Medicaid",12443.0,negotiated_dollar,2599.93,reliable
"Northside Hospital Atlanta",json,"Knee MRI","MR LOWER EXT JNT BI W/O CON","","",outpatient,"Institutional GA Medicaid","Institutional GA Medicaid",12443.0,negotiated_dollar,2260.81,reliable
"Northside Hospital Atlanta",json,"Knee MRI","MR LOWER EXT JNT BI W/O CON","","",outpatient,"Institutional Marietta Surgery Center","Institutional Marietta Surgery Center",12443.0,negotiated_dollar,12443.0,reliable
"Northside Hospital Atlanta",json,"Knee MRI","MR LOWER EXT JNT BI W/O CON","","",outpatient,"Institutional Veterans Evaluation Services","Institutional Veterans Evaluation Services",12443.0,negotiated_dollar,12443.0,reliable
"Northside Hospital Atlanta",json,"Knee MRI","MR LOWER EXT JNT BI W/O CON","","",outpatient,Kaiser,"Kaiser Dual Choice PPO",12443.0,negotiated_dollar,1961.0,reliable
"Northside Hospital Atlanta",json,"Knee MRI","MR LOWER EXT JNT BI W/O CON","","",outpatient,Kaiser,"Kaiser Dual Choice PPO-AGA",12443.0,negotiated_dollar,1961.0,reliable
"Northside Hospital Atlanta",json,"Knee MRI","MR LOWER EXT JNT BI W/O CON","","",outpatient,Kaiser,"Kaiser Dual Choice PPO-BARIATRIC",12443.0,negotiated_dollar,1961.0,reliable
"Northside Hospital Atlanta",json,"Knee MRI","MR LOWER EXT JNT BI W/O CON","","",outpatient,Kaiser,"Kaiser Dual Choice PPO-GCS",12443.0,negotiated_dollar,1961.0,reliable
"Northside Hospital Atlanta",json,"Knee MRI","MR LOWER EXT JNT BI W/O CON","","",outpatient,Kaiser,"Kaiser Dual Choice PPO-GPG/NOAS",12443.0,negotiated_dollar,1961.0,reliable
"Northside Hospital Atlanta",json,"Knee MRI","MR LOWER EXT JNT BI W/O CON","","",outpatient,Kaiser,"Kaiser Dual Choice PPO-GYNONC",12443.0,negotiated_dollar,1961.0,reliable
"Northside Hospital Atlanta",json,"Knee MRI","MR LOWER EXT JNT BI W/O CON","","",outpatient,Kaiser,"Kaiser Dual Choice PPO-MELANOMA",12443.0,negotiated_dollar,1961.0,reliable
"Northside Hospital Atlanta",json,"Knee MRI","MR LOWER EXT JNT BI W/O CON","","",outpatient,Kaiser,"Kaiser Dual Choice PPO-NAPS/CVG/NPCPS/UPS",12443.0,negotiated_dollar,1961.0,reliable
"Northside Hospital Atlanta",json,"Knee MRI","MR LOWER EXT JNT BI W/O CON","","",outpatient,Kaiser,"Kaiser Dual Choice PPO-THOR SURG",12443.0,negotiated_dollar,1961.0,reliable
"Northside Hospital Atlanta",json,"Knee MRI","MR LOWER EXT JNT BI W/O CON","","",outpatient,Kaiser,"Kaiser Dual Choice PPO-VASC SURG",12443.0,negotiated_dollar,1961.0,reliable
"Northside Hospital Atlanta",json,"Knee MRI","MR LOWER EXT JNT BI W/O CON","","",outpatient,Kaiser,Kaiser_HMO,12443.0,negotiated_dollar,1678.0,reliable
"Northside Hospital Atlanta",json,"Knee MRI","MR LOWER EXT JNT BI W/O CON","","",outpatient,Kaiser,Kaiser_HMO-AGA,12443.0,negotiated_dollar,1678.0,reliable
"Northside Hospital Atlanta",json,"Knee MRI","MR LOWER EXT JNT BI W/O CON","","",outpatient,Kaiser,Kaiser_HMO-BARIATRIC,12443.0,negotiated_dollar,1678.0,reliable
"Northside Hospital Atlanta",json,"Knee MRI","MR LOWER EXT JNT BI W/O CON","","",outpatient,Kaiser,Kaiser_HMO-GCS,12443.0,negotiated_dollar,1678.0,reliable
"Northside Hospital Atlanta",json,"Knee MRI","MR LOWER EXT JNT BI W/O CON","","",outpatient,Kaiser,Kaiser_HMO-GPG/NOAS,12443.0,negotiated_dollar,1678.0,reliable
"Northside Hospital Atlanta",json,"Knee MRI","MR LOWER EXT JNT BI W/O CON","","",outpatient,Kaiser,Kaiser_HMO-GYNONC,12443.0,negotiated_dollar,1678.0,reliable
"Northside Hospital Atlanta",json,"Knee MRI","MR LOWER EXT JNT BI W/O CON","","",outpatient,Kaiser,Kaiser_HMO-MELANOMA,12443.0,negotiated_dollar,1678.0,reliable
"Northside Hospital Atlanta",json,"Knee MRI","MR LOWER EXT JNT BI W/O CON","","",outpatient,Kaiser,Kaiser_HMO-NAPS/CVG/NPCPS/UPS,12443.0,negotiated_dollar,1678.0,reliable
"Northside Hospital Atlanta",json,"Knee MRI","MR LOWER EXT JNT BI W/O CON","","",outpatient,Kaiser,"Kaiser_HMO-VASC SURG",12443.0,negotiated_dollar,1678.0,reliable
"Northside Hospital Atlanta",json,"Knee MRI","MR LOWER EXT JNT BI W/O CON","","",outpatient,Kaiser,Kaiser_SF,12443.0,negotiated_dollar,1491.0,reliable
"Northside Hospital Atlanta",json,"Knee MRI","MR LOWER EXT JNT BI W/O CON","","",outpatient,Kaiser,Kaiser_SF-AGA,12443.0,negotiated_dollar,1491.0,reliable
"Northside Hospital Atlanta",json,"Knee MRI","MR LOWER EXT JNT BI W/O CON","","",outpatient,Kaiser,Kaiser_SF-BARIATRIC,12443.0,negotiated_dollar,1491.0,reliable
"Northside Hospital Atlanta",json,"Knee MRI","MR LOWER EXT JNT BI W/O CON","","",outpatient,Kaiser,Kaiser_SF-GCS,12443.0,negotiated_dollar,1491.0,reliable
"Northside Hospital Atlanta",json,"Knee MRI","MR LOWER EXT JNT BI W/O CON","","",outpatient,Kaiser,Kaiser_SF-GPG/NOAS,12443.0,negotiated_dollar,1491.0,reliable
"Northside Hospital Atlanta",json,"Knee MRI","MR LOWER EXT JNT BI W/O CON","","",outpatient,Kaiser,Kaiser_SF-GYNONC,12443.0,negotiated_dollar,1491.0,reliable
"Northside Hospital Atlanta",json,"Knee MRI","MR LOWER EXT JNT BI W/O CON","","",outpatient,Kaiser,Kaiser_SF-MELANOMA,12443.0,negotiated_dollar,1491.0,reliable
"Northside Hospital Atlanta",json,"Knee MRI","MR LOWER EXT JNT BI W/O CON","","",outpatient,Kaiser,Kaiser_SF-NAPS/CVG/NPCPS/UPS,12443.0,negotiated_dollar,1491.0,reliable
"Northside Hospital Atlanta",json,"Knee MRI","MR LOWER EXT JNT BI W/O CON","","",outpatient,Kaiser,"Kaiser_SF-THOR SURG",12443.0,negotiated_dollar,1491.0,reliable
"Northside Hospital Atlanta",json,"Knee MRI","MR LOWER EXT JNT BI W/O CON","","",outpatient,Kaiser,"Kaiser_SF-VASC SURG",12443.0,negotiated_dollar,1491.0,reliable
"Northside Hospital Atlanta",json,"Knee MRI","MR LOWER EXT JNT BI W/O CON","","",outpatient,"Med Care Solutions","Med Care Solutions",12443.0,negotiated_dollar,750.0,reliable
"Northside Hospital Atlanta",json,"Knee MRI","MR LOWER EXT JNT BI W/O CON","","",outpatient,"MedLien Healthcare Services","MedLien Healthcare Services",12443.0,negotiated_dollar,675.0,reliable
"Northside Hospital Atlanta",json,"Knee MRI","MR LOWER EXT JNT BI W/O CON","","",outpatient,MTI,MTI,12443.0,negotiated_dollar,343.12,reliable
"Northside Hospital Atlanta",json,"Knee MRI","MR LOWER EXT JNT BI W/O CON","","",outpatient,Multiplan,"Multiplan PPO",12443.0,negotiated_dollar,10576.55,reliable
"Northside Hospital Atlanta",json,"Knee MRI","MR LOWER EXT JNT BI W/O CON","","",outpatient,"Multiplan Workers Comp","Multiplan Workers Comp",12443.0,negotiated_dollar,10576.55,reliable
"Northside Hospital Atlanta",json,"Knee MRI","MR LOWER EXT JNT BI W/O CON","","",outpatient,"Northside Health Network","Northside Health Network",12443.0,negotiated_dollar,1982.0,reliable
"Northside Hospital Atlanta",json,"Knee MRI","MR LOWER EXT JNT BI W/O CON","","",outpatient,"Northside Health Network","Northside Health Network-S",12443.0,negotiated_dollar,1982.0,reliable
"Northside Hospital Atlanta",json,"Knee MRI","MR LOWER EXT JNT BI W/O CON","","",outpatient,NovaNet_PPO,NovaNet_PPO,12443.0,negotiated_dollar,8710.1,reliable
"Northside Hospital Atlanta",json,"Knee MRI","MR LOWER EXT JNT BI W/O CON","","",outpatient,"One Call Diagnostics","One Call Diagnostics",12443.0,negotiated_dollar,610.0,reliable
"Northside Hospital Atlanta",json,"Knee MRI","MR LOWER EXT JNT BI W/O CON","","",outpatient,Oscar,Oscar,12443.0,negotiated_dollar,1170.75,reliable
"Northside Hospital Atlanta",json,"Knee MRI","MR LOWER EXT JNT BI W/O CON","","",outpatient,Centene,"Peach State Medicaid",12443.0,negotiated_dollar,2260.81,reliable
"Northside Hospital Atlanta",json,"Knee MRI","MR LOWER EXT JNT BI W/O CON","","",outpatient,Centene,"Peach State Medicare",12443.0,negotiated_dollar,2546.73,reliable
"Northside Hospital Atlanta",json,"Knee MRI","MR LOWER EXT JNT BI W/O CON","","",outpatient,PHCS,PHCS,12443.0,negotiated_dollar,9332.25,reliable
"Northside Hospital Atlanta",json,"Knee MRI","MR LOWER EXT JNT BI W/O CON","","",outpatient,"Quick Trip","Quick Trip",12443.0,negotiated_dollar,6843.65,reliable
"Northside Hospital Atlanta",json,"Knee MRI","MR LOWER EXT JNT BI W/O CON","","",outpatient,"Rabun County BOC","Rabun County BOC",12443.0,negotiated_dollar,12443.0,reliable
"Northside Hospital Atlanta",json,"Knee MRI","MR LOWER EXT JNT BI W/O CON","","",outpatient,Spreemo,Spreemo,12443.0,negotiated_dollar,506.55,reliable
"Northside Hospital Atlanta",json,"Knee MRI","MR LOWER EXT JNT BI W/O CON","","",outpatient,"Streamline Imaging","Streamline Imaging",12443.0,negotiated_dollar,307.0,reliable
"Northside Hospital Atlanta",json,"Knee MRI","MR LOWER EXT JNT BI W/O CON","","",outpatient,Tricare,Tricare,12443.0,negotiated_dollar,534.72,reliable
"Northside Hospital Atlanta",json,"Knee MRI","MR LOWER EXT JNT BI W/O CON","","",outpatient,"Truths Community","Truths Community",12443.0,negotiated_dollar,1199.0,reliable
"Northside Hospital Atlanta",json,"Knee MRI","MR LOWER EXT JNT BI W/O CON","","",outpatient,UHC,"UHC GA Individual Exchange",12443.0,negotiated_dollar,1915.0,reliable
"Northside Hospital Atlanta",json,"Knee MRI","MR LOWER EXT JNT BI W/O CON","","",outpatient,UHC,"UHC Heritage Select",12443.0,negotiated_dollar,2065.0,reliable
"Northside Hospital Atlanta",json,"Knee MRI","MR LOWER EXT JNT BI W/O CON","","",outpatient,UHC,"UHC HMO/POS/PPO",12443.0,negotiated_dollar,2367.0,reliable
"Northside Hospital Atlanta",json,"Knee MRI","MR LOWER EXT JNT BI W/O CON","","",outpatient,UHC,"UHC HMO/POS/PPO-G",12443.0,negotiated_dollar,2367.0,reliable
"Northside Hospital Atlanta",json,"Knee MRI","MR LOWER EXT JNT BI W/O CON","","",outpatient,UHC,"UHC HMO/POS/PPO-T",12443.0,negotiated_dollar,2367.0,reliable
"Northside Hospital Atlanta",json,"Knee MRI","MR LOWER EXT JNT W/O CONTRAST","","",outpatient,Aetna,"Aetna Medicare",6220.0,negotiated_dollar,243.24,reliable
"Northside Hospital Atlanta",json,"Knee MRI","MR LOWER EXT JNT W/O CONTRAST","","",outpatient,BCBS,"BCBS Medicare Advantage",6220.0,negotiated_dollar,238.47,reliable
"Northside Hospital Atlanta",json,"Knee MRI","MR LOWER EXT JNT W/O CONTRAST","","",outpatient,BCBS,"BCBS Medicare Advantage-P",6220.0,negotiated_dollar,238.47,reliable
"Northside Hospital Atlanta",json,"Knee MRI","MR LOWER EXT JNT W/O CONTRAST","","",outpatient,BCCP,BCCP,6220.0,negotiated_dollar,242.35,reliable
"Northside Hospital Atlanta",json,"Knee MRI","MR LOWER EXT JNT W/O CONTRAST","","",outpatient,CareSource,"CareSource Medicare Advantage",6220.0,negotiated_dollar,245.62,reliable
"Northside Hospital Atlanta",json,"Knee MRI","MR LOWER EXT JNT W/O CONTRAST","","",outpatient,CBWW,CBWW,6220.0,negotiated_dollar,242.35,reliable
"Northside Hospital Atlanta",json,"Knee MRI","MR LOWER EXT JNT W/O CONTRAST","","",outpatient,"Clover Health","Clover Health",6220.0,negotiated_dollar,250.35,reliable
"Northside Hospital Atlanta",json,"Knee MRI","MR LOWER EXT JNT W/O CONTRAST","","",outpatient,Coventry,"Coventry Medicare",6220.0,negotiated_dollar,243.24,reliable
"Northside Hospital Atlanta",json,"Knee MRI","MR LOWER EXT JNT W/O CONTRAST","","",outpatient,"Devoted Medicare Advantage","Devoted Medicare Advantage",6220.0,negotiated_dollar,250.39,reliable
"Northside Hospital Atlanta",json,"Knee MRI","MR LOWER EXT JNT W/O CONTRAST","","",outpatient,Humana,"Humana Medicare Advantage HMO",6220.0,negotiated_dollar,240.85,reliable
"Northside Hospital Atlanta",json,"Knee MRI","MR LOWER EXT JNT W/O CONTRAST","","",outpatient,Humana,"Humana Medicare Advantage PPO",6220.0,negotiated_dollar,248.01,reliable
"Northside Hospital Atlanta",json,"Knee MRI","MR LOWER EXT JNT W/O CONTRAST","","",outpatient,"Institutional 100 Percent of Medicare","Institutional 100 Percent of Medicare",6220.0,negotiated_dollar,238.47,reliable
"Northside Hospital Atlanta",json,"Knee MRI","MR LOWER EXT JNT W/O CONTRAST","","",outpatient,"Institutional 110 Percent of Medicare","Institutional 110 Percent of Medicare",6220.0,negotiated_dollar,266.59,reliable
"Northside Hospital Atlanta",json,"Knee MRI","MR LOWER EXT JNT W/O CONTRAST","","",outpatient,"Institutional 120 Percent of Medicare","Institutional 120 Percent of Medicare",6220.0,negotiated_dollar,290.82,reliable
"Northside Hospital Atlanta",json,"Knee MRI","MR LOWER EXT JNT W/O CONTRAST","","",outpatient,Kaiser,"Kaiser Medicare Advantage",6220.0,negotiated_dollar,245.62,reliable
"Northside Hospital Atlanta",json,"Knee MRI","MR LOWER EXT JNT W/O CONTRAST","","",outpatient,"Pruitt Health Premier","Pruitt Health Premier",6220.0,negotiated_dollar,250.39,reliable
"Northside Hospital Atlanta",json,"Knee MRI","MR LOWER EXT JNT W/O CONTRAST","","",outpatient,UHC,"UHC Medicare",6220.0,negotiated_dollar,238.47,reliable
"Northside Hospital Atlanta",json,"Knee MRI","MR LOWER EXT JNT W/O CONTRAST","","",outpatient,"US Dept of Labor WC","US Dept of Labor WC",6220.0,negotiated_dollar,302.94,reliable
"Northside Hospital Atlanta",json,"Knee MRI","MR LOWER EXT JNT W/O CONTRAST","","",outpatient,Wellcare,"Wellcare Medicare Advantage",6220.0,negotiated_dollar,245.62,reliable
"Northside Hospital Atlanta",json,"Knee MRI","MR LOWER EXT JNT W/O CONTRAST","","",outpatient,Medicare,Medicare,6220.0,negotiated_dollar,238.47,reliable
"Northside Hospital Atlanta",json,"Knee MRI","MR LOWER EXT JNT W/O CONTRAST","","",outpatient,"CLEAR SPRINGS EON HEALTH","CLEAR SPRINGS EON HEALTH",6220.0,negotiated_dollar,238.47,reliable
"Northside Hospital Atlanta",json,"Knee MRI","MR LOWER EXT JNT W/O CONTRAST","","",outpatient,"VA CCN","VA CCN",6220.0,negotiated_dollar,238.47,reliable
"Northside Hospital Atlanta",json,"Knee MRI","MR LOWER EXT JNT W/O CONTRAST","","",inpatient,BCBS,"BCBS PRUDT BUYER",6220.0,negotiated_dollar,4335.34,reliable
"Northside Hospital Atlanta",json,"Knee MRI","MR LOWER EXT JNT W/O CONTRAST","","",inpatient,"Beech Steet","Beech Street",6220.0,negotiated_dollar,5287.0,reliable
"Northside Hospital Atlanta",json,"Knee MRI","MR LOWER EXT JNT W/O CONTRAST","","",inpatient,CareIQ,CareIQ,6220.0,negotiated_dollar,6220.0,reliable
"Northside Hospital Atlanta",json,"Knee MRI","MR LOWER EXT JNT W/O CONTRAST","","",inpatient,CareSource,"CareSource MarketPlace",6220.0,negotiated_dollar,2313.84,reliable
"Northside Hospital Atlanta",json,"Knee MRI","MR LOWER EXT JNT W/O CONTRAST","","",inpatient,"Dekalb_Department of Health","Dekalb_Department of Health",6220.0,negotiated_dollar,6220.0,reliable
"Northside Hospital Atlanta",json,"Knee MRI","MR LOWER EXT JNT W/O CONTRAST","","",inpatient,FIFA,FIFA,6220.0,negotiated_dollar,6220.0,reliable
"Northside Hospital Atlanta",json,"Knee MRI","MR LOWER EXT JNT W/O CONTRAST","","",inpatient,Coventry,"First Health and Coventry National",6220.0,negotiated_dollar,4229.6,reliable
"Northside Hospital Atlanta",json,"Knee MRI","MR LOWER EXT JNT W/O CONTRAST","","",inpatient,"Georgia Reproductive Specialists","Georgia Reproductive Specialists (SGF)",6220.0,negotiated_dollar,2488.0,reliable
"Northside Hospital Atlanta",json,"Knee MRI","MR LOWER EXT JNT W/O CONTRAST","","",inpatient,Multiplan,"Multiplan PPO",6220.0,negotiated_dollar,5287.0,reliable
"Northside Hospital Atlanta",json,"Knee MRI","MR LOWER EXT JNT W/O CONTRAST","","",inpatient,"Multiplan Workers Comp","Multiplan Workers Comp",6220.0,negotiated_dollar,5287.0,reliable
"Northside Hospital Atlanta",json,"Knee MRI","MR LOWER EXT JNT W/O CONTRAST","","",inpatient,NovaNet_PPO,NovaNet_PPO,6220.0,negotiated_dollar,4354.0,reliable
"Northside Hospital Atlanta",json,"Knee MRI","MR LOWER EXT JNT W/O CONTRAST","","",inpatient,"Quick Trip","Quick Trip",6220.0,negotiated_dollar,3421.0,reliable
"Northside Hospital Atlanta",json,"Knee MRI","MR LOWER EXT JNT W/O CONTRAST","","",inpatient,"Rabun County BOC","Rabun County BOC",6220.0,negotiated_dollar,6220.0,reliable
"Northside Hospital Atlanta",json,"Knee MRI","MR LOWER EXT JNT W/O CONTRAST","","",outpatient,Aetna,"Aetna HMO/POS/PPO",6220.0,negotiated_dollar,2300.0,reliable
"Northside Hospital Atlanta",json,"Knee MRI","MR LOWER EXT JNT W/O CONTRAST","","",outpatient,Aetna,"Aetna HMO/POS/PPO-G",6220.0,negotiated_dollar,2300.0,reliable
"Northside Hospital Atlanta",json,"Knee MRI","MR LOWER EXT JNT W/O CONTRAST","","",outpatient,Aetna,"Aetna HMO/POS/PPO-Q",6220.0,negotiated_dollar,2300.0,reliable
"Northside Hospital Atlanta",json,"Knee MRI","MR LOWER EXT JNT W/O CONTRAST","","",outpatient,Aetna,"Aetna Whole Health",6220.0,negotiated_dollar,1658.0,reliable
"Northside Hospital Atlanta",json,"Knee MRI","MR LOWER EXT JNT W/O CONTRAST","","",outpatient,Aetna,"Aetna Whole Health-G",6220.0,negotiated_dollar,1658.0,reliable
"Northside Hospital Atlanta",json,"Knee MRI","MR LOWER EXT JNT W/O CONTRAST","","",outpatient,Centene,"Ambetter PAR",6220.0,negotiated_dollar,1150.68,reliable
"Northside Hospital Atlanta",json,"Knee MRI","MR LOWER EXT JNT W/O CONTRAST","","",outpatient,BCBS,"BCBS PRUDT BUYER",6220.0,negotiated_dollar,4335.34,reliable
"Northside Hospital Atlanta",json,"Knee MRI","MR LOWER EXT JNT W/O CONTRAST","","",outpatient,BCBS,BCBS_HMO,6220.0,negotiated_dollar,3645.0,reliable
"Northside Hospital Atlanta",json,"Knee MRI","MR LOWER EXT JNT W/O CONTRAST","","",outpatient,BCBS,BCBS_HMO-L,6220.0,negotiated_dollar,3645.0,reliable
"Northside Hospital Atlanta",json,"Knee MRI","MR LOWER EXT JNT W/O CONTRAST","","",outpatient,BCBS,BCBS_PATHWAY,6220.0,negotiated_dollar,1511.0,reliable
"Northside Hospital Atlanta",json,"Knee MRI","MR LOWER EXT JNT W/O CONTRAST","","",outpatient,BCBS,"Blue HPN-L",6220.0,negotiated_dollar,2369.0,reliable
"Northside Hospital Atlanta",json,"Knee MRI","MR LOWER EXT JNT W/O CONTRAST","","",outpatient,CareIQ,CareIQ,6220.0,negotiated_dollar,6220.0,reliable
"Northside Hospital Atlanta",json,"Knee MRI","MR LOWER EXT JNT W/O CONTRAST","","",outpatient,CareSource,CareSource,6220.0,negotiated_dollar,1164.04,reliable
"Northside Hospital Atlanta",json,"Knee MRI","MR LOWER EXT JNT W/O CONTRAST","","",outpatient,CareSource,"CareSource MarketPlace",6220.0,negotiated_dollar,2313.84,reliable
"Northside Hospital Atlanta",json,"Knee MRI","MR LOWER EXT JNT W/O CONTRAST","","",outpatient,Amerigroup,"Amerigroup Medicaid",6220.0,negotiated_dollar,1130.13,reliable
"Northside Hospital Atlanta",json,"Knee MRI","MR LOWER EXT JNT W/O CONTRAST","","",outpatient,Amerigroup,"Amerigroup Medicare Advantage",6220.0,negotiated_dollar,1005.72,reliable
"Northside Hospital Atlanta",json,"Knee MRI","MR LOWER EXT JNT W/O CONTRAST","","",outpatient,"Authentic 4D","Authentic 4D",6220.0,negotiated_dollar,569.87,reliable
"Northside Hospital Atlanta",json,"Knee MRI","MR LOWER EXT JNT W/O CONTRAST","","",outpatient,BCBS,BCBS_PATHWAY-L,6220.0,negotiated_dollar,1511.0,reliable
"Northside Hospital Atlanta",json,"Knee MRI","MR LOWER EXT JNT W/O CONTRAST","","",outpatient,BCBS,BCBS_PPO,6220.0,negotiated_dollar,3645.0,reliable
"Northside Hospital Atlanta",json,"Knee MRI","MR LOWER EXT JNT W/O CONTRAST","","",outpatient,BCBS,BCBS_PPO-L,6220.0,negotiated_dollar,3645.0,reliable
"Northside Hospital Atlanta",json,"Knee MRI","MR LOWER EXT JNT W/O CONTRAST","","",outpatient,"Beech Steet","Beech Street",6220.0,negotiated_dollar,5287.0,reliable
"Northside Hospital Atlanta",json,"Knee MRI","MR LOWER EXT JNT W/O CONTRAST","","",outpatient,BCBS,"Blue HPN",6220.0,negotiated_dollar,2369.0,reliable
"Northside Hospital Atlanta",json,"Knee MRI","MR LOWER EXT JNT W/O CONTRAST","","",outpatient,"CHAMPUS VA","CHAMPUS VA",6220.0,negotiated_dollar,138.15,reliable
"Northside Hospital Atlanta",json,"Knee MRI","MR LOWER EXT JNT W/O CONTRAST","","",outpatient,Cigna,Cigna,6220.0,negotiated_dollar,1581.0,reliable
"Northside Hospital Atlanta",json,"Knee MRI","MR LOWER EXT JNT W/O CONTRAST","","",outpatient,Cigna,Cigna-G,6220.0,negotiated_dollar,1581.0,reliable
"Northside Hospital Atlanta",json,"Knee MRI","MR LOWER EXT JNT W/O CONTRAST","","",outpatient,Cigna,Cigna-H,6220.0,negotiated_dollar,1581.0,reliable
"Northside Hospital Atlanta",json,"Knee MRI","MR LOWER EXT JNT W/O CONTRAST","","",outpatient,Cigna,Cigna-L,6220.0,negotiated_dollar,1581.0,reliable
"Northside Hospital Atlanta",json,"Knee MRI","MR LOWER EXT JNT W/O CONTRAST","","",outpatient,Cigna,"CIGNA HealthSprings Medicare Advantage",6220.0,negotiated_dollar,1015.39,reliable
"Northside Hospital Atlanta",json,"Knee MRI","MR LOWER EXT JNT W/O CONTRAST","","",outpatient,"Corvel Workers Comp","Corvel Workers Comp",6220.0,negotiated_dollar,601.53,reliable
"Northside Hospital Atlanta",json,"Knee MRI","MR LOWER EXT JNT W/O CONTRAST","","",outpatient,"Dekalb_Department of Health","Dekalb_Department of Health",6220.0,negotiated_dollar,6220.0,reliable
"Northside Hospital Atlanta",json,"Knee MRI","MR LOWER EXT JNT W/O CONTRAST","","",outpatient,"Direct Pay Provider Network LLC","Direct Pay Provider Network LLC",6220.0,negotiated_dollar,482.0,reliable
"Northside Hospital Atlanta",json,"Knee MRI","MR LOWER EXT JNT W/O CONTRAST","","",outpatient,"Employers Choice Network","Employers Choice Network",6220.0,negotiated_dollar,601.53,reliable
"Northside Hospital Atlanta",json,"Knee MRI","MR LOWER EXT JNT W/O CONTRAST","","",outpatient,"Fairly Group","Fairly Group",6220.0,negotiated_dollar,482.0,reliable
"Northside Hospital Atlanta",json,"Knee MRI","MR LOWER EXT JNT W/O CONTRAST","","",outpatient,"Fieldale Farms WC","Fieldale Farms WC",6220.0,negotiated_dollar,633.19,reliable
"Northside Hospital Atlanta",json,"Knee MRI","MR LOWER EXT JNT W/O CONTRAST","","",outpatient,FIFA,FIFA,6220.0,negotiated_dollar,6220.0,reliable
"Northside Hospital Atlanta",json,"Knee MRI","MR LOWER EXT JNT W/O CONTRAST","","",outpatient,Coventry,"First Health and Coventry National",6220.0,negotiated_dollar,3732.0,reliable
"Northside Hospital Atlanta",json,"Knee MRI","MR LOWER EXT JNT W/O CONTRAST","","",outpatient,"Genex/Priority Care Solutions","Genex/Priority Care Solutions",6220.0,negotiated_dollar,506.55,reliable
"Northside Hospital Atlanta",json,"Knee MRI","MR LOWER EXT JNT W/O CONTRAST","","",outpatient,"Georgia Reproductive Specialists","Georgia Reproductive Specialists (SGF)",6220.0,negotiated_dollar,2488.0,reliable
"Northside Hospital Atlanta",json,"Knee MRI","MR LOWER EXT JNT W/O CONTRAST","","",outpatient,"Georgia Workers Compensation","Georgia Workers Comp",6220.0,negotiated_dollar,633.19,reliable
"Northside Hospital Atlanta",json,"Knee MRI","MR LOWER EXT JNT W/O CONTRAST","","",outpatient,"Good Samaritan Radiology","Good Samaritan Radiology",6220.0,negotiated_dollar,1243.14,reliable
"Northside Hospital Atlanta",json,"Knee MRI","MR LOWER EXT JNT W/O CONTRAST","","",outpatient,"Health One Alliance_PPO","Health One Alliance_PPO",6220.0,negotiated_dollar,700.0,reliable
"Northside Hospital Atlanta",json,"Knee MRI","MR LOWER EXT JNT W/O CONTRAST","","",outpatient,HomeLink,HomeLink,6220.0,negotiated_dollar,364.57,reliable
"Northside Hospital Atlanta",json,"Knee MRI","MR LOWER EXT JNT W/O CONTRAST","","",outpatient,"Institutional 115 Percent_Georgia Medicaid","Institutional 115 Percent_Georgia Medicaid",6220.0,negotiated_dollar,1299.65,reliable
"Northside Hospital Atlanta",json,"Knee MRI","MR LOWER EXT JNT W/O CONTRAST","","",outpatient,"Institutional GA Medicaid","Institutional GA Medicaid",6220.0,negotiated_dollar,1130.13,reliable
"Northside Hospital Atlanta",json,"Knee MRI","MR LOWER EXT JNT W/O CONTRAST","","",outpatient,"Institutional Marietta Surgery Center","Institutional Marietta Surgery Center",6220.0,negotiated_dollar,6220.0,reliable
"Northside Hospital Atlanta",json,"Knee MRI","MR LOWER EXT JNT W/O CONTRAST","","",outpatient,"Institutional Veterans Evaluation Services","Institutional Veterans Evaluation Services",6220.0,negotiated_dollar,6220.0,reliable
"Northside Hospital Atlanta",json,"Knee MRI","MR LOWER EXT JNT W/O CONTRAST","","",outpatient,Kaiser,"Kaiser Dual Choice PPO",6220.0,negotiated_dollar,1961.0,reliable
"Northside Hospital Atlanta",json,"Knee MRI","MR LOWER EXT JNT W/O CONTRAST","","",outpatient,Kaiser,"Kaiser Dual Choice PPO-AGA",6220.0,negotiated_dollar,1961.0,reliable
"Northside Hospital Atlanta",json,"Knee MRI","MR LOWER EXT JNT W/O CONTRAST","","",outpatient,Kaiser,"Kaiser Dual Choice PPO-BARIATRIC",6220.0,negotiated_dollar,1961.0,reliable
"Northside Hospital Atlanta",json,"Knee MRI","MR LOWER EXT JNT W/O CONTRAST","","",outpatient,Kaiser,"Kaiser Dual Choice PPO-GCS",6220.0,negotiated_dollar,1961.0,reliable
"Northside Hospital Atlanta",json,"Knee MRI","MR LOWER EXT JNT W/O CONTRAST","","",outpatient,Kaiser,"Kaiser Dual Choice PPO-GPG/NOAS",6220.0,negotiated_dollar,1961.0,reliable
"Northside Hospital Atlanta",json,"Knee MRI","MR LOWER EXT JNT W/O CONTRAST","","",outpatient,Kaiser,"Kaiser Dual Choice PPO-GYNONC",6220.0,negotiated_dollar,1961.0,reliable
"Northside Hospital Atlanta",json,"Knee MRI","MR LOWER EXT JNT W/O CONTRAST","","",outpatient,Kaiser,"Kaiser Dual Choice PPO-MELANOMA",6220.0,negotiated_dollar,1961.0,reliable
"Northside Hospital Atlanta",json,"Knee MRI","MR LOWER EXT JNT W/O CONTRAST","","",outpatient,Kaiser,"Kaiser Dual Choice PPO-NAPS/CVG/NPCPS/UPS",6220.0,negotiated_dollar,1961.0,reliable
"Northside Hospital Atlanta",json,"Knee MRI","MR LOWER EXT JNT W/O CONTRAST","","",outpatient,Kaiser,"Kaiser Dual Choice PPO-THOR SURG",6220.0,negotiated_dollar,1961.0,reliable
"Northside Hospital Atlanta",json,"Knee MRI","MR LOWER EXT JNT W/O CONTRAST","","",outpatient,Kaiser,"Kaiser Dual Choice PPO-VASC SURG",6220.0,negotiated_dollar,1961.0,reliable
"Northside Hospital Atlanta",json,"Knee MRI","MR LOWER EXT JNT W/O CONTRAST","","",outpatient,Kaiser,Kaiser_HMO,6220.0,negotiated_dollar,1678.0,reliable
"Northside Hospital Atlanta",json,"Knee MRI","MR LOWER EXT JNT W/O CONTRAST","","",outpatient,Kaiser,Kaiser_HMO-AGA,6220.0,negotiated_dollar,1678.0,reliable
"Northside Hospital Atlanta",json,"Knee MRI","MR LOWER EXT JNT W/O CONTRAST","","",outpatient,Kaiser,Kaiser_HMO-BARIATRIC,6220.0,negotiated_dollar,1678.0,reliable
"Northside Hospital Atlanta",json,"Knee MRI","MR LOWER EXT JNT W/O CONTRAST","","",outpatient,Kaiser,Kaiser_HMO-GCS,6220.0,negotiated_dollar,1678.0,reliable
"Northside Hospital Atlanta",json,"Knee MRI","MR LOWER EXT JNT W/O CONTRAST","","",outpatient,Kaiser,Kaiser_HMO-GPG/NOAS,6220.0,negotiated_dollar,1678.0,reliable
"Northside Hospital Atlanta",json,"Knee MRI","MR LOWER EXT JNT W/O CONTRAST","","",outpatient,Kaiser,Kaiser_HMO-GYNONC,6220.0,negotiated_dollar,1678.0,reliable
"Northside Hospital Atlanta",json,"Knee MRI","MR LOWER EXT JNT W/O CONTRAST","","",outpatient,Kaiser,Kaiser_HMO-MELANOMA,6220.0,negotiated_dollar,1678.0,reliable
"Northside Hospital Atlanta",json,"Knee MRI","MR LOWER EXT JNT W/O CONTRAST","","",outpatient,Kaiser,Kaiser_HMO-NAPS/CVG/NPCPS/UPS,6220.0,negotiated_dollar,1678.0,reliable
"Northside Hospital Atlanta",json,"Knee MRI","MR LOWER EXT JNT W/O CONTRAST","","",outpatient,Kaiser,"Kaiser_HMO-VASC SURG",6220.0,negotiated_dollar,1678.0,reliable
"Northside Hospital Atlanta",json,"Knee MRI","MR LOWER EXT JNT W/O CONTRAST","","",outpatient,Kaiser,Kaiser_SF,6220.0,negotiated_dollar,1491.0,reliable
"Northside Hospital Atlanta",json,"Knee MRI","MR LOWER EXT JNT W/O CONTRAST","","",outpatient,Kaiser,Kaiser_SF-AGA,6220.0,negotiated_dollar,1491.0,reliable
"Northside Hospital Atlanta",json,"Knee MRI","MR LOWER EXT JNT W/O CONTRAST","","",outpatient,Kaiser,Kaiser_SF-BARIATRIC,6220.0,negotiated_dollar,1491.0,reliable
"Northside Hospital Atlanta",json,"Knee MRI","MR LOWER EXT JNT W/O CONTRAST","","",outpatient,Kaiser,Kaiser_SF-GCS,6220.0,negotiated_dollar,1491.0,reliable
"Northside Hospital Atlanta",json,"Knee MRI","MR LOWER EXT JNT W/O CONTRAST","","",outpatient,Kaiser,Kaiser_SF-GPG/NOAS,6220.0,negotiated_dollar,1491.0,reliable
"Northside Hospital Atlanta",json,"Knee MRI","MR LOWER EXT JNT W/O CONTRAST","","",outpatient,Kaiser,Kaiser_SF-GYNONC,6220.0,negotiated_dollar,1491.0,reliable
"Northside Hospital Atlanta",json,"Knee MRI","MR LOWER EXT JNT W/O CONTRAST","","",outpatient,Kaiser,Kaiser_SF-MELANOMA,6220.0,negotiated_dollar,1491.0,reliable
"Northside Hospital Atlanta",json,"Knee MRI","MR LOWER EXT JNT W/O CONTRAST","","",outpatient,Kaiser,Kaiser_SF-NAPS/CVG/NPCPS/UPS,6220.0,negotiated_dollar,1491.0,reliable
"Northside Hospital Atlanta",json,"Knee MRI","MR LOWER EXT JNT W/O CONTRAST","","",outpatient,Kaiser,"Kaiser_SF-THOR SURG",6220.0,negotiated_dollar,1491.0,reliable
"Northside Hospital Atlanta",json,"Knee MRI","MR LOWER EXT JNT W/O CONTRAST","","",outpatient,Kaiser,"Kaiser_SF-VASC SURG",6220.0,negotiated_dollar,1491.0,reliable
"Northside Hospital Atlanta",json,"Knee MRI","MR LOWER EXT JNT W/O CONTRAST","","",outpatient,"Med Care Solutions","Med Care Solutions",6220.0,negotiated_dollar,750.0,reliable
"Northside Hospital Atlanta",json,"Knee MRI","MR LOWER EXT JNT W/O CONTRAST","","",outpatient,"MedLien Healthcare Services","MedLien Healthcare Services",6220.0,negotiated_dollar,675.0,reliable
"Northside Hospital Atlanta",json,"Knee MRI","MR LOWER EXT JNT W/O CONTRAST","","",outpatient,MTI,MTI,6220.0,negotiated_dollar,343.12,reliable
"Northside Hospital Atlanta",json,"Knee MRI","MR LOWER EXT JNT W/O CONTRAST","","",outpatient,Multiplan,"Multiplan PPO",6220.0,negotiated_dollar,5287.0,reliable
"Northside Hospital Atlanta",json,"Knee MRI","MR LOWER EXT JNT W/O CONTRAST","","",outpatient,"Multiplan Workers Comp","Multiplan Workers Comp",6220.0,negotiated_dollar,5287.0,reliable
"Northside Hospital Atlanta",json,"Knee MRI","MR LOWER EXT JNT W/O CONTRAST","","",outpatient,"Northside Health Network","Northside Health Network",6220.0,negotiated_dollar,1982.0,reliable
"Northside Hospital Atlanta",json,"Knee MRI","MR LOWER EXT JNT W/O CONTRAST","","",outpatient,"Northside Health Network","Northside Health Network-S",6220.0,negotiated_dollar,1982.0,reliable
"Northside Hospital Atlanta",json,"Knee MRI","MR LOWER EXT JNT W/O CONTRAST","","",outpatient,NovaNet_PPO,NovaNet_PPO,6220.0,negotiated_dollar,4354.0,reliable
"Northside Hospital Atlanta",json,"Knee MRI","MR LOWER EXT JNT W/O CONTRAST","","",outpatient,"One Call Diagnostics","One Call Diagnostics",6220.0,negotiated_dollar,305.0,reliable
"Northside Hospital Atlanta",json,"Knee MRI","MR LOWER EXT JNT W/O CONTRAST","","",outpatient,Oscar,Oscar,6220.0,negotiated_dollar,1170.75,reliable
"Northside Hospital Atlanta",json,"Knee MRI","MR LOWER EXT JNT W/O CONTRAST","","",outpatient,Centene,"Peach State Medicaid",6220.0,negotiated_dollar,1130.13,reliable
"Northside Hospital Atlanta",json,"Knee MRI","MR LOWER EXT JNT W/O CONTRAST","","",outpatient,Centene,"Peach State Medicare",6220.0,negotiated_dollar,1273.06,reliable
"Northside Hospital Atlanta",json,"Knee MRI","MR LOWER EXT JNT W/O CONTRAST","","",outpatient,PHCS,PHCS,6220.0,negotiated_dollar,4665.0,reliable
"Northside Hospital Atlanta",json,"Knee MRI","MR LOWER EXT JNT W/O CONTRAST","","",outpatient,"Quick Trip","Quick Trip",6220.0,negotiated_dollar,3421.0,reliable
"Northside Hospital Atlanta",json,"Knee MRI","MR LOWER EXT JNT W/O CONTRAST","","",outpatient,"Rabun County BOC","Rabun County BOC",6220.0,negotiated_dollar,6220.0,reliable
"Northside Hospital Atlanta",json,"Knee MRI","MR LOWER EXT JNT W/O CONTRAST","","",outpatient,Spreemo,Spreemo,6220.0,negotiated_dollar,506.55,reliable
"Northside Hospital Atlanta",json,"Knee MRI","MR LOWER EXT JNT W/O CONTRAST","","",outpatient,"Streamline Imaging","Streamline Imaging",6220.0,negotiated_dollar,307.0,reliable
"Northside Hospital Atlanta",json,"Knee MRI","MR LOWER EXT JNT W/O CONTRAST","","",outpatient,Tricare,Tricare,6220.0,negotiated_dollar,242.35,reliable
"Northside Hospital Atlanta",json,"Knee MRI","MR LOWER EXT JNT W/O CONTRAST","","",outpatient,"Truths Community","Truths Community",6220.0,negotiated_dollar,1199.0,reliable
"Northside Hospital Atlanta",json,"Knee MRI","MR LOWER EXT JNT W/O CONTRAST","","",outpatient,UHC,"UHC GA Individual Exchange",6220.0,negotiated_dollar,1915.0,reliable
"Northside Hospital Atlanta",json,"Knee MRI","MR LOWER EXT JNT W/O CONTRAST","","",outpatient,UHC,"UHC Heritage Select",6220.0,negotiated_dollar,2065.0,reliable
"Northside Hospital Atlanta",json,"Knee MRI","MR LOWER EXT JNT W/O CONTRAST","","",outpatient,UHC,"UHC HMO/POS/PPO",6220.0,negotiated_dollar,2367.0,reliable
"Northside Hospital Atlanta",json,"Knee MRI","MR LOWER EXT JNT W/O CONTRAST","","",outpatient,UHC,"UHC HMO/POS/PPO-G",6220.0,negotiated_dollar,2367.0,reliable
"Northside Hospital Atlanta",json,"Knee MRI","MR LOWER EXT JNT W/O CONTRAST","","",outpatient,UHC,"UHC HMO/POS/PPO-T",6220.0,negotiated_dollar,2367.0,reliable
"Piedmont Atlanta Hospital",zip_csv,"Knee MRI","HC MRI Lwr Ext Jnt WO Cntrst","","",both,"BLUE CROSS [10001]","Blue Cross HMO",5052.3,unavailable,,reliable
"Piedmont Atlanta Hospital",zip_csv,"Knee MRI","HC MRI Lwr Ext Jnt WO Cntrst","","",both,"BEECHSTREET [10800]",Beechstreet,5052.3,negotiated_dollar,4041.84,reliable
"Piedmont Atlanta Hospital",zip_csv,"Knee MRI","HC MRI Lwr Ext Jnt WO Cntrst","","",both,"UNITED HEALTHCARE EXCHANGE  [11110]","United Healthcare Exchange",5052.3,negotiated_dollar,583.68,reliable
"Piedmont Atlanta Hospital",zip_csv,"Knee MRI","HC MRI Lwr Ext Jnt WO Cntrst","","",both,"KAISER [10500]",Kaiser,5052.3,negotiated_dollar,3738.7,reliable
"Piedmont Atlanta Hospital",zip_csv,"Knee MRI","HC MRI Lwr Ext Jnt WO Cntrst","","",both,"UHC [10700]","United Healthcare",5052.3,negotiated_dollar,583.68,reliable
"Piedmont Atlanta Hospital",zip_csv,"Knee MRI","HC MRI Lwr Ext Jnt WO Cntrst","","",both,"PHCS [10601]",PHCS,5052.3,negotiated_dollar,3536.61,reliable
"Piedmont Atlanta Hospital",zip_csv,"Knee MRI","HC MRI Lwr Ext Jnt WO Cntrst","","",both,"BLUE CROSS [10001]","Blue Cross PPO",5052.3,unavailable,,reliable
"Piedmont Atlanta Hospital",zip_csv,"Knee MRI","HC MRI Lwr Ext Jnt WO Cntrst","","",both,"CIGNA [10200]",Cigna,5052.3,negotiated_dollar,955.0,reliable
"Piedmont Atlanta Hospital",zip_csv,"Knee MRI","HC MRI Lwr Ext Jnt WO Cntrst","","",both,"AETNA [10100]","Aetna PPO",5052.3,negotiated_dollar,2260.0,reliable
"Piedmont Atlanta Hospital",zip_csv,"Knee MRI","HC MRI Lwr Ext Jnt WO Cntrst","","",both,"PEACH STATE MEDICAID [20101]","Peach State Medicaid",5052.3,negotiated_dollar,605.27,reliable
"Piedmont Atlanta Hospital",zip_csv,"Knee MRI","HC MRI Lwr Ext Jnt WO Cntrst","","",both,"CIGNA GEORGIA CIGNA CONNECT  [11107]","Cigna Connect",5052.3,negotiated_dollar,683.0,reliable
"Piedmont Atlanta Hospital",zip_csv,"Knee MRI","HC MRI Lwr Ext Jnt WO Cntrst","","",both,"AETNA [10100]","Aetna HMO",5052.3,negotiated_dollar,2260.0,reliable
"Piedmont Atlanta Hospital",zip_csv,"Knee MRI","HC MRI Lwr Ext Jnt WO Cntrst","","",both,"CARESOURCE MEDICAID [20104]","Caresource Medicaid",5052.3,negotiated_dollar,605.27,reliable
"Piedmont Atlanta Hospital",zip_csv,"Knee MRI","HC MRI Lwr Ext Jnt WO Cntrst","","",both,"FIRST HEALTH [10303]","First Health",5052.3,negotiated_dollar,3536.61,reliable
"Piedmont Atlanta Hospital",zip_csv,"Knee MRI","HC MRI Lwr Ext Jnt WO Cntrst","","",both,"AMERIGROUP MEDICAID [20100]",Amerigroup,5052.3,negotiated_dollar,576.47,reliable
"Piedmont Atlanta Hospital",zip_csv,"Knee MRI","HC MRI Lwr Ext Jnt WO Cntrst","","",both,"NOVANET [10819]",Novanet,5052.3,negotiated_dollar,3789.23,reliable
"Piedmont Atlanta Hospital",zip_csv,"Knee MRI","HC MRI Lwr Ext Jnt WO Cntrst","","",both,"MULTIPLAN [10600]",Multiplan,5052.3,negotiated_dollar,4294.46,reliable
"Piedmont Atlanta Hospital",zip_csv,"Knee MRI","HC MRI Lwr Ext Jnt WO Cntrst","","",both,"ALLIANT HEALTH PLANS OF GEORGIA [10952]",Alliant,5052.3,negotiated_dollar,1248.0,reliable
"Wellstar Kennestone Hospital",csv_flat,"Knee MRI","Hc Mri Extremity Lower Any Joint W/O Contrast",facility,"",both,"","",520.0,unavailable,,low_confidence
"Wellstar Kennestone Hospital",csv_flat,"Knee MRI","Hc Mri Extremity Lower Any Joint W/O Contrast",facility,"",both,"","",3972.0,unavailable,,low_confidence
"Wellstar Kennestone Hospital",csv_flat,"Knee MRI","Hc Mri Extremity Lower Any Joint W/O Contrast",facility,"",both,"","",3972.0,unavailable,,low_confidence
"Wellstar Kennestone Hospital",csv_flat,"Knee MRI","Mri jnt of lwr extre w/o dye",facility,"",outpatient,Aetna,Hmo/Pos/Ppo,,negotiated_dollar,507.52,low_confidence
"Wellstar Kennestone Hospital",csv_flat,"Knee MRI","Mri jnt of lwr extre w/o dye",facility,"",outpatient,Cigna,Hmo,,negotiated_dollar,388.11,low_confidence
"Wellstar Kennestone Hospital",csv_flat,"Knee MRI","Mri jnt of lwr extre w/o dye",facility,"",outpatient,Cigna,Ppo,,negotiated_dollar,388.11,low_confidence
"Wellstar Kennestone Hospital",csv_flat,"Knee MRI","Mri jnt of lwr extre w/o dye",facility,"",outpatient,Bcbs,Hmo/Pos,,negotiated_dollar,909.77,low_confidence
"Wellstar Kennestone Hospital",csv_flat,"Knee MRI","Mri jnt of lwr extre w/o dye",facility,"",outpatient,Bcbs,"Shbp Other Commercial Plan",,negotiated_dollar,718.08,low_confidence
"Wellstar Kennestone Hospital",csv_flat,"Knee MRI","Mri jnt of lwr extre w/o dye",facility,"",outpatient,Aetna,"Medicare Managed Care Plan",,negotiated_dollar,242.35,low_confidence
"Wellstar Kennestone Hospital",csv_flat,"Knee MRI","Mri jnt of lwr extre w/o dye",facility,"",outpatient,Ambetter,"Select Exchange",,negotiated_dollar,426.54,low_confidence
"Wellstar Kennestone Hospital",csv_flat,"Knee MRI","Mri jnt of lwr extre w/o dye",facility,"",outpatient,Bcbs,"Medicare Managed Care Plan",,negotiated_dollar,247.2,low_confidence
"Wellstar Kennestone Hospital",csv_flat,"Knee MRI","Mri jnt of lwr extre w/o dye",facility,"",outpatient,Caresource,Exchange,,negotiated_dollar,475.01,low_confidence
"Wellstar Kennestone Hospital",csv_flat,"Knee MRI","Mri jnt of lwr extre w/o dye",facility,"",outpatient,Caresource,"Medicare Managed Care Plan",,negotiated_dollar,259.32,low_confidence
"Wellstar Kennestone Hospital",csv_flat,"Knee MRI","Mri jnt of lwr extre w/o dye",facility,"",outpatient,Cigna,"Medicare Managed Care Plan",,negotiated_dollar,254.47,low_confidence
"Wellstar Kennestone Hospital",csv_flat,"Knee MRI","Mri jnt of lwr extre w/o dye",facility,"",outpatient,"Oscar Healthplan",Exchange,,negotiated_dollar,448.35,low_confidence
